timestamp,jumlah_orang,jarak_terdekat_m,durasi_terlama_s,skor_urgensi,status_mentah,status_stabil
2026-09-10T16:56:57,0,15.0,0.0,0.0,aman,aman
2026-09-10T16:56:57,0,15.0,0.0,0.0,aman,aman
2026-09-10T16:56:58,0,15.0,0.0,0.0,aman,aman
2026-09-10T16:56:58,0,15.0,0.0,0.0,aman,aman
2026-09-10T16:56:59,0,15.0,0.0,0.0,aman,aman
2026-09-10T16:56:59,1,9.0,0.0,15.6,aman,aman
2026-09-10T16:56:59,1,9.0,0.5,15.6,aman,aman
2026-09-10T16:57:00,1,9.0,0.9,15.6,aman,aman
2026-09-10T16:57:00,1,9.0,1.3,15.6,aman,aman
2026-09-10T16:57:01,1,9.0,1.7,15.6,aman,aman
2026-09-10T16:57:01,1,9.0,2.2,15.6,aman,aman
2026-09-10T16:57:02,1,9.0,2.6,15.6,aman,aman
2026-09-10T16:57:02,1,8.9,3.0,15.6,aman,aman
2026-09-10T16:57:02,1,8.8,3.5,15.6,aman,aman
2026-09-10T16:57:03,1,8.8,3.9,15.6,aman,aman
2026-09-10T16:57:03,1,8.6,4.4,15.6,aman,aman
2026-09-10T16:57:04,1,8.4,4.8,15.6,aman,aman
2026-09-10T16:57:04,1,8.2,5.2,15.6,aman,aman
2026-09-10T16:57:05,1,8.0,5.7,15.6,aman,aman
2026-09-10T16:57:05,1,7.9,6.1,16.8,aman,aman
2026-09-10T16:57:06,1,7.6,6.5,22.0,aman,aman
2026-09-10T16:57:06,1,7.3,7.0,25.7,aman,aman
2026-09-10T16:57:06,1,7.5,7.4,23.8,aman,aman
2026-09-10T16:57:07,1,7.0,7.8,29.8,aman,aman
2026-09-10T16:57:07,1,6.8,8.3,31.9,aman,aman
2026-09-10T16:57:08,1,7.0,8.7,29.0,aman,aman
2026-09-10T16:57:08,1,6.7,9.1,32.9,aman,aman
2026-09-10T16:57:09,1,6.3,9.6,36.5,siaga,aman
2026-09-10T16:57:09,1,6.5,10.0,34.6,siaga,siaga
2026-09-10T16:57:09,1,6.0,10.5,39.5,siaga,siaga
2026-09-10T16:57:10,1,6.0,10.9,38.9,siaga,siaga
2026-09-10T16:57:10,1,5.7,11.3,42.4,siaga,siaga
2026-09-10T16:57:11,1,5.5,11.8,44.4,siaga,siaga
2026-09-10T16:57:11,1,5.4,12.2,45.4,siaga,siaga
2026-09-10T16:57:12,1,5.0,12.6,50.0,siaga,siaga
2026-09-10T16:57:12,1,5.0,13.1,50.0,siaga,siaga
2026-09-10T16:57:12,1,4.6,13.5,50.0,siaga,siaga
2026-09-10T16:57:13,1,4.6,13.9,50.0,siaga,siaga
2026-09-10T16:57:13,1,4.3,14.4,50.0,siaga,siaga
2026-09-10T16:57:14,1,3.9,14.8,52.6,siaga,siaga
2026-09-10T16:57:14,1,3.6,15.3,57.4,siaga,siaga
2026-09-10T16:57:15,1,3.4,15.7,61.7,siaga,siaga
2026-09-10T16:57:15,1,3.1,16.1,65.9,siaga,siaga
2026-09-10T16:57:16,1,2.9,16.6,69.8,bahaya,siaga
2026-09-10T16:57:16,1,2.9,17.0,69.4,bahaya,bahaya
2026-09-10T16:57:16,1,2.6,17.4,74.0,bahaya,bahaya
2026-09-10T16:57:17,1,2.6,17.9,74.1,bahaya,bahaya
2026-09-10T16:57:17,1,2.3,18.3,79.0,bahaya,bahaya
2026-09-10T16:57:18,1,2.1,18.7,83.5,bahaya,bahaya
2026-09-10T16:57:18,1,2.1,19.2,83.5,bahaya,bahaya
2026-09-10T16:57:19,1,2.0,19.6,84.1,bahaya,bahaya
2026-09-10T16:57:19,1,2.0,20.0,84.4,bahaya,bahaya
2026-09-10T16:57:19,1,2.0,20.5,84.4,bahaya,bahaya
2026-09-10T16:57:20,1,2.0,20.9,84.4,bahaya,bahaya
2026-09-10T16:57:20,1,2.0,21.3,84.4,bahaya,bahaya
2026-09-10T16:57:21,1,2.0,21.8,84.4,bahaya,bahaya
2026-09-10T16:57:21,1,2.0,22.2,84.4,bahaya,bahaya
2026-09-10T16:57:22,1,2.0,22.6,84.4,bahaya,bahaya
2026-09-10T16:57:22,1,2.0,23.1,84.4,bahaya,bahaya
2026-09-10T16:57:23,1,2.0,23.5,84.4,bahaya,bahaya
2026-09-10T16:57:23,1,2.0,24.0,84.4,bahaya,bahaya
2026-09-10T16:57:23,1,2.0,24.5,84.4,bahaya,bahaya
2026-09-10T16:57:24,1,2.0,24.9,84.4,bahaya,bahaya
2026-09-10T16:57:24,1,2.0,25.4,84.4,bahaya,bahaya
2026-09-10T16:57:25,1,2.0,25.8,84.4,bahaya,bahaya
2026-09-10T16:57:25,1,2.0,26.2,84.4,bahaya,bahaya
2026-09-10T16:57:26,1,2.0,26.7,84.4,bahaya,bahaya
2026-09-10T16:57:26,1,2.0,27.1,84.4,bahaya,bahaya
2026-09-10T16:57:27,1,2.0,27.5,84.4,bahaya,bahaya
2026-09-10T16:57:27,1,2.2,28.0,80.6,bahaya,bahaya
2026-09-10T16:57:27,1,2.4,28.4,77.1,bahaya,bahaya
2026-09-10T16:57:28,1,2.6,28.8,74.9,bahaya,bahaya
2026-09-10T16:57:28,1,2.6,29.3,74.5,bahaya,bahaya
2026-09-10T16:57:29,1,2.6,29.8,74.5,bahaya,bahaya
2026-09-10T16:57:29,1,2.6,30.2,73.7,bahaya,bahaya
2026-09-10T16:57:30,1,2.9,30.6,70.3,bahaya,bahaya
2026-09-10T16:57:30,1,2.8,31.1,70.8,bahaya,bahaya
2026-09-10T16:57:31,1,3.1,31.5,67.0,bahaya,bahaya
2026-09-10T16:57:31,1,3.3,32.0,63.3,siaga,bahaya
2026-09-10T16:57:31,1,3.3,32.4,63.3,siaga,bahaya
2026-09-10T17:05:14,0,15.0,0.0,0.0,aman,aman
2026-09-10T17:05:14,0,15.0,0.0,0.0,aman,aman
2026-09-10T17:05:15,1,9.0,0.0,15.6,aman,aman
2026-09-10T17:05:15,1,9.0,0.5,15.6,aman,aman
2026-09-10T17:05:15,1,8.9,1.0,15.6,aman,aman
2026-09-10T17:05:16,1,8.9,1.4,15.6,aman,aman
2026-09-10T17:05:16,1,9.0,1.9,15.6,aman,aman
2026-09-10T17:05:17,1,9.0,2.4,15.6,aman,aman
2026-09-10T17:05:17,1,9.0,2.8,15.6,aman,aman
2026-09-10T17:05:18,1,8.9,3.3,15.6,aman,aman
2026-09-10T17:05:18,1,9.0,3.8,15.6,aman,aman
2026-09-10T17:05:19,1,8.9,4.2,15.6,aman,aman
2026-09-10T17:05:19,1,8.9,4.6,15.6,aman,aman
2026-09-10T17:05:20,1,8.9,5.1,15.6,aman,aman
2026-09-10T17:05:20,1,9.0,5.5,15.6,aman,aman
2026-09-10T17:05:21,1,8.9,6.0,15.6,aman,aman
2026-09-10T17:05:21,1,8.9,6.5,15.6,aman,aman
2026-09-10T17:05:21,1,8.9,7.0,15.6,aman,aman
2026-09-10T17:05:22,1,9.0,7.4,15.6,aman,aman
2026-09-10T17:05:22,1,8.9,7.9,15.6,aman,aman
2026-09-10T17:05:23,1,8.9,8.3,15.6,aman,aman
2026-09-10T17:05:23,1,9.0,8.8,15.6,aman,aman
2026-09-10T17:05:24,1,8.8,9.2,15.6,aman,aman
2026-09-10T17:05:24,1,8.9,9.7,15.6,aman,aman
2026-09-10T17:05:25,1,9.0,10.2,15.6,aman,aman
2026-09-10T17:05:25,1,9.0,10.6,15.6,aman,aman
2026-09-10T17:05:26,1,8.9,11.1,15.6,aman,aman
2026-09-10T17:05:26,1,8.9,11.5,15.6,aman,aman
2026-09-10T17:05:27,1,8.8,12.1,15.6,aman,aman
2026-09-10T17:05:27,1,9.0,12.5,15.6,aman,aman
2026-09-10T17:05:28,1,8.9,13.0,15.6,aman,aman
2026-09-10T17:05:28,1,8.8,13.4,15.6,aman,aman
2026-09-10T17:05:28,1,8.8,13.9,15.6,aman,aman
2026-09-10T17:05:29,1,8.9,14.3,15.6,aman,aman
2026-09-10T17:05:29,1,8.9,14.8,15.6,aman,aman
2026-09-10T17:05:30,1,8.9,15.3,15.6,aman,aman
2026-09-10T17:05:30,1,8.9,15.7,15.6,aman,aman
2026-09-10T17:05:31,1,8.9,16.2,15.6,aman,aman
2026-09-10T17:05:31,1,9.0,16.6,15.6,aman,aman
2026-09-10T17:05:32,1,8.9,17.1,15.6,aman,aman
2026-09-10T17:05:32,1,9.0,17.5,15.6,aman,aman
2026-09-10T17:05:32,1,8.9,18.0,15.6,aman,aman
2026-09-10T17:13:26,0,15.0,0.0,0.0,aman,aman
2026-09-10T17:13:30,0,15.0,0.0,0.0,aman,aman
2026-09-10T17:13:31,1,9.0,0.0,15.6,aman,aman
2026-09-10T17:13:32,1,9.0,0.5,15.6,aman,aman
2026-09-10T17:13:32,1,9.0,1.2,15.6,aman,aman
2026-09-10T17:13:33,1,9.0,1.8,15.6,aman,aman
2026-09-10T17:13:34,1,9.0,2.3,15.6,aman,aman
2026-09-10T17:13:34,1,9.0,2.8,15.6,aman,aman
2026-09-10T17:13:35,1,9.0,3.8,15.6,aman,aman
2026-09-10T17:13:36,1,9.0,4.5,15.6,aman,aman
2026-09-10T17:13:37,1,9.0,5.5,15.6,aman,aman
2026-09-10T17:13:38,0,15.0,0.0,0.0,aman,aman
2026-09-10T17:13:39,0,15.0,0.0,0.0,aman,aman
2026-09-10T17:13:40,0,15.0,0.0,0.0,aman,aman
2026-09-10T17:13:40,1,9.0,0.0,15.6,aman,aman
2026-09-10T17:13:41,1,9.0,0.6,15.6,aman,aman
2026-09-10T17:13:41,1,9.0,1.2,15.6,aman,aman
2026-09-10T17:13:42,1,9.0,1.8,15.6,aman,aman
2026-09-10T17:13:43,1,9.0,2.3,15.6,aman,aman
2026-09-10T17:13:43,1,9.0,2.9,15.6,aman,aman
2026-09-10T17:13:45,1,9.0,4.7,15.6,aman,aman
2026-09-10T17:13:46,1,9.0,5.5,15.6,aman,aman
2026-09-10T17:13:46,1,9.0,6.1,15.6,aman,aman
2026-09-10T17:13:47,1,9.0,6.9,15.6,aman,aman
2026-09-10T17:13:48,1,8.6,7.7,15.6,aman,aman
2026-09-10T17:13:49,1,8.1,8.4,15.6,aman,aman
2026-09-10T17:13:49,1,7.5,9.0,23.2,aman,aman
2026-09-10T17:13:50,1,7.2,9.6,27.2,aman,aman
2026-09-10T17:13:51,1,6.8,10.5,31.6,aman,aman
2026-09-10T17:13:51,1,6.0,11.0,39.6,siaga,aman
2026-09-10T17:13:52,1,6.0,12.1,39.3,siaga,siaga
2026-09-10T17:13:53,1,5.8,12.9,40.8,siaga,siaga
2026-09-10T17:13:54,1,5.4,13.5,45.2,siaga,siaga
2026-09-10T17:13:54,1,5.0,14.3,50.0,siaga,siaga
2026-09-10T17:13:55,1,4.6,15.1,50.0,siaga,siaga
2026-09-10T17:13:56,1,3.7,15.8,55.1,siaga,siaga
2026-09-10T17:13:57,1,3.8,16.4,54.8,siaga,siaga
2026-09-10T17:13:57,1,3.3,17.2,62.7,siaga,siaga
2026-09-10T17:13:58,1,2.9,17.7,69.2,bahaya,siaga
2026-09-10T17:13:59,1,2.8,18.4,72.0,bahaya,bahaya
2026-09-10T17:13:59,1,2.4,19.0,76.9,bahaya,bahaya
2026-09-10T17:14:00,1,2.4,19.7,77.7,bahaya,bahaya
2026-09-10T17:14:00,1,2.1,20.3,82.5,bahaya,bahaya
2026-09-10T17:14:01,1,2.0,20.8,84.4,bahaya,bahaya
2026-09-10T17:14:02,1,2.0,21.4,84.4,bahaya,bahaya
2026-09-10T17:14:02,1,2.0,21.9,84.4,bahaya,bahaya
2026-09-10T17:14:03,1,2.0,22.5,84.4,bahaya,bahaya
2026-09-10T17:14:03,1,2.0,23.0,84.4,bahaya,bahaya
2026-09-10T17:14:04,1,2.0,23.9,84.4,bahaya,bahaya
2026-09-10T17:14:05,1,2.0,24.8,84.4,bahaya,bahaya
2026-09-10T17:14:06,1,2.0,25.5,84.4,bahaya,bahaya
2026-09-10T17:14:07,1,2.0,26.5,84.4,bahaya,bahaya
2026-09-10T17:14:07,1,2.0,27.3,84.4,bahaya,bahaya
2026-09-10T17:14:08,1,2.0,27.8,84.4,bahaya,bahaya
2026-09-10T17:14:09,1,2.0,28.4,84.4,bahaya,bahaya
2026-09-10T17:14:09,1,2.0,28.9,84.4,bahaya,bahaya
2026-09-10T17:14:10,1,2.0,29.5,84.4,bahaya,bahaya
2026-09-10T17:14:10,1,2.0,30.1,84.4,bahaya,bahaya
2026-09-10T17:14:11,1,2.0,30.6,84.4,bahaya,bahaya
2026-09-10T17:14:12,1,2.0,31.4,84.4,bahaya,bahaya
2026-09-10T17:14:13,1,2.0,32.4,84.4,bahaya,bahaya
2026-09-10T17:14:13,1,2.0,33.2,84.4,bahaya,bahaya
2026-09-10T17:14:14,1,2.0,34.2,84.4,bahaya,bahaya
2026-09-10T17:14:15,1,2.0,34.7,84.4,bahaya,bahaya
2026-09-10T17:14:15,1,2.0,35.3,84.4,bahaya,bahaya
2026-09-10T17:14:16,1,2.0,36.0,84.4,bahaya,bahaya
2026-09-10T17:14:17,1,2.0,37.1,84.4,bahaya,bahaya
2026-09-10T17:14:18,1,2.0,37.9,84.4,bahaya,bahaya
2026-09-10T17:14:19,1,2.0,39.0,84.4,bahaya,bahaya
2026-09-25T18:26:31,0,15.0,0.0,0.0,aman,aman
2026-09-25T18:30:33,1,2.7,0.0,73.4,bahaya,aman
2026-09-25T18:30:50,1,2.4,17.0,77.6,bahaya,bahaya
2026-09-25T19:22:23,0,15.0,0.0,0.0,aman,aman
2026-09-25T19:22:44,0,15.0,0.0,0.0,aman,aman
2026-09-25T19:23:00,0,15.0,0.0,0.0,aman,aman
2026-09-25T19:23:17,0,15.0,0.0,0.0,aman,aman
2026-09-25T19:23:33,0,15.0,0.0,0.0,aman,aman
2026-09-25T19:23:49,0,15.0,0.0,0.0,aman,aman
2026-09-25T19:24:06,0,15.0,0.0,0.0,aman,aman
2026-09-25T19:24:22,0,15.0,0.0,0.0,aman,aman
2026-09-25T19:24:39,0,15.0,0.0,0.0,aman,aman
2026-09-25T19:24:56,0,15.0,0.0,0.0,aman,aman
2026-09-25T19:25:12,0,15.0,0.0,0.0,aman,aman
2026-09-25T19:25:28,0,15.0,0.0,0.0,aman,aman
2026-09-25T19:25:45,0,15.0,0.0,0.0,aman,aman
2026-09-25T19:26:01,1,2.0,0.0,84.4,bahaya,aman
2026-09-25T19:26:18,1,2.0,0.0,84.4,bahaya,bahaya
2026-09-25T19:26:34,1,2.0,16.9,84.4,bahaya,bahaya
2026-09-25T19:26:51,0,15.0,0.0,0.0,aman,bahaya
2026-09-25T19:27:07,0,15.0,0.0,0.0,aman,bahaya
2026-09-25T19:27:24,0,15.0,0.0,0.0,aman,aman
2026-09-25T20:24:58,0,15.0,0.0,0.0,aman,aman
2026-09-25T20:25:05,0,15.0,0.0,0.0,aman,aman
2026-09-25T20:25:08,0,15.0,0.0,0.0,aman,aman
2026-09-25T20:25:10,0,15.0,0.0,0.0,aman,aman
2026-09-25T20:25:13,0,15.0,0.0,0.0,aman,aman
2026-09-25T20:25:15,0,15.0,0.0,0.0,aman,aman
2026-09-25T20:25:17,0,15.0,0.0,0.0,aman,aman
2026-09-25T20:25:20,0,15.0,0.0,0.0,aman,aman
2026-09-25T20:25:23,0,15.0,0.0,0.0,aman,aman
2026-09-25T20:25:27,0,15.0,0.0,0.0,aman,aman
2026-09-25T20:25:30,0,15.0,0.0,0.0,aman,aman
2026-09-25T20:25:33,0,15.0,0.0,0.0,aman,aman
2026-09-25T20:25:35,0,15.0,0.0,0.0,aman,aman
2026-09-25T20:25:38,0,15.0,0.0,0.0,aman,aman
2026-09-25T20:25:40,0,15.0,0.0,0.0,aman,aman
2026-09-25T20:25:43,0,15.0,0.0,0.0,aman,aman
2026-09-25T20:25:45,0,15.0,0.0,0.0,aman,aman
2026-09-25T20:25:48,0,15.0,0.0,0.0,aman,aman
2026-09-25T20:25:50,0,15.0,0.0,0.0,aman,aman
2026-09-25T20:25:53,0,15.0,0.0,0.0,aman,aman
2026-09-25T20:25:55,0,15.0,0.0,0.0,aman,aman
2026-09-25T20:25:58,0,15.0,0.0,0.0,aman,aman
2026-09-25T20:29:17,0,15.0,0.0,0.0,aman,aman
2026-09-25T20:29:21,0,15.0,0.0,0.0,aman,aman
2026-09-25T20:29:24,0,15.0,0.0,0.0,aman,aman
2026-09-25T20:29:26,0,15.0,0.0,0.0,aman,aman
2026-09-25T20:29:28,0,15.0,0.0,0.0,aman,aman
2026-09-25T20:29:31,0,15.0,0.0,0.0,aman,aman
2026-09-25T20:29:33,0,15.0,0.0,0.0,aman,aman
2026-09-25T20:29:36,0,15.0,0.0,0.0,aman,aman
2026-09-25T20:29:38,0,15.0,0.0,0.0,aman,aman
2026-09-25T20:29:41,0,15.0,0.0,0.0,aman,aman
2026-09-25T20:29:43,0,15.0,0.0,0.0,aman,aman
2026-09-25T20:29:45,0,15.0,0.0,0.0,aman,aman
2026-09-25T20:29:48,0,15.0,0.0,0.0,aman,aman
2026-09-25T20:29:50,0,15.0,0.0,0.0,aman,aman
2026-09-25T20:29:53,0,15.0,0.0,0.0,aman,aman
2026-09-25T20:29:55,0,15.0,0.0,0.0,aman,aman
2026-09-25T20:29:58,0,15.0,0.0,0.0,aman,aman
2026-09-25T20:30:00,0,15.0,0.0,0.0,aman,aman
2026-09-25T20:30:03,0,15.0,0.0,0.0,aman,aman
2026-09-25T20:30:05,0,15.0,0.0,0.0,aman,aman
2026-09-25T20:30:07,0,15.0,0.0,0.0,aman,aman
2026-09-25T20:30:10,0,15.0,0.0,0.0,aman,aman
2026-09-25T20:30:12,0,15.0,0.0,0.0,aman,aman
2026-09-25T20:30:15,0,15.0,0.0,0.0,aman,aman
2026-09-25T20:30:17,0,15.0,0.0,0.0,aman,aman
2026-09-25T20:30:19,0,15.0,0.0,0.0,aman,aman
2026-09-25T20:30:22,0,15.0,0.0,0.0,aman,aman
2026-09-25T20:30:24,0,15.0,0.0,0.0,aman,aman
2026-09-25T20:30:27,0,15.0,0.0,0.0,aman,aman
2026-09-25T20:30:29,0,15.0,0.0,0.0,aman,aman
2026-09-25T20:30:31,0,15.0,0.0,0.0,aman,aman
2026-09-25T20:30:34,0,15.0,0.0,0.0,aman,aman
2026-09-25T20:30:36,0,15.0,0.0,0.0,aman,aman
2026-09-25T20:30:39,0,15.0,0.0,0.0,aman,aman
2026-09-25T20:30:41,0,15.0,0.0,0.0,aman,aman
2026-09-25T20:30:43,0,15.0,0.0,0.0,aman,aman
2026-09-25T20:30:46,0,15.0,0.0,0.0,aman,aman
2026-09-25T20:30:48,0,15.0,0.0,0.0,aman,aman
2026-09-25T20:30:51,0,15.0,0.0,0.0,aman,aman
2026-09-25T20:30:53,0,15.0,0.0,0.0,aman,aman
2026-09-25T20:30:55,0,15.0,0.0,0.0,aman,aman
2026-09-25T20:30:58,0,15.0,0.0,0.0,aman,aman
2026-09-25T20:31:00,0,15.0,0.0,0.0,aman,aman
2026-09-25T20:31:03,0,15.0,0.0,0.0,aman,aman
2026-09-25T20:31:06,0,15.0,0.0,0.0,aman,aman
2026-09-25T20:31:08,0,15.0,0.0,0.0,aman,aman
2026-09-25T20:31:10,0,15.0,0.0,0.0,aman,aman
2026-09-25T20:31:13,0,15.0,0.0,0.0,aman,aman
2026-09-25T20:31:15,0,15.0,0.0,0.0,aman,aman
2026-09-25T20:31:18,0,15.0,0.0,0.0,aman,aman
2026-09-25T20:31:20,0,15.0,0.0,0.0,aman,aman
2026-09-25T20:31:23,0,15.0,0.0,0.0,aman,aman
2026-09-25T20:31:25,0,15.0,0.0,0.0,aman,aman
2026-09-25T20:31:27,1,2.0,0.0,84.4,bahaya,aman
2026-09-25T20:31:30,1,2.0,2.4,84.4,bahaya,bahaya
2026-09-25T20:31:32,1,2.0,4.8,83.0,bahaya,bahaya
2026-09-25T20:31:35,1,2.0,7.3,82.2,bahaya,bahaya
2026-09-25T20:31:37,0,15.0,0.0,0.0,aman,bahaya
2026-09-25T20:31:40,1,2.0,0.0,84.4,bahaya,bahaya
2026-09-25T20:31:42,1,2.4,2.4,77.5,bahaya,bahaya
2026-09-25T20:31:44,1,3.6,4.8,58.6,siaga,bahaya
2026-09-25T20:31:47,1,4.6,7.2,50.0,siaga,bahaya
2026-09-25T20:31:49,1,5.2,9.6,48.0,siaga,siaga
2026-09-25T20:31:52,1,5.0,12.0,49.8,siaga,siaga
2026-09-25T20:31:54,1,4.0,14.4,51.0,siaga,siaga
2026-09-25T20:31:56,1,2.3,16.8,79.6,bahaya,siaga
2026-09-25T20:31:59,0,15.0,0.0,0.0,aman,siaga
2026-09-25T20:32:01,0,15.0,0.0,0.0,aman,siaga
2026-09-25T20:32:04,0,15.0,0.0,0.0,aman,aman
2026-09-25T20:32:06,0,15.0,0.0,0.0,aman,aman
2026-09-25T20:32:08,0,15.0,0.0,0.0,aman,aman
2026-09-25T20:32:11,0,15.0,0.0,0.0,aman,aman
2026-09-25T20:32:13,0,15.0,0.0,0.0,aman,aman
2026-09-25T20:32:15,0,15.0,0.0,0.0,aman,aman
2026-09-25T20:32:18,0,15.0,0.0,0.0,aman,aman
2026-09-25T20:32:20,0,15.0,0.0,0.0,aman,aman
2026-09-25T20:32:23,0,15.0,0.0,0.0,aman,aman
2026-09-25T20:32:25,0,15.0,0.0,0.0,aman,aman
2026-09-25T20:32:27,0,15.0,0.0,0.0,aman,aman
2026-09-25T20:32:30,0,15.0,0.0,0.0,aman,aman
2026-09-25T20:32:32,0,15.0,0.0,0.0,aman,aman
2026-09-25T20:32:35,0,15.0,0.0,0.0,aman,aman
2026-09-25T20:32:37,0,15.0,0.0,0.0,aman,aman
2026-09-25T20:32:39,0,15.0,0.0,0.0,aman,aman
2026-09-25T20:32:42,0,15.0,0.0,0.0,aman,aman
2026-09-25T20:32:44,0,15.0,0.0,0.0,aman,aman
2026-09-25T20:32:46,0,15.0,0.0,0.0,aman,aman
2026-09-25T20:32:49,0,15.0,0.0,0.0,aman,aman
2026-09-25T20:32:51,0,15.0,0.0,0.0,aman,aman
2026-09-25T20:32:54,0,15.0,0.0,0.0,aman,aman
2026-09-25T20:32:56,0,15.0,0.0,0.0,aman,aman
2026-09-25T20:32:58,0,15.0,0.0,0.0,aman,aman
2026-09-25T20:33:01,0,15.0,0.0,0.0,aman,aman
2026-09-25T20:33:03,0,15.0,0.0,0.0,aman,aman
2026-09-25T20:33:05,1,2.0,0.0,84.4,bahaya,aman
2026-09-25T20:33:08,1,2.0,2.4,84.4,bahaya,bahaya
2026-09-25T20:33:10,1,2.0,4.9,82.9,bahaya,bahaya
2026-09-25T20:33:13,0,15.0,0.0,0.0,aman,bahaya
2026-09-25T20:33:15,1,2.3,0.0,79.6,bahaya,bahaya
2026-09-25T20:33:18,1,2.0,2.4,84.4,bahaya,bahaya
2026-09-25T20:33:20,1,2.0,4.7,82.4,bahaya,bahaya
2026-09-25T20:33:22,0,15.0,0.0,0.0,aman,bahaya
2026-09-25T20:33:25,0,15.0,0.0,0.0,aman,bahaya
2026-09-25T20:33:27,0,15.0,0.0,0.0,aman,aman
2026-09-25T20:33:30,0,15.0,0.0,0.0,aman,aman
2026-09-25T20:33:32,0,15.0,0.0,0.0,aman,aman
2026-09-25T20:33:34,0,15.0,0.0,0.0,aman,aman
2026-09-25T20:33:37,0,15.0,0.0,0.0,aman,aman
2026-09-25T20:33:39,0,15.0,0.0,0.0,aman,aman
2026-09-25T20:33:41,0,15.0,0.0,0.0,aman,aman
2026-09-25T20:33:44,0,15.0,0.0,0.0,aman,aman
2026-09-25T20:33:46,0,15.0,0.0,0.0,aman,aman
2026-09-25T20:33:49,0,15.0,0.0,0.0,aman,aman
2026-09-25T20:33:51,0,15.0,0.0,0.0,aman,aman
2026-09-25T20:33:53,0,15.0,0.0,0.0,aman,aman
2026-09-25T20:33:56,0,15.0,0.0,0.0,aman,aman
2026-09-25T20:33:58,0,15.0,0.0,0.0,aman,aman
2026-09-25T20:34:01,0,15.0,0.0,0.0,aman,aman
2026-09-25T20:34:03,0,15.0,0.0,0.0,aman,aman
2026-09-25T20:34:05,0,15.0,0.0,0.0,aman,aman
2026-09-25T20:34:08,0,15.0,0.0,0.0,aman,aman
2026-09-25T20:34:11,1,2.0,0.0,84.4,bahaya,aman
2026-09-25T20:34:13,1,4.0,0.0,50.0,siaga,aman
2026-09-25T20:34:15,1,5.0,2.5,49.5,siaga,siaga
2026-09-25T20:34:18,1,5.0,4.9,50.0,siaga,siaga
2026-09-25T20:34:20,1,5.1,7.3,47.6,siaga,siaga
2026-09-25T20:34:23,1,5.1,9.7,48.5,siaga,siaga
2026-09-25T20:34:25,1,5.0,12.0,49.8,siaga,siaga
2026-09-25T20:34:27,1,5.0,14.4,49.5,siaga,siaga
2026-09-25T20:34:30,1,5.0,16.9,49.7,siaga,siaga
2026-09-25T20:34:32,1,5.1,19.3,49.2,siaga,siaga
2026-09-25T20:34:35,1,4.7,21.7,50.0,siaga,siaga
2026-09-25T20:34:37,1,3.8,24.1,55.0,siaga,siaga
2026-09-25T20:34:39,1,3.7,26.5,55.8,siaga,siaga
2026-09-25T20:34:42,1,3.7,28.9,55.6,siaga,siaga
2026-09-25T20:34:44,1,3.7,31.3,55.7,siaga,siaga
2026-09-25T20:34:47,1,3.7,33.8,55.6,siaga,siaga
2026-09-25T20:34:49,1,3.7,36.2,56.3,siaga,siaga
2026-09-25T20:34:52,1,3.8,38.6,54.6,siaga,siaga
2026-09-25T20:34:54,1,3.7,41.0,55.6,siaga,siaga
2026-09-25T20:34:56,1,3.7,43.4,55.8,siaga,siaga
2026-09-25T20:34:59,1,3.7,45.8,56.4,siaga,siaga
2026-09-25T20:35:01,1,3.7,48.1,56.4,siaga,siaga
2026-09-25T20:35:03,1,3.8,50.5,54.4,siaga,siaga
2026-09-25T20:35:06,1,3.7,52.9,55.6,siaga,siaga
2026-09-25T20:35:08,1,2.5,55.4,76.6,bahaya,siaga
2026-09-25T20:35:11,1,2.2,57.8,81.4,bahaya,bahaya
2026-09-25T20:35:13,1,2.2,60.3,80.9,bahaya,bahaya
2026-09-25T20:35:16,1,2.1,62.7,81.9,bahaya,bahaya
2026-09-25T20:35:18,1,2.2,65.0,80.6,bahaya,bahaya
2026-09-25T20:35:20,1,2.2,67.5,81.3,bahaya,bahaya
2026-09-25T20:35:23,1,2.2,69.9,81.4,bahaya,bahaya
2026-09-25T20:35:25,1,2.0,0.0,84.4,bahaya,bahaya
2026-09-25T20:35:28,0,15.0,0.0,0.0,aman,bahaya
2026-09-25T20:35:30,0,15.0,0.0,0.0,aman,bahaya
2026-09-25T20:35:32,0,15.0,0.0,0.0,aman,aman
2026-09-25T20:35:35,0,15.0,0.0,0.0,aman,aman
2026-09-25T20:35:37,0,15.0,0.0,0.0,aman,aman
2026-09-25T20:35:40,0,15.0,0.0,0.0,aman,aman
2026-09-25T20:35:42,0,15.0,0.0,0.0,aman,aman
2026-09-25T20:35:44,0,15.0,0.0,0.0,aman,aman
2026-09-25T20:35:47,0,15.0,0.0,0.0,aman,aman
2026-09-25T20:35:49,0,15.0,0.0,0.0,aman,aman
2026-09-25T20:35:52,0,15.0,0.0,0.0,aman,aman
2026-09-25T20:35:54,0,15.0,0.0,0.0,aman,aman
2026-09-25T20:35:56,0,15.0,0.0,0.0,aman,aman
2026-09-25T20:35:59,0,15.0,0.0,0.0,aman,aman
2026-09-25T20:36:01,0,15.0,0.0,0.0,aman,aman
2026-09-25T20:36:04,0,15.0,0.0,0.0,aman,aman
2026-09-25T20:36:06,0,15.0,0.0,0.0,aman,aman
2026-09-25T20:36:08,0,15.0,0.0,0.0,aman,aman
2026-09-25T20:36:11,0,15.0,0.0,0.0,aman,aman
2026-09-25T20:36:13,0,15.0,0.0,0.0,aman,aman
2026-09-25T20:36:15,0,15.0,0.0,0.0,aman,aman
2026-09-25T20:36:18,0,15.0,0.0,0.0,aman,aman
2026-09-25T20:36:20,0,15.0,0.0,0.0,aman,aman
2026-09-25T20:36:23,0,15.0,0.0,0.0,aman,aman
2026-09-25T20:36:25,0,15.0,0.0,0.0,aman,aman
2026-09-25T20:36:27,0,15.0,0.0,0.0,aman,aman
2026-09-25T20:36:30,0,15.0,0.0,0.0,aman,aman
2026-09-25T20:36:32,0,15.0,0.0,0.0,aman,aman
2026-09-25T20:36:35,0,15.0,0.0,0.0,aman,aman
2026-09-25T20:36:37,0,15.0,0.0,0.0,aman,aman
2026-09-25T20:36:39,0,15.0,0.0,0.0,aman,aman
2026-09-25T20:36:42,0,15.0,0.0,0.0,aman,aman
2026-09-25T20:36:44,0,15.0,0.0,0.0,aman,aman
2026-09-25T20:36:46,0,15.0,0.0,0.0,aman,aman
2026-09-25T20:36:49,0,15.0,0.0,0.0,aman,aman
2026-09-25T20:36:52,0,15.0,0.0,0.0,aman,aman
2026-09-25T20:36:54,0,15.0,0.0,0.0,aman,aman
2026-09-25T20:36:56,0,15.0,0.0,0.0,aman,aman
2026-09-25T20:36:59,0,15.0,0.0,0.0,aman,aman
2026-09-25T20:37:01,0,15.0,0.0,0.0,aman,aman
2026-09-25T20:37:03,0,15.0,0.0,0.0,aman,aman
2026-09-25T20:37:06,0,15.0,0.0,0.0,aman,aman
2026-09-25T20:37:08,0,15.0,0.0,0.0,aman,aman
2026-09-25T20:37:11,0,15.0,0.0,0.0,aman,aman
2026-09-25T20:37:13,0,15.0,0.0,0.0,aman,aman
2026-09-25T20:37:15,0,15.0,0.0,0.0,aman,aman
2026-09-25T20:37:18,0,15.0,0.0,0.0,aman,aman
2026-09-25T20:37:20,0,15.0,0.0,0.0,aman,aman
2026-09-25T20:37:22,0,15.0,0.0,0.0,aman,aman
2026-09-25T20:37:25,0,15.0,0.0,0.0,aman,aman
2026-09-25T20:37:27,0,15.0,0.0,0.0,aman,aman
2026-09-25T20:37:30,0,15.0,0.0,0.0,aman,aman
2026-09-25T20:37:32,0,15.0,0.0,0.0,aman,aman
2026-09-25T20:37:34,0,15.0,0.0,0.0,aman,aman
2026-09-25T20:37:37,0,15.0,0.0,0.0,aman,aman
2026-09-25T20:37:39,0,15.0,0.0,0.0,aman,aman
2026-09-25T20:37:41,0,15.0,0.0,0.0,aman,aman
2026-09-25T20:37:44,0,15.0,0.0,0.0,aman,aman
2026-09-25T20:37:46,0,15.0,0.0,0.0,aman,aman
2026-09-25T20:37:48,0,15.0,0.0,0.0,aman,aman
2026-09-25T20:37:51,0,15.0,0.0,0.0,aman,aman
2026-09-25T20:37:53,0,15.0,0.0,0.0,aman,aman
2026-09-25T20:37:56,0,15.0,0.0,0.0,aman,aman
2026-09-25T20:37:58,0,15.0,0.0,0.0,aman,aman
2026-09-25T20:38:00,0,15.0,0.0,0.0,aman,aman
2026-09-25T20:38:03,0,15.0,0.0,0.0,aman,aman
2026-09-25T20:38:06,0,15.0,0.0,0.0,aman,aman
2026-09-25T20:38:08,0,15.0,0.0,0.0,aman,aman
2026-09-25T20:38:10,0,15.0,0.0,0.0,aman,aman
2026-09-25T20:38:13,0,15.0,0.0,0.0,aman,aman
2026-09-25T20:38:15,0,15.0,0.0,0.0,aman,aman
2026-09-25T20:38:18,0,15.0,0.0,0.0,aman,aman
2026-09-25T20:38:20,0,15.0,0.0,0.0,aman,aman
2026-09-25T20:38:23,0,15.0,0.0,0.0,aman,aman
2026-09-25T20:38:26,0,15.0,0.0,0.0,aman,aman
2026-09-25T20:38:28,0,15.0,0.0,0.0,aman,aman
2026-09-25T20:38:30,0,15.0,0.0,0.0,aman,aman
2026-09-25T20:38:33,0,15.0,0.0,0.0,aman,aman
2026-09-25T20:38:35,0,15.0,0.0,0.0,aman,aman
2026-09-25T20:38:37,0,15.0,0.0,0.0,aman,aman
2026-09-25T20:38:40,0,15.0,0.0,0.0,aman,aman
2026-09-26T23:13:08,0,15.0,0.0,0.0,aman,aman
2026-09-26T23:31:09,0,15.0,0.0,0.0,aman,aman
2026-09-26T23:31:11,0,15.0,0.0,0.0,aman,aman
2026-09-26T23:31:13,0,15.0,0.0,0.0,aman,aman
2026-09-26T23:31:16,0,15.0,0.0,0.0,aman,aman
2026-09-26T23:31:18,0,15.0,0.0,0.0,aman,aman
2026-09-26T23:31:20,0,15.0,0.0,0.0,aman,aman
2026-09-26T23:31:23,0,15.0,0.0,0.0,aman,aman
2026-09-26T23:31:25,0,15.0,0.0,0.0,aman,aman
2026-09-26T23:31:27,0,15.0,0.0,0.0,aman,aman
2026-09-26T23:31:30,0,15.0,0.0,0.0,aman,aman
2026-09-26T23:31:32,0,15.0,0.0,0.0,aman,aman
2026-09-26T23:31:35,0,15.0,0.0,0.0,aman,aman
2026-09-26T23:31:37,0,15.0,0.0,0.0,aman,aman
2026-09-26T23:31:39,0,15.0,0.0,0.0,aman,aman
2026-09-26T23:31:42,0,15.0,0.0,0.0,aman,aman
2026-09-26T23:31:44,0,15.0,0.0,0.0,aman,aman
2026-09-26T23:31:47,0,15.0,0.0,0.0,aman,aman
2026-09-26T23:31:49,0,15.0,0.0,0.0,aman,aman
2026-09-26T23:31:51,0,15.0,0.0,0.0,aman,aman
2026-09-26T23:31:53,0,15.0,0.0,0.0,aman,aman
2026-09-26T23:31:56,0,15.0,0.0,0.0,aman,aman
2026-09-26T23:31:58,0,15.0,0.0,0.0,aman,aman
2026-09-26T23:32:01,0,15.0,0.0,0.0,aman,aman
2026-09-26T23:32:03,0,15.0,0.0,0.0,aman,aman
2026-09-26T23:32:05,0,15.0,0.0,0.0,aman,aman
2026-09-26T23:32:08,0,15.0,0.0,0.0,aman,aman
2026-09-26T23:32:10,0,15.0,0.0,0.0,aman,aman
2026-09-26T23:32:12,0,15.0,0.0,0.0,aman,aman
2026-09-26T23:32:15,0,15.0,0.0,0.0,aman,aman
2026-09-26T23:32:17,0,15.0,0.0,0.0,aman,aman
2026-09-26T23:32:20,0,15.0,0.0,0.0,aman,aman
2026-09-26T23:32:22,0,15.0,0.0,0.0,aman,aman
2026-09-26T23:32:24,0,15.0,0.0,0.0,aman,aman
2026-09-26T23:32:27,0,15.0,0.0,0.0,aman,aman
2026-09-26T23:32:29,0,15.0,0.0,0.0,aman,aman
2026-09-26T23:32:31,0,15.0,0.0,0.0,aman,aman
2026-09-26T23:32:34,0,15.0,0.0,0.0,aman,aman
2026-09-26T23:32:36,0,15.0,0.0,0.0,aman,aman
2026-09-26T23:32:38,0,15.0,0.0,0.0,aman,aman
2026-09-26T23:32:41,0,15.0,0.0,0.0,aman,aman
2026-09-26T23:32:43,0,15.0,0.0,0.0,aman,aman
2026-09-26T23:32:45,0,15.0,0.0,0.0,aman,aman
2026-09-26T23:32:48,0,15.0,0.0,0.0,aman,aman
2026-09-26T23:32:50,0,15.0,0.0,0.0,aman,aman
2026-09-26T23:32:52,0,15.0,0.0,0.0,aman,aman
2026-09-26T23:32:55,0,15.0,0.0,0.0,aman,aman
2026-09-26T23:32:57,0,15.0,0.0,0.0,aman,aman
2026-09-26T23:32:59,0,15.0,0.0,0.0,aman,aman
2026-09-26T23:33:02,0,15.0,0.0,0.0,aman,aman
2026-09-26T23:33:04,0,15.0,0.0,0.0,aman,aman
2026-09-26T23:33:07,0,15.0,0.0,0.0,aman,aman
2026-09-26T23:33:09,0,15.0,0.0,0.0,aman,aman
2026-09-26T23:33:12,0,15.0,0.0,0.0,aman,aman
2026-09-26T23:33:14,0,15.0,0.0,0.0,aman,aman
2026-09-26T23:33:16,0,15.0,0.0,0.0,aman,aman
2026-09-26T23:33:19,0,15.0,0.0,0.0,aman,aman
2026-09-26T23:33:21,0,15.0,0.0,0.0,aman,aman
2026-09-26T23:33:23,0,15.0,0.0,0.0,aman,aman
2026-09-26T23:33:26,0,15.0,0.0,0.0,aman,aman
2026-09-26T23:33:28,0,15.0,0.0,0.0,aman,aman
2026-09-26T23:33:30,0,15.0,0.0,0.0,aman,aman
2026-09-26T23:33:33,0,15.0,0.0,0.0,aman,aman
2026-09-26T23:33:35,0,15.0,0.0,0.0,aman,aman
2026-09-26T23:33:37,0,15.0,0.0,0.0,aman,aman
2026-09-26T23:33:40,0,15.0,0.0,0.0,aman,aman
2026-09-26T23:33:42,0,15.0,0.0,0.0,aman,aman
2026-09-26T23:33:44,0,15.0,0.0,0.0,aman,aman
2026-09-26T23:33:47,0,15.0,0.0,0.0,aman,aman
2026-09-26T23:33:49,0,15.0,0.0,0.0,aman,aman
2026-09-26T23:33:51,0,15.0,0.0,0.0,aman,aman
2026-09-26T23:33:54,0,15.0,0.0,0.0,aman,aman
2026-09-26T23:33:56,0,15.0,0.0,0.0,aman,aman
2026-09-26T23:33:58,0,15.0,0.0,0.0,aman,aman
2026-09-26T23:34:01,0,15.0,0.0,0.0,aman,aman
2026-09-26T23:34:04,0,15.0,0.0,0.0,aman,aman
2026-09-26T23:34:06,0,15.0,0.0,0.0,aman,aman
2026-09-26T23:34:08,0,15.0,0.0,0.0,aman,aman
2026-09-26T23:34:11,0,15.0,0.0,0.0,aman,aman
2026-09-26T23:34:13,0,15.0,0.0,0.0,aman,aman
2026-09-26T23:34:15,0,15.0,0.0,0.0,aman,aman
2026-09-26T23:34:18,0,15.0,0.0,0.0,aman,aman
2026-09-26T23:34:20,0,15.0,0.0,0.0,aman,aman
2026-09-26T23:34:22,0,15.0,0.0,0.0,aman,aman
2026-09-26T23:34:25,0,15.0,0.0,0.0,aman,aman
2026-09-26T23:34:27,0,15.0,0.0,0.0,aman,aman
2026-09-26T23:34:30,0,15.0,0.0,0.0,aman,aman
2026-09-26T23:34:32,0,15.0,0.0,0.0,aman,aman
2026-09-26T23:34:34,0,15.0,0.0,0.0,aman,aman
2026-09-26T23:34:37,0,15.0,0.0,0.0,aman,aman
2026-09-26T23:34:39,0,15.0,0.0,0.0,aman,aman
2026-09-26T23:34:41,0,15.0,0.0,0.0,aman,aman
2026-09-26T23:34:44,0,15.0,0.0,0.0,aman,aman
2026-09-26T23:34:46,0,15.0,0.0,0.0,aman,aman
2026-09-26T23:34:49,0,15.0,0.0,0.0,aman,aman
2026-09-26T23:34:51,0,15.0,0.0,0.0,aman,aman
2026-09-26T23:34:54,0,15.0,0.0,0.0,aman,aman
2026-09-26T23:34:56,0,15.0,0.0,0.0,aman,aman
2026-09-26T23:34:58,0,15.0,0.0,0.0,aman,aman
2026-09-26T23:35:01,0,15.0,0.0,0.0,aman,aman
2026-09-26T23:35:03,0,15.0,0.0,0.0,aman,aman
2026-09-26T23:35:06,0,15.0,0.0,0.0,aman,aman
2026-09-26T23:35:08,0,15.0,0.0,0.0,aman,aman
2026-09-26T23:35:11,0,15.0,0.0,0.0,aman,aman
2026-09-26T23:35:13,0,15.0,0.0,0.0,aman,aman
2026-09-26T23:35:15,0,15.0,0.0,0.0,aman,aman
2026-09-26T23:35:18,0,15.0,0.0,0.0,aman,aman
2026-09-26T23:35:20,0,15.0,0.0,0.0,aman,aman
2026-09-26T23:35:22,0,15.0,0.0,0.0,aman,aman
2026-09-26T23:35:25,0,15.0,0.0,0.0,aman,aman
2026-09-26T23:35:27,0,15.0,0.0,0.0,aman,aman
2026-09-26T23:35:29,0,15.0,0.0,0.0,aman,aman
2026-09-26T23:35:32,0,15.0,0.0,0.0,aman,aman
2026-09-26T23:35:34,0,15.0,0.0,0.0,aman,aman
2026-09-26T23:35:37,0,15.0,0.0,0.0,aman,aman
2026-09-26T23:35:39,0,15.0,0.0,0.0,aman,aman
2026-09-26T23:35:42,0,15.0,0.0,0.0,aman,aman
2026-09-26T23:35:44,0,15.0,0.0,0.0,aman,aman
2026-09-26T23:35:47,0,15.0,0.0,0.0,aman,aman
2026-09-26T23:35:49,0,15.0,0.0,0.0,aman,aman
2026-09-26T23:35:51,0,15.0,0.0,0.0,aman,aman
2026-09-26T23:35:55,0,15.0,0.0,0.0,aman,aman
2026-09-26T23:35:58,0,15.0,0.0,0.0,aman,aman
2026-09-26T23:36:02,0,15.0,0.0,0.0,aman,aman
2026-09-26T23:36:04,0,15.0,0.0,0.0,aman,aman
2026-09-26T23:36:07,0,15.0,0.0,0.0,aman,aman
2026-09-26T23:36:09,0,15.0,0.0,0.0,aman,aman
2026-09-26T23:36:12,0,15.0,0.0,0.0,aman,aman
2026-09-26T23:36:15,0,15.0,0.0,0.0,aman,aman
2026-09-26T23:36:20,0,15.0,0.0,0.0,aman,aman
2026-09-26T23:36:25,0,15.0,0.0,0.0,aman,aman
2026-09-26T23:36:30,0,15.0,0.0,0.0,aman,aman
2026-09-26T23:36:35,0,15.0,0.0,0.0,aman,aman
2026-09-26T23:36:40,0,15.0,0.0,0.0,aman,aman
2026-09-26T23:36:45,0,15.0,0.0,0.0,aman,aman
2026-09-26T23:36:50,0,15.0,0.0,0.0,aman,aman
2026-09-26T23:36:55,0,15.0,0.0,0.0,aman,aman
2026-09-26T23:37:00,0,15.0,0.0,0.0,aman,aman
2026-09-26T23:37:05,0,15.0,0.0,0.0,aman,aman
2026-09-26T23:37:11,0,15.0,0.0,0.0,aman,aman
2026-09-26T23:37:15,0,15.0,0.0,0.0,aman,aman
2026-09-26T23:37:18,0,15.0,0.0,0.0,aman,aman
2026-09-26T23:37:20,0,15.0,0.0,0.0,aman,aman
2026-09-26T23:37:23,0,15.0,0.0,0.0,aman,aman
2026-09-26T23:37:25,0,15.0,0.0,0.0,aman,aman
2026-09-26T23:37:28,0,15.0,0.0,0.0,aman,aman
2026-09-26T23:37:31,0,15.0,0.0,0.0,aman,aman
2026-09-26T23:37:33,0,15.0,0.0,0.0,aman,aman
2026-09-26T23:37:36,0,15.0,0.0,0.0,aman,aman
2026-09-26T23:37:39,0,15.0,0.0,0.0,aman,aman
2026-09-26T23:37:42,0,15.0,0.0,0.0,aman,aman
2026-09-26T23:37:44,0,15.0,0.0,0.0,aman,aman
2026-09-26T23:37:47,0,15.0,0.0,0.0,aman,aman
2026-09-26T23:37:50,0,15.0,0.0,0.0,aman,aman
2026-09-26T23:37:52,0,15.0,0.0,0.0,aman,aman
2026-09-26T23:37:54,0,15.0,0.0,0.0,aman,aman
2026-09-26T23:37:57,0,15.0,0.0,0.0,aman,aman
2026-09-26T23:37:59,0,15.0,0.0,0.0,aman,aman
2026-09-26T23:38:02,0,15.0,0.0,0.0,aman,aman
2026-09-26T23:38:04,0,15.0,0.0,0.0,aman,aman
2026-09-26T23:38:06,0,15.0,0.0,0.0,aman,aman
2026-09-26T23:38:09,0,15.0,0.0,0.0,aman,aman
2026-09-26T23:38:11,0,15.0,0.0,0.0,aman,aman
2026-09-26T23:38:14,0,15.0,0.0,0.0,aman,aman
2026-09-26T23:38:16,0,15.0,0.0,0.0,aman,aman
2026-09-26T23:38:19,0,15.0,0.0,0.0,aman,aman
2026-09-26T23:38:21,0,15.0,0.0,0.0,aman,aman
2026-09-26T23:38:23,0,15.0,0.0,0.0,aman,aman
2026-09-26T23:38:26,0,15.0,0.0,0.0,aman,aman
2026-09-26T23:38:28,0,15.0,0.0,0.0,aman,aman
2026-09-26T23:38:31,0,15.0,0.0,0.0,aman,aman
2026-09-26T23:38:33,0,15.0,0.0,0.0,aman,aman
2026-09-26T23:38:35,0,15.0,0.0,0.0,aman,aman
2026-09-26T23:38:38,0,15.0,0.0,0.0,aman,aman
2026-09-26T23:38:40,0,15.0,0.0,0.0,aman,aman
2026-09-26T23:38:43,0,15.0,0.0,0.0,aman,aman
2026-09-26T23:38:45,0,15.0,0.0,0.0,aman,aman
2026-09-26T23:38:47,0,15.0,0.0,0.0,aman,aman
2026-09-26T23:38:50,0,15.0,0.0,0.0,aman,aman
2026-09-26T23:38:52,0,15.0,0.0,0.0,aman,aman
2026-09-26T23:38:54,0,15.0,0.0,0.0,aman,aman
2026-09-26T23:38:57,0,15.0,0.0,0.0,aman,aman
2026-09-26T23:38:59,0,15.0,0.0,0.0,aman,aman
2026-09-26T23:39:02,0,15.0,0.0,0.0,aman,aman
2026-09-26T23:39:04,0,15.0,0.0,0.0,aman,aman
2026-09-26T23:39:06,0,15.0,0.0,0.0,aman,aman
2026-09-26T23:39:09,0,15.0,0.0,0.0,aman,aman
2026-09-26T23:39:11,0,15.0,0.0,0.0,aman,aman
2026-09-26T23:39:13,0,15.0,0.0,0.0,aman,aman
2026-09-26T23:39:16,1,2.0,0.0,84.4,bahaya,aman
2026-09-26T23:39:18,1,2.0,2.4,84.4,bahaya,bahaya
2026-09-26T23:39:20,1,2.0,4.8,83.0,bahaya,bahaya
2026-09-26T23:39:23,1,2.0,7.1,82.0,bahaya,bahaya
2026-09-26T23:39:25,1,2.0,9.5,84.0,bahaya,bahaya
2026-09-26T23:39:27,1,2.0,11.8,84.4,bahaya,bahaya
2026-09-26T23:39:30,1,2.0,14.2,84.4,bahaya,bahaya
2026-09-26T23:39:32,1,2.1,16.6,83.3,bahaya,bahaya
2026-09-26T23:39:35,1,2.0,19.0,84.4,bahaya,bahaya
2026-09-26T23:39:37,1,2.0,0.0,84.4,bahaya,bahaya
2026-09-26T23:39:39,0,15.0,0.0,0.0,aman,bahaya
2026-09-26T23:39:42,0,15.0,0.0,0.0,aman,bahaya
2026-09-26T23:39:44,0,15.0,0.0,0.0,aman,aman
2026-09-26T23:39:47,0,15.0,0.0,0.0,aman,aman
2026-09-26T23:39:49,0,15.0,0.0,0.0,aman,aman
2026-09-26T23:39:51,0,15.0,0.0,0.0,aman,aman
2026-09-26T23:39:54,0,15.0,0.0,0.0,aman,aman
2026-09-26T23:39:56,0,15.0,0.0,0.0,aman,aman
2026-09-27T00:20:36,0,15.0,0.0,0.0,aman,aman
2026-09-27T00:20:38,0,15.0,0.0,0.0,aman,aman
2026-09-27T00:20:40,0,15.0,0.0,0.0,aman,aman
2026-09-27T00:20:41,0,15.0,0.0,0.0,aman,aman
2026-09-27T00:20:43,0,15.0,0.0,0.0,aman,aman
2026-09-27T00:20:45,0,15.0,0.0,0.0,aman,aman
2026-09-27T00:20:46,0,15.0,0.0,0.0,aman,aman
2026-09-27T00:20:48,0,15.0,0.0,0.0,aman,aman
2026-09-27T00:20:49,0,15.0,0.0,0.0,aman,aman
2026-09-27T00:20:51,0,15.0,0.0,0.0,aman,aman
2026-09-27T00:20:53,0,15.0,0.0,0.0,aman,aman
2026-09-27T00:20:54,0,15.0,0.0,0.0,aman,aman
2026-09-27T00:20:56,0,15.0,0.0,0.0,aman,aman
2026-09-27T00:20:58,0,15.0,0.0,0.0,aman,aman
2026-09-27T00:20:59,0,15.0,0.0,0.0,aman,aman
2026-09-27T00:21:01,0,15.0,0.0,0.0,aman,aman
2026-09-27T00:21:03,0,15.0,0.0,0.0,aman,aman
2026-09-27T00:21:04,0,15.0,0.0,0.0,aman,aman
2026-09-27T00:21:06,0,15.0,0.0,0.0,aman,aman
2026-09-27T00:21:08,0,15.0,0.0,0.0,aman,aman
2026-09-27T00:21:09,0,15.0,0.0,0.0,aman,aman
2026-09-27T00:21:11,0,15.0,0.0,0.0,aman,aman
2026-09-27T00:21:13,0,15.0,0.0,0.0,aman,aman
2026-09-27T00:21:14,0,15.0,0.0,0.0,aman,aman
2026-09-27T00:21:16,0,15.0,0.0,0.0,aman,aman
2026-09-27T00:21:18,0,15.0,0.0,0.0,aman,aman
2026-09-27T00:21:19,0,15.0,0.0,0.0,aman,aman
2026-09-27T00:21:21,0,15.0,0.0,0.0,aman,aman
2026-09-27T00:21:23,0,15.0,0.0,0.0,aman,aman
2026-09-27T00:21:24,0,15.0,0.0,0.0,aman,aman
2026-09-27T00:21:26,0,15.0,0.0,0.0,aman,aman
2026-09-27T00:21:28,0,15.0,0.0,0.0,aman,aman
2026-09-27T00:21:29,0,15.0,0.0,0.0,aman,aman
2026-09-27T00:21:31,0,15.0,0.0,0.0,aman,aman
2026-09-27T00:21:33,0,15.0,0.0,0.0,aman,aman
2026-09-27T00:21:34,0,15.0,0.0,0.0,aman,aman
2026-09-27T00:21:36,0,15.0,0.0,0.0,aman,aman
2026-09-27T00:21:38,0,15.0,0.0,0.0,aman,aman
2026-09-27T00:21:39,0,15.0,0.0,0.0,aman,aman
2026-09-27T00:21:41,0,15.0,0.0,0.0,aman,aman
2026-09-27T00:21:43,0,15.0,0.0,0.0,aman,aman
2026-09-27T00:21:44,0,15.0,0.0,0.0,aman,aman
2026-09-27T00:21:46,0,15.0,0.0,0.0,aman,aman
2026-09-27T00:21:48,0,15.0,0.0,0.0,aman,aman
2026-09-27T00:21:49,0,15.0,0.0,0.0,aman,aman
2026-09-27T00:21:51,0,15.0,0.0,0.0,aman,aman
2026-09-27T00:21:52,0,15.0,0.0,0.0,aman,aman
2026-09-27T00:21:54,0,15.0,0.0,0.0,aman,aman
2026-09-27T00:21:56,0,15.0,0.0,0.0,aman,aman
2026-09-27T00:21:57,0,15.0,0.0,0.0,aman,aman
2026-09-27T00:21:59,0,15.0,0.0,0.0,aman,aman
2026-09-27T00:22:01,0,15.0,0.0,0.0,aman,aman
2026-09-27T00:22:02,0,15.0,0.0,0.0,aman,aman
2026-09-27T00:22:04,0,15.0,0.0,0.0,aman,aman
2026-09-27T00:22:06,0,15.0,0.0,0.0,aman,aman
2026-09-27T00:22:07,0,15.0,0.0,0.0,aman,aman
2026-09-27T00:22:09,0,15.0,0.0,0.0,aman,aman
2026-09-27T00:22:11,0,15.0,0.0,0.0,aman,aman
2026-09-27T00:22:12,0,15.0,0.0,0.0,aman,aman
2026-09-27T00:22:14,0,15.0,0.0,0.0,aman,aman
2026-09-27T00:22:16,0,15.0,0.0,0.0,aman,aman
2026-09-27T00:22:18,0,15.0,0.0,0.0,aman,aman
2026-09-27T00:22:19,0,15.0,0.0,0.0,aman,aman
2026-09-27T00:22:21,0,15.0,0.0,0.0,aman,aman
2026-09-27T00:22:22,0,15.0,0.0,0.0,aman,aman
2026-09-27T00:22:24,0,15.0,0.0,0.0,aman,aman
2026-09-27T00:22:26,0,15.0,0.0,0.0,aman,aman
2026-09-27T00:22:28,0,15.0,0.0,0.0,aman,aman
2026-09-27T00:22:30,0,15.0,0.0,0.0,aman,aman
2026-09-27T00:22:31,0,15.0,0.0,0.0,aman,aman
2026-09-27T00:22:33,0,15.0,0.0,0.0,aman,aman
2026-09-27T00:22:34,0,15.0,0.0,0.0,aman,aman
2026-09-27T00:22:36,0,15.0,0.0,0.0,aman,aman
2026-09-27T00:22:38,0,15.0,0.0,0.0,aman,aman
2026-09-27T00:22:39,0,15.0,0.0,0.0,aman,aman
2026-09-27T00:22:41,0,15.0,0.0,0.0,aman,aman
2026-09-27T00:22:43,0,15.0,0.0,0.0,aman,aman
2026-09-27T00:22:44,0,15.0,0.0,0.0,aman,aman
2026-09-27T00:22:46,0,15.0,0.0,0.0,aman,aman
2026-09-27T00:22:48,0,15.0,0.0,0.0,aman,aman
2026-09-27T00:22:49,0,15.0,0.0,0.0,aman,aman
2026-09-27T00:22:51,0,15.0,0.0,0.0,aman,aman
2026-09-27T00:22:53,0,15.0,0.0,0.0,aman,aman
2026-09-27T00:22:54,0,15.0,0.0,0.0,aman,aman
2026-09-27T00:22:56,0,15.0,0.0,0.0,aman,aman
2026-09-27T00:22:58,0,15.0,0.0,0.0,aman,aman
2026-09-27T00:22:59,0,15.0,0.0,0.0,aman,aman
2026-09-27T00:23:01,0,15.0,0.0,0.0,aman,aman
2026-09-27T00:23:03,0,15.0,0.0,0.0,aman,aman
2026-09-27T00:23:04,0,15.0,0.0,0.0,aman,aman
2026-09-27T00:23:06,0,15.0,0.0,0.0,aman,aman
2026-09-27T00:23:08,0,15.0,0.0,0.0,aman,aman
2026-09-27T00:23:10,0,15.0,0.0,0.0,aman,aman
2026-09-27T00:23:11,0,15.0,0.0,0.0,aman,aman
2026-09-27T00:23:13,0,15.0,0.0,0.0,aman,aman
2026-09-27T00:23:15,0,15.0,0.0,0.0,aman,aman
2026-09-27T00:23:16,0,15.0,0.0,0.0,aman,aman
2026-09-27T00:23:18,0,15.0,0.0,0.0,aman,aman
2026-09-27T00:23:20,0,15.0,0.0,0.0,aman,aman
2026-09-27T00:23:21,0,15.0,0.0,0.0,aman,aman
2026-09-27T00:23:23,0,15.0,0.0,0.0,aman,aman
2026-09-27T00:23:24,0,15.0,0.0,0.0,aman,aman
2026-09-27T00:23:26,0,15.0,0.0,0.0,aman,aman
2026-09-27T00:23:28,0,15.0,0.0,0.0,aman,aman
2026-09-27T00:23:29,0,15.0,0.0,0.0,aman,aman
2026-09-27T00:23:31,0,15.0,0.0,0.0,aman,aman
2026-09-27T00:23:33,0,15.0,0.0,0.0,aman,aman
2026-09-27T00:23:34,0,15.0,0.0,0.0,aman,aman
2026-09-27T00:23:36,0,15.0,0.0,0.0,aman,aman
2026-09-27T00:23:38,0,15.0,0.0,0.0,aman,aman
2026-09-27T00:23:39,0,15.0,0.0,0.0,aman,aman
2026-09-27T00:23:41,0,15.0,0.0,0.0,aman,aman
2026-09-27T00:23:43,0,15.0,0.0,0.0,aman,aman
2026-09-27T00:23:44,0,15.0,0.0,0.0,aman,aman
2026-09-27T00:23:46,0,15.0,0.0,0.0,aman,aman
2026-09-27T00:23:48,0,15.0,0.0,0.0,aman,aman
2026-09-27T00:23:49,0,15.0,0.0,0.0,aman,aman
2026-09-27T00:23:51,0,15.0,0.0,0.0,aman,aman
2026-09-27T00:23:53,0,15.0,0.0,0.0,aman,aman
2026-09-27T00:23:54,0,15.0,0.0,0.0,aman,aman
2026-09-27T00:23:56,0,15.0,0.0,0.0,aman,aman
2026-09-27T00:23:58,0,15.0,0.0,0.0,aman,aman
2026-09-27T00:23:59,0,15.0,0.0,0.0,aman,aman
2026-09-27T00:24:01,0,15.0,0.0,0.0,aman,aman
2026-09-27T00:24:03,0,15.0,0.0,0.0,aman,aman
2026-09-27T00:24:04,0,15.0,0.0,0.0,aman,aman
2026-09-27T00:24:06,0,15.0,0.0,0.0,aman,aman
2026-09-27T00:24:07,0,15.0,0.0,0.0,aman,aman
2026-09-27T00:24:09,0,15.0,0.0,0.0,aman,aman
2026-09-27T00:24:11,0,15.0,0.0,0.0,aman,aman
2026-09-27T00:24:12,0,15.0,0.0,0.0,aman,aman
2026-09-27T00:24:14,0,15.0,0.0,0.0,aman,aman
2026-09-27T00:24:16,0,15.0,0.0,0.0,aman,aman
2026-09-27T00:24:17,0,15.0,0.0,0.0,aman,aman
2026-09-27T00:24:19,0,15.0,0.0,0.0,aman,aman
2026-09-27T00:24:20,0,15.0,0.0,0.0,aman,aman
2026-09-27T00:24:22,0,15.0,0.0,0.0,aman,aman
2026-09-27T00:24:24,0,15.0,0.0,0.0,aman,aman
2026-09-27T00:24:25,0,15.0,0.0,0.0,aman,aman
2026-09-27T00:24:27,0,15.0,0.0,0.0,aman,aman
2026-09-27T00:24:29,0,15.0,0.0,0.0,aman,aman
2026-09-27T00:24:31,0,15.0,0.0,0.0,aman,aman
2026-09-27T00:24:32,0,15.0,0.0,0.0,aman,aman
2026-09-27T00:24:34,0,15.0,0.0,0.0,aman,aman
2026-09-27T00:24:35,0,15.0,0.0,0.0,aman,aman
2026-09-27T00:24:37,0,15.0,0.0,0.0,aman,aman
2026-09-27T00:24:39,0,15.0,0.0,0.0,aman,aman
2026-09-27T00:24:41,0,15.0,0.0,0.0,aman,aman
2026-09-27T00:24:42,1,2.0,0.0,84.4,bahaya,aman
2026-09-27T00:24:44,2,2.0,1.6,84.4,bahaya,bahaya
2026-09-27T00:24:46,1,2.0,1.7,84.4,bahaya,bahaya
2026-09-27T00:24:48,1,2.0,3.6,84.0,bahaya,bahaya
2026-09-27T00:24:49,1,2.0,5.3,82.6,bahaya,bahaya
2026-09-27T00:24:51,1,2.0,6.8,81.8,bahaya,bahaya
2026-09-27T00:24:53,1,2.0,8.7,83.4,bahaya,bahaya
2026-09-27T00:24:54,2,2.0,10.3,84.4,bahaya,bahaya
2026-09-27T00:24:56,1,2.0,1.6,84.4,bahaya,bahaya
2026-09-27T00:24:58,0,15.0,0.0,0.0,aman,bahaya
2026-09-27T00:24:59,0,15.0,0.0,0.0,aman,bahaya
2026-09-27T00:25:01,0,15.0,0.0,0.0,aman,aman
2026-09-27T00:25:03,0,15.0,0.0,0.0,aman,aman
2026-09-27T00:25:05,0,15.0,0.0,0.0,aman,aman
2026-09-27T00:25:06,0,15.0,0.0,0.0,aman,aman
2026-09-27T00:25:08,0,15.0,0.0,0.0,aman,aman
2026-09-27T00:25:09,0,15.0,0.0,0.0,aman,aman
2026-09-27T00:25:11,0,15.0,0.0,0.0,aman,aman
2026-09-27T00:25:13,0,15.0,0.0,0.0,aman,aman
2026-09-27T00:25:14,0,15.0,0.0,0.0,aman,aman
2026-09-27T00:25:16,0,15.0,0.0,0.0,aman,aman
2026-09-27T00:25:18,0,15.0,0.0,0.0,aman,aman
2026-09-27T00:25:19,0,15.0,0.0,0.0,aman,aman
2026-09-27T00:25:21,0,15.0,0.0,0.0,aman,aman
2026-09-27T00:25:22,0,15.0,0.0,0.0,aman,aman
2026-09-27T00:25:24,0,15.0,0.0,0.0,aman,aman
2026-09-27T00:25:26,0,15.0,0.0,0.0,aman,aman
2026-09-27T00:25:27,0,15.0,0.0,0.0,aman,aman
2026-09-27T00:25:29,0,15.0,0.0,0.0,aman,aman
2026-09-27T00:25:31,0,15.0,0.0,0.0,aman,aman
2026-09-27T00:25:33,0,15.0,0.0,0.0,aman,aman
2026-09-27T00:25:34,0,15.0,0.0,0.0,aman,aman
2026-09-27T00:25:36,0,15.0,0.0,0.0,aman,aman
2026-09-27T00:25:38,0,15.0,0.0,0.0,aman,aman
2026-09-27T00:25:39,0,15.0,0.0,0.0,aman,aman
2026-09-27T00:25:41,0,15.0,0.0,0.0,aman,aman
2026-09-27T00:25:43,0,15.0,0.0,0.0,aman,aman
2026-09-27T00:25:44,0,15.0,0.0,0.0,aman,aman
2026-09-27T00:25:46,0,15.0,0.0,0.0,aman,aman
2026-09-27T00:25:48,0,15.0,0.0,0.0,aman,aman
2026-09-27T00:25:49,0,15.0,0.0,0.0,aman,aman
2026-09-27T00:25:51,0,15.0,0.0,0.0,aman,aman
2026-09-27T00:25:53,0,15.0,0.0,0.0,aman,aman
2026-09-27T00:25:54,0,15.0,0.0,0.0,aman,aman
2026-09-27T00:25:56,0,15.0,0.0,0.0,aman,aman
2026-09-27T00:25:58,0,15.0,0.0,0.0,aman,aman
2026-09-27T00:25:59,0,15.0,0.0,0.0,aman,aman
2026-09-27T00:26:01,0,15.0,0.0,0.0,aman,aman
2026-09-27T00:26:03,0,15.0,0.0,0.0,aman,aman
2026-09-27T00:26:05,0,15.0,0.0,0.0,aman,aman
2026-09-27T00:26:06,0,15.0,0.0,0.0,aman,aman
2026-09-27T00:26:08,0,15.0,0.0,0.0,aman,aman
2026-09-27T18:47:41,0,15.0,0.0,0.0,aman,aman
2026-09-27T18:47:43,0,15.0,0.0,0.0,aman,aman
2026-09-27T18:47:45,0,15.0,0.0,0.0,aman,aman
2026-09-27T18:47:46,0,15.0,0.0,0.0,aman,aman
2026-09-27T18:47:48,0,15.0,0.0,0.0,aman,aman
2026-09-27T18:47:50,0,15.0,0.0,0.0,aman,aman
2026-09-27T18:47:51,1,6.7,0.0,32.1,aman,aman
2026-09-27T18:47:53,1,6.7,1.7,32.1,aman,aman
2026-09-27T18:47:55,0,15.0,0.0,0.0,aman,aman
2026-09-27T18:47:56,0,15.0,0.0,0.0,aman,aman
2026-09-27T18:47:58,0,15.0,0.0,0.0,aman,aman
2026-09-27T18:48:00,0,15.0,0.0,0.0,aman,aman
2026-09-27T18:48:01,0,15.0,0.0,0.0,aman,aman
2026-09-27T18:48:03,0,15.0,0.0,0.0,aman,aman
2026-09-27T18:48:05,1,6.7,0.0,33.0,aman,aman
2026-09-27T18:48:07,1,6.6,1.7,33.2,siaga,aman
2026-09-27T18:48:08,1,6.7,3.3,33.0,aman,aman
2026-09-27T18:48:10,1,6.6,5.1,33.2,siaga,aman
2026-09-27T18:48:12,1,6.7,6.7,30.8,aman,aman
2026-09-27T18:48:13,1,6.7,8.4,33.0,aman,aman
2026-09-27T18:48:15,1,6.7,10.1,33.0,aman,aman
2026-09-27T18:48:17,0,15.0,0.0,0.0,aman,aman
2026-09-27T18:48:18,1,6.6,0.0,33.3,siaga,aman
2026-09-27T18:48:20,1,6.6,1.7,33.3,siaga,siaga
2026-09-27T18:48:22,0,15.0,0.0,0.0,aman,siaga
2026-09-27T18:48:24,0,15.0,0.0,0.0,aman,siaga
2026-09-27T18:48:25,0,15.0,0.0,0.0,aman,aman
2026-09-27T18:48:27,0,15.0,0.0,0.0,aman,aman
2026-09-27T18:48:29,0,15.0,0.0,0.0,aman,aman
2026-09-27T18:48:30,0,15.0,0.0,0.0,aman,aman
2026-09-27T18:48:32,0,15.0,0.0,0.0,aman,aman
2026-09-27T18:48:34,0,15.0,0.0,0.0,aman,aman
2026-09-27T18:48:35,0,15.0,0.0,0.0,aman,aman
2026-09-27T18:48:37,0,15.0,0.0,0.0,aman,aman
2026-09-27T18:48:39,1,6.8,0.0,31.2,aman,aman
2026-09-27T18:48:41,1,6.8,1.7,31.5,aman,aman
2026-09-27T18:48:42,1,6.8,3.5,31.5,aman,aman
2026-09-27T18:48:44,0,15.0,0.0,0.0,aman,aman
2026-09-27T18:48:46,0,15.0,0.0,0.0,aman,aman
2026-09-27T18:48:48,0,15.0,0.0,0.0,aman,aman
2026-09-27T18:48:49,0,15.0,0.0,0.0,aman,aman
2026-09-27T18:48:51,0,15.0,0.0,0.0,aman,aman
2026-09-27T18:48:53,0,15.0,0.0,0.0,aman,aman
2026-09-27T18:48:54,0,15.0,0.0,0.0,aman,aman
2026-09-27T18:48:56,0,15.0,0.0,0.0,aman,aman
2026-09-27T18:48:58,0,15.0,0.0,0.0,aman,aman
2026-09-27T18:49:00,0,15.0,0.0,0.0,aman,aman
2026-09-27T18:49:01,0,15.0,0.0,0.0,aman,aman
2026-09-27T18:49:03,0,15.0,0.0,0.0,aman,aman
2026-09-27T18:49:05,0,15.0,0.0,0.0,aman,aman
2026-09-27T18:49:06,0,15.0,0.0,0.0,aman,aman
2026-09-27T18:49:08,0,15.0,0.0,0.0,aman,aman
2026-09-27T18:49:10,0,15.0,0.0,0.0,aman,aman
2026-09-27T18:49:11,0,15.0,0.0,0.0,aman,aman
2026-09-27T18:49:13,0,15.0,0.0,0.0,aman,aman
2026-09-27T18:49:15,0,15.0,0.0,0.0,aman,aman
2026-09-27T18:49:16,1,6.7,0.0,32.7,aman,aman
2026-09-27T18:49:18,1,6.7,1.7,32.7,aman,aman
2026-09-27T18:49:20,0,15.0,0.0,0.0,aman,aman
2026-09-27T18:49:21,0,15.0,0.0,0.0,aman,aman
2026-09-27T18:49:23,0,15.0,0.0,0.0,aman,aman
2026-09-27T18:49:25,0,15.0,0.0,0.0,aman,aman
2026-09-27T18:49:26,0,15.0,0.0,0.0,aman,aman
2026-09-27T18:49:28,0,15.0,0.0,0.0,aman,aman
2026-09-27T18:49:30,0,15.0,0.0,0.0,aman,aman
2026-09-27T18:49:32,1,2.0,0.0,84.4,bahaya,aman
2026-09-27T18:49:33,2,2.0,1.7,84.4,bahaya,bahaya
2026-09-27T18:49:35,3,2.0,1.7,84.4,bahaya,bahaya
2026-09-27T18:49:37,2,2.0,1.8,84.4,bahaya,bahaya
2026-09-27T18:49:38,2,2.0,3.5,84.1,bahaya,bahaya
2026-09-27T18:49:40,2,2.0,5.2,82.7,bahaya,bahaya
2026-09-27T18:49:42,1,2.0,6.9,81.8,bahaya,bahaya
2026-09-27T18:49:44,2,2.0,8.6,83.4,bahaya,bahaya
2026-09-27T18:49:45,2,2.0,10.4,84.4,bahaya,bahaya
2026-09-27T18:49:47,2,2.0,12.1,84.4,bahaya,bahaya
2026-09-27T18:49:49,3,2.0,13.8,84.4,bahaya,bahaya
2026-09-27T18:49:51,4,2.0,15.6,84.4,bahaya,bahaya
2026-09-27T18:49:52,4,2.0,17.4,84.4,bahaya,bahaya
2026-09-27T18:49:54,4,2.0,19.1,84.4,bahaya,bahaya
2026-09-27T18:49:56,4,2.0,20.9,84.4,bahaya,bahaya
2026-09-27T18:49:58,4,2.0,22.8,84.4,bahaya,bahaya
2026-09-27T18:50:00,4,2.0,24.6,84.4,bahaya,bahaya
2026-09-27T18:50:01,4,2.0,26.3,84.4,bahaya,bahaya
2026-09-27T18:50:03,4,2.0,28.1,84.4,bahaya,bahaya
2026-09-27T18:50:05,4,2.0,29.8,84.4,bahaya,bahaya
2026-09-27T18:50:07,3,2.0,31.5,84.4,bahaya,bahaya
2026-09-27T18:50:08,3,2.0,33.3,84.4,bahaya,bahaya
2026-09-27T18:50:10,3,2.0,35.1,84.4,bahaya,bahaya
2026-09-27T18:50:12,3,2.0,36.8,84.4,bahaya,bahaya
2026-09-27T18:50:14,3,2.0,38.6,84.4,bahaya,bahaya
2026-09-27T18:50:15,3,2.0,40.2,84.4,bahaya,bahaya
2026-09-27T18:50:17,2,2.0,41.9,84.4,bahaya,bahaya
2026-09-27T18:50:19,3,2.0,43.7,84.4,bahaya,bahaya
2026-09-27T18:50:20,3,2.0,45.4,84.4,bahaya,bahaya
2026-09-27T18:50:22,2,2.0,47.1,84.4,bahaya,bahaya
2026-09-27T18:50:24,2,2.0,48.9,84.4,bahaya,bahaya
2026-09-27T18:50:26,2,2.0,50.6,84.4,bahaya,bahaya
2026-09-27T18:50:27,2,2.0,52.4,84.4,bahaya,bahaya
2026-09-27T18:50:29,2,2.0,54.1,84.4,bahaya,bahaya
2026-09-27T18:50:31,2,2.0,55.9,84.4,bahaya,bahaya
2026-09-27T18:50:33,2,2.0,57.6,84.4,bahaya,bahaya
2026-09-27T18:50:34,2,2.0,59.2,84.4,bahaya,bahaya
2026-09-27T18:50:36,2,2.0,60.9,84.4,bahaya,bahaya
2026-09-27T18:50:38,2,2.0,62.7,84.4,bahaya,bahaya
2026-09-27T18:50:39,2,2.0,64.4,84.4,bahaya,bahaya
2026-09-27T18:50:41,2,2.0,66.1,84.4,bahaya,bahaya
2026-09-27T18:50:43,3,2.0,67.9,84.4,bahaya,bahaya
2026-09-27T18:50:45,4,2.0,69.6,84.4,bahaya,bahaya
2026-09-27T18:50:46,3,2.0,71.4,84.4,bahaya,bahaya
2026-09-27T18:50:48,2,2.0,73.1,84.4,bahaya,bahaya
2026-09-27T18:50:50,2,2.0,74.9,84.4,bahaya,bahaya
2026-09-27T18:50:52,2,2.0,76.5,84.4,bahaya,bahaya
2026-09-27T18:50:53,2,2.0,78.3,84.4,bahaya,bahaya
2026-09-27T18:50:55,2,2.0,80.0,84.4,bahaya,bahaya
2026-09-27T18:50:57,2,2.0,81.7,84.4,bahaya,bahaya
2026-09-27T18:50:58,3,2.0,83.3,84.4,bahaya,bahaya
2026-09-27T18:51:00,3,2.0,85.1,84.4,bahaya,bahaya
2026-09-27T18:51:02,4,2.0,86.8,84.4,bahaya,bahaya
2026-09-27T18:51:04,4,2.0,88.6,84.4,bahaya,bahaya
2026-09-27T18:51:05,4,2.0,90.3,84.4,bahaya,bahaya
2026-09-27T18:51:07,4,2.0,92.1,84.4,bahaya,bahaya
2026-09-27T18:51:09,4,2.0,93.9,84.4,bahaya,bahaya
2026-09-27T18:51:11,2,2.0,95.6,84.4,bahaya,bahaya
2026-09-27T18:51:12,2,2.0,97.5,84.4,bahaya,bahaya
2026-09-27T18:51:14,4,2.0,99.1,84.4,bahaya,bahaya
2026-09-27T18:51:16,4,2.0,100.9,84.4,bahaya,bahaya
2026-09-27T18:51:18,4,2.0,102.8,84.4,bahaya,bahaya
2026-09-27T18:51:20,4,2.0,104.5,84.4,bahaya,bahaya
2026-09-27T18:51:21,3,2.0,106.2,84.4,bahaya,bahaya
2026-09-27T18:51:23,4,2.0,107.9,84.4,bahaya,bahaya
2026-09-27T18:51:25,4,2.0,109.7,84.4,bahaya,bahaya
2026-09-27T18:51:26,3,2.0,111.4,84.4,bahaya,bahaya
2026-09-27T18:51:28,4,2.0,0.0,84.4,bahaya,bahaya
2026-09-27T18:51:30,4,2.0,1.8,84.4,bahaya,bahaya
2026-09-27T18:51:32,4,2.0,3.5,84.1,bahaya,bahaya
2026-09-27T18:51:33,5,2.0,0.0,84.4,bahaya,bahaya
2026-09-27T18:51:35,2,2.0,1.7,84.4,bahaya,bahaya
2026-09-27T18:51:37,0,15.0,0.0,0.0,aman,bahaya
2026-09-27T18:51:38,0,15.0,0.0,0.0,aman,bahaya
2026-09-27T18:51:40,0,15.0,0.0,0.0,aman,aman
2026-09-27T18:51:42,0,15.0,0.0,0.0,aman,aman
2026-09-27T18:51:43,0,15.0,0.0,0.0,aman,aman
2026-09-27T18:51:45,0,15.0,0.0,0.0,aman,aman
2026-09-27T18:51:47,0,15.0,0.0,0.0,aman,aman
2026-09-27T18:51:49,0,15.0,0.0,0.0,aman,aman
2026-09-27T18:51:50,0,15.0,0.0,0.0,aman,aman
2026-09-27T18:51:52,0,15.0,0.0,0.0,aman,aman
2026-09-27T18:51:54,0,15.0,0.0,0.0,aman,aman
2026-09-27T18:51:56,0,15.0,0.0,0.0,aman,aman
2026-09-27T18:51:57,0,15.0,0.0,0.0,aman,aman
2026-09-27T18:51:59,0,15.0,0.0,0.0,aman,aman
2026-09-27T18:52:01,0,15.0,0.0,0.0,aman,aman
2026-09-27T18:52:03,0,15.0,0.0,0.0,aman,aman
2026-09-27T18:52:04,0,15.0,0.0,0.0,aman,aman
2026-09-27T18:52:06,0,15.0,0.0,0.0,aman,aman
2026-09-27T18:52:08,0,15.0,0.0,0.0,aman,aman
2026-09-27T18:52:09,0,15.0,0.0,0.0,aman,aman
2026-09-27T18:52:11,0,15.0,0.0,0.0,aman,aman
2026-09-27T18:52:13,0,15.0,0.0,0.0,aman,aman
2026-09-27T18:52:15,0,15.0,0.0,0.0,aman,aman
2026-09-27T18:52:16,0,15.0,0.0,0.0,aman,aman
2026-09-27T18:52:18,0,15.0,0.0,0.0,aman,aman
2026-09-27T18:52:20,0,15.0,0.0,0.0,aman,aman
2026-09-27T18:52:21,0,15.0,0.0,0.0,aman,aman
2026-09-27T18:52:23,0,15.0,0.0,0.0,aman,aman
2026-09-27T18:52:25,0,15.0,0.0,0.0,aman,aman
2026-09-27T18:52:26,0,15.0,0.0,0.0,aman,aman
2026-09-27T18:52:28,0,15.0,0.0,0.0,aman,aman
2026-09-27T18:52:30,0,15.0,0.0,0.0,aman,aman
2026-09-27T18:52:32,0,15.0,0.0,0.0,aman,aman
2026-09-27T18:52:33,0,15.0,0.0,0.0,aman,aman
2026-09-27T18:52:35,0,15.0,0.0,0.0,aman,aman
2026-09-27T18:52:37,0,15.0,0.0,0.0,aman,aman
2026-09-27T18:52:38,0,15.0,0.0,0.0,aman,aman
2026-09-27T18:52:40,0,15.0,0.0,0.0,aman,aman
2026-09-27T18:52:42,0,15.0,0.0,0.0,aman,aman
2026-09-27T18:52:44,0,15.0,0.0,0.0,aman,aman
2026-09-27T18:52:46,0,15.0,0.0,0.0,aman,aman
2026-09-27T18:52:48,0,15.0,0.0,0.0,aman,aman
2026-09-27T18:52:49,0,15.0,0.0,0.0,aman,aman
2026-09-27T18:52:51,0,15.0,0.0,0.0,aman,aman
2026-09-27T18:52:53,0,15.0,0.0,0.0,aman,aman
2026-09-27T18:52:55,0,15.0,0.0,0.0,aman,aman
2026-09-27T18:52:56,0,15.0,0.0,0.0,aman,aman
2026-09-27T18:52:58,0,15.0,0.0,0.0,aman,aman
2026-09-27T18:53:00,0,15.0,0.0,0.0,aman,aman
2026-09-27T18:53:01,0,15.0,0.0,0.0,aman,aman
2026-09-27T18:53:03,0,15.0,0.0,0.0,aman,aman
2026-09-27T18:53:05,0,15.0,0.0,0.0,aman,aman
2026-09-27T18:53:07,0,15.0,0.0,0.0,aman,aman
2026-09-27T18:53:08,0,15.0,0.0,0.0,aman,aman
2026-09-27T18:53:10,0,15.0,0.0,0.0,aman,aman
2026-09-27T18:53:12,0,15.0,0.0,0.0,aman,aman
2026-09-27T18:53:13,0,15.0,0.0,0.0,aman,aman
2026-09-27T18:53:15,0,15.0,0.0,0.0,aman,aman
2026-09-27T18:53:17,0,15.0,0.0,0.0,aman,aman
2026-09-27T18:53:19,0,15.0,0.0,0.0,aman,aman
2026-09-27T18:53:20,0,15.0,0.0,0.0,aman,aman
2026-09-27T18:53:22,0,15.0,0.0,0.0,aman,aman
2026-09-27T18:53:24,0,15.0,0.0,0.0,aman,aman
2026-09-27T18:53:25,0,15.0,0.0,0.0,aman,aman
2026-09-27T18:53:27,0,15.0,0.0,0.0,aman,aman
2026-09-27T18:53:29,0,15.0,0.0,0.0,aman,aman
2026-09-27T18:53:31,0,15.0,0.0,0.0,aman,aman
2026-09-27T18:53:32,0,15.0,0.0,0.0,aman,aman
2026-09-27T18:53:34,0,15.0,0.0,0.0,aman,aman
2026-09-27T18:53:36,0,15.0,0.0,0.0,aman,aman
2026-09-27T18:53:38,0,15.0,0.0,0.0,aman,aman
2026-09-27T18:53:39,0,15.0,0.0,0.0,aman,aman
2026-09-27T18:53:41,0,15.0,0.0,0.0,aman,aman
2026-09-27T18:53:43,0,15.0,0.0,0.0,aman,aman
2026-09-27T18:53:45,0,15.0,0.0,0.0,aman,aman
2026-09-27T18:53:46,0,15.0,0.0,0.0,aman,aman
2026-09-27T18:53:48,0,15.0,0.0,0.0,aman,aman
2026-09-27T18:53:50,0,15.0,0.0,0.0,aman,aman
2026-09-27T18:53:52,0,15.0,0.0,0.0,aman,aman
2026-09-27T18:53:53,0,15.0,0.0,0.0,aman,aman
2026-09-27T18:53:55,0,15.0,0.0,0.0,aman,aman
2026-09-27T18:53:57,0,15.0,0.0,0.0,aman,aman
2026-09-27T18:53:59,0,15.0,0.0,0.0,aman,aman
2026-09-27T19:41:18,0,15.0,0.0,0.0,aman,aman
2026-09-27T19:41:20,0,15.0,0.0,0.0,aman,aman
2026-09-27T19:41:21,0,15.0,0.0,0.0,aman,aman
2026-09-27T19:41:23,0,15.0,0.0,0.0,aman,aman
2026-09-27T19:41:25,0,15.0,0.0,0.0,aman,aman
2026-09-27T19:41:27,1,2.9,0.0,70.4,bahaya,aman
2026-09-27T19:41:28,1,2.7,1.6,73.4,bahaya,bahaya
2026-09-27T19:41:30,1,2.9,3.4,69.7,bahaya,bahaya
2026-09-27T19:41:32,1,2.9,5.1,69.7,bahaya,bahaya
2026-09-27T19:41:33,2,3.0,6.8,65.4,siaga,bahaya
2026-09-27T19:41:35,2,2.9,8.6,70.4,bahaya,bahaya
2026-09-27T19:41:37,2,3.1,10.4,66.9,bahaya,bahaya
2026-09-27T19:41:39,2,3.1,5.3,66.8,bahaya,bahaya
2026-09-27T19:41:40,2,2.0,13.8,84.4,bahaya,bahaya
2026-09-27T19:41:42,2,2.0,15.5,84.4,bahaya,bahaya
2026-09-27T19:41:44,2,2.0,17.3,84.4,bahaya,bahaya
2026-09-27T19:41:46,2,2.0,19.0,84.4,bahaya,bahaya
2026-09-27T19:41:47,2,2.0,20.6,84.4,bahaya,bahaya
2026-09-27T19:41:49,2,2.0,22.3,84.4,bahaya,bahaya
2026-09-27T19:41:51,2,2.0,24.1,84.4,bahaya,bahaya
2026-09-27T19:41:53,1,2.0,25.9,84.4,bahaya,bahaya
2026-09-27T19:41:54,1,2.0,27.6,84.4,bahaya,bahaya
2026-09-27T19:41:56,2,2.0,29.4,84.4,bahaya,bahaya
2026-09-27T19:41:58,2,2.0,31.1,84.4,bahaya,bahaya
2026-09-27T19:41:59,2,2.0,32.9,84.4,bahaya,bahaya
2026-09-27T19:42:01,2,2.0,34.6,84.4,bahaya,bahaya
2026-09-27T19:42:03,2,2.0,36.4,84.4,bahaya,bahaya
2026-09-27T19:42:05,2,2.0,38.1,84.4,bahaya,bahaya
2026-09-27T19:42:06,2,2.0,39.7,84.4,bahaya,bahaya
2026-09-27T19:42:08,2,2.0,41.5,84.4,bahaya,bahaya
2026-09-27T19:42:10,2,2.0,43.4,84.4,bahaya,bahaya
2026-09-27T19:42:12,2,2.0,45.1,84.4,bahaya,bahaya
2026-09-27T19:42:13,1,2.0,46.8,84.4,bahaya,bahaya
2026-09-27T19:42:15,1,2.0,48.5,84.4,bahaya,bahaya
2026-09-27T19:42:17,1,2.0,50.2,84.4,bahaya,bahaya
2026-09-27T19:42:19,1,2.0,52.0,84.4,bahaya,bahaya
2026-09-27T19:42:20,1,2.0,53.7,84.4,bahaya,bahaya
2026-09-27T19:42:22,1,2.0,55.4,84.4,bahaya,bahaya
2026-09-27T19:42:24,1,2.0,57.1,84.4,bahaya,bahaya
2026-09-27T19:42:25,1,2.0,58.8,84.4,bahaya,bahaya
2026-09-27T19:42:27,1,2.0,60.5,84.4,bahaya,bahaya
2026-09-27T19:42:29,1,2.0,62.1,84.4,bahaya,bahaya
2026-09-27T19:42:30,1,2.0,63.8,84.4,bahaya,bahaya
2026-09-27T19:42:32,1,2.0,65.5,84.4,bahaya,bahaya
2026-09-27T19:42:34,1,2.0,67.2,84.4,bahaya,bahaya
2026-09-27T19:42:35,1,2.0,68.8,84.4,bahaya,bahaya
2026-09-27T19:42:37,2,2.0,70.5,84.4,bahaya,bahaya
2026-09-27T19:42:39,1,2.0,1.7,84.4,bahaya,bahaya
2026-09-27T19:42:40,0,15.0,0.0,0.0,aman,bahaya
2026-09-27T19:42:42,1,2.0,0.0,84.4,bahaya,bahaya
2026-09-27T19:42:44,1,2.0,1.6,84.4,bahaya,bahaya
2026-09-27T19:42:45,0,15.0,0.0,0.0,aman,bahaya
2026-09-27T19:42:47,1,2.0,0.0,84.4,bahaya,bahaya
2026-09-27T19:42:49,1,2.0,1.8,84.4,bahaya,bahaya
2026-09-27T19:42:51,0,15.0,0.0,0.0,aman,bahaya
2026-09-27T19:42:52,1,2.0,0.0,84.4,bahaya,bahaya
2026-09-27T19:42:54,1,2.0,1.7,84.4,bahaya,bahaya
2026-09-27T19:42:56,0,15.0,0.0,0.0,aman,bahaya
2026-09-27T19:42:57,1,2.0,0.0,84.4,bahaya,bahaya
2026-09-27T19:42:59,1,2.0,1.7,84.4,bahaya,bahaya
2026-09-27T19:43:01,0,15.0,0.0,0.0,aman,bahaya
2026-09-27T19:43:03,0,15.0,0.0,0.0,aman,bahaya
2026-09-27T19:43:04,0,15.0,0.0,0.0,aman,aman
2026-09-27T19:43:06,0,15.0,0.0,0.0,aman,aman
2026-09-27T19:43:08,0,15.0,0.0,0.0,aman,aman
2026-09-27T19:43:09,0,15.0,0.0,0.0,aman,aman
2026-09-27T19:43:11,0,15.0,0.0,0.0,aman,aman
2026-09-27T19:43:13,0,15.0,0.0,0.0,aman,aman
2026-09-27T19:43:14,0,15.0,0.0,0.0,aman,aman
2026-09-27T19:43:16,1,2.0,0.0,84.4,bahaya,aman
2026-09-27T19:43:18,1,2.0,1.7,84.4,bahaya,bahaya
2026-09-27T19:43:20,0,15.0,0.0,0.0,aman,bahaya
2026-09-27T19:43:21,0,15.0,0.0,0.0,aman,bahaya
2026-09-27T19:43:23,0,15.0,0.0,0.0,aman,aman
2026-09-27T19:43:25,0,15.0,0.0,0.0,aman,aman
2026-09-27T19:43:26,0,15.0,0.0,0.0,aman,aman
2026-09-27T19:43:28,0,15.0,0.0,0.0,aman,aman
2026-09-27T19:43:30,0,15.0,0.0,0.0,aman,aman
2026-09-27T19:43:31,1,2.0,0.0,84.4,bahaya,aman
2026-09-27T19:43:33,1,2.0,1.7,84.4,bahaya,bahaya
2026-09-27T19:43:35,0,15.0,0.0,0.0,aman,bahaya
2026-09-27T19:43:37,0,15.0,0.0,0.0,aman,bahaya
2026-09-27T19:43:38,0,15.0,0.0,0.0,aman,aman
2026-09-27T19:43:40,0,15.0,0.0,0.0,aman,aman
2026-09-27T19:43:42,0,15.0,0.0,0.0,aman,aman
2026-09-27T19:43:43,0,15.0,0.0,0.0,aman,aman
2026-09-27T19:43:45,0,15.0,0.0,0.0,aman,aman
2026-09-27T19:43:47,1,2.0,0.0,84.4,bahaya,aman
2026-09-27T19:43:48,1,2.0,1.7,84.4,bahaya,bahaya
2026-09-27T19:43:50,0,15.0,0.0,0.0,aman,bahaya
2026-09-27T19:43:52,0,15.0,0.0,0.0,aman,bahaya
2026-09-27T19:43:54,0,15.0,0.0,0.0,aman,aman
2026-09-27T19:43:55,0,15.0,0.0,0.0,aman,aman
2026-09-27T19:43:57,0,15.0,0.0,0.0,aman,aman
2026-09-27T19:43:59,0,15.0,0.0,0.0,aman,aman
2026-09-27T19:44:00,0,15.0,0.0,0.0,aman,aman
2026-09-27T19:44:02,0,15.0,0.0,0.0,aman,aman
2026-09-27T19:44:04,0,15.0,0.0,0.0,aman,aman
2026-09-27T19:44:05,0,15.0,0.0,0.0,aman,aman
2026-09-27T19:44:07,0,15.0,0.0,0.0,aman,aman
2026-09-27T19:44:09,0,15.0,0.0,0.0,aman,aman
2026-09-27T19:44:10,0,15.0,0.0,0.0,aman,aman
2026-09-27T19:44:12,0,15.0,0.0,0.0,aman,aman
2026-09-27T19:44:14,0,15.0,0.0,0.0,aman,aman
2026-09-27T19:44:16,0,15.0,0.0,0.0,aman,aman
2026-09-27T19:44:17,0,15.0,0.0,0.0,aman,aman
2026-09-27T19:44:19,0,15.0,0.0,0.0,aman,aman
2026-09-27T19:44:21,0,15.0,0.0,0.0,aman,aman
2026-09-27T19:44:22,0,15.0,0.0,0.0,aman,aman
2026-09-27T19:44:24,0,15.0,0.0,0.0,aman,aman
2026-09-27T19:44:26,0,15.0,0.0,0.0,aman,aman
2026-09-27T19:44:27,0,15.0,0.0,0.0,aman,aman
2026-09-27T19:44:29,0,15.0,0.0,0.0,aman,aman
2026-09-27T19:44:31,0,15.0,0.0,0.0,aman,aman
2026-09-27T19:44:32,0,15.0,0.0,0.0,aman,aman
2026-09-27T19:44:34,0,15.0,0.0,0.0,aman,aman
2026-09-27T19:44:36,0,15.0,0.0,0.0,aman,aman
2026-09-27T19:44:37,0,15.0,0.0,0.0,aman,aman
2026-09-27T19:44:39,0,15.0,0.0,0.0,aman,aman
2026-09-27T19:44:41,0,15.0,0.0,0.0,aman,aman
2026-09-27T19:44:43,0,15.0,0.0,0.0,aman,aman
2026-09-27T19:44:44,0,15.0,0.0,0.0,aman,aman
2026-09-27T19:44:46,0,15.0,0.0,0.0,aman,aman
2026-09-27T19:44:48,0,15.0,0.0,0.0,aman,aman
2026-09-27T19:44:49,0,15.0,0.0,0.0,aman,aman
2026-09-27T19:44:51,0,15.0,0.0,0.0,aman,aman
2026-09-27T19:44:53,0,15.0,0.0,0.0,aman,aman
2026-09-27T19:44:54,0,15.0,0.0,0.0,aman,aman
2026-09-27T19:44:56,0,15.0,0.0,0.0,aman,aman
2026-09-27T19:44:58,0,15.0,0.0,0.0,aman,aman
2026-09-27T19:45:00,0,15.0,0.0,0.0,aman,aman
2026-09-27T19:45:02,0,15.0,0.0,0.0,aman,aman
2026-09-27T19:45:04,0,15.0,0.0,0.0,aman,aman
2026-09-27T19:45:05,0,15.0,0.0,0.0,aman,aman
2026-09-27T19:45:07,0,15.0,0.0,0.0,aman,aman
2026-09-27T19:45:09,0,15.0,0.0,0.0,aman,aman
2026-09-27T19:45:10,0,15.0,0.0,0.0,aman,aman
2026-09-27T19:45:12,0,15.0,0.0,0.0,aman,aman
2026-09-27T19:45:14,0,15.0,0.0,0.0,aman,aman
2026-09-27T19:45:16,0,15.0,0.0,0.0,aman,aman
2026-09-27T19:45:17,0,15.0,0.0,0.0,aman,aman
2026-09-27T19:45:19,0,15.0,0.0,0.0,aman,aman
2026-09-27T19:45:21,0,15.0,0.0,0.0,aman,aman
2026-09-27T19:45:22,0,15.0,0.0,0.0,aman,aman
2026-09-27T19:45:24,0,15.0,0.0,0.0,aman,aman
2026-09-27T19:45:26,0,15.0,0.0,0.0,aman,aman
2026-09-27T19:45:27,0,15.0,0.0,0.0,aman,aman
2026-09-27T19:45:29,0,15.0,0.0,0.0,aman,aman
2026-09-27T19:45:31,0,15.0,0.0,0.0,aman,aman
2026-09-27T19:45:32,0,15.0,0.0,0.0,aman,aman
2026-09-27T19:45:34,0,15.0,0.0,0.0,aman,aman
2026-09-27T19:45:36,0,15.0,0.0,0.0,aman,aman
2026-09-27T19:45:38,0,15.0,0.0,0.0,aman,aman
2026-09-27T19:45:39,0,15.0,0.0,0.0,aman,aman
2026-09-27T19:45:41,0,15.0,0.0,0.0,aman,aman
2026-09-27T19:45:43,0,15.0,0.0,0.0,aman,aman
2026-09-27T19:45:45,1,2.2,0.0,81.2,bahaya,aman
2026-09-27T19:45:46,1,2.5,1.7,76.2,bahaya,bahaya
2026-09-27T19:45:48,1,2.5,3.3,76.2,bahaya,bahaya
2026-09-27T19:45:50,0,15.0,0.0,0.0,aman,bahaya
2026-09-27T19:45:51,0,15.0,0.0,0.0,aman,bahaya
2026-09-27T19:45:53,0,15.0,0.0,0.0,aman,aman
2026-09-27T19:45:55,0,15.0,0.0,0.0,aman,aman
2026-09-27T19:45:56,0,15.0,0.0,0.0,aman,aman
2026-09-27T19:45:58,0,15.0,0.0,0.0,aman,aman
2026-09-27T19:46:00,0,15.0,0.0,0.0,aman,aman
2026-09-27T19:46:02,0,15.0,0.0,0.0,aman,aman
2026-09-27T19:46:03,0,15.0,0.0,0.0,aman,aman
2026-09-27T19:46:05,0,15.0,0.0,0.0,aman,aman
2026-09-27T19:46:07,0,15.0,0.0,0.0,aman,aman
2026-09-27T19:46:08,0,15.0,0.0,0.0,aman,aman
2026-09-27T19:46:10,0,15.0,0.0,0.0,aman,aman
2026-09-27T19:46:12,0,15.0,0.0,0.0,aman,aman
2026-09-27T19:46:14,0,15.0,0.0,0.0,aman,aman
2026-09-27T19:46:15,0,15.0,0.0,0.0,aman,aman
2026-09-27T19:46:17,0,15.0,0.0,0.0,aman,aman
2026-09-27T19:46:19,0,15.0,0.0,0.0,aman,aman
2026-09-27T19:46:21,0,15.0,0.0,0.0,aman,aman
2026-09-27T19:46:22,0,15.0,0.0,0.0,aman,aman
2026-09-27T19:46:24,0,15.0,0.0,0.0,aman,aman
2026-09-27T19:46:26,0,15.0,0.0,0.0,aman,aman
2026-09-27T19:46:27,0,15.0,0.0,0.0,aman,aman
2026-09-27T19:46:29,0,15.0,0.0,0.0,aman,aman
2026-09-27T19:46:31,0,15.0,0.0,0.0,aman,aman
2026-09-27T19:46:32,0,15.0,0.0,0.0,aman,aman
2026-09-27T19:46:34,0,15.0,0.0,0.0,aman,aman
2026-09-27T19:46:36,0,15.0,0.0,0.0,aman,aman
2026-09-27T19:46:38,0,15.0,0.0,0.0,aman,aman
2026-09-27T19:46:39,0,15.0,0.0,0.0,aman,aman
2026-09-27T19:46:41,0,15.0,0.0,0.0,aman,aman
2026-09-27T19:46:43,0,15.0,0.0,0.0,aman,aman
2026-09-27T19:46:44,0,15.0,0.0,0.0,aman,aman
2026-09-27T19:46:46,0,15.0,0.0,0.0,aman,aman
2026-09-27T19:46:48,0,15.0,0.0,0.0,aman,aman
2026-09-27T19:46:49,0,15.0,0.0,0.0,aman,aman
2026-09-27T19:46:51,0,15.0,0.0,0.0,aman,aman
2026-09-27T19:46:53,0,15.0,0.0,0.0,aman,aman
2026-09-27T19:46:55,0,15.0,0.0,0.0,aman,aman
2026-09-27T19:46:56,0,15.0,0.0,0.0,aman,aman
2026-09-27T19:46:58,0,15.0,0.0,0.0,aman,aman
2026-09-27T19:47:00,0,15.0,0.0,0.0,aman,aman
2026-09-27T19:47:01,0,15.0,0.0,0.0,aman,aman
2026-09-27T19:47:03,0,15.0,0.0,0.0,aman,aman
2026-09-27T19:47:05,0,15.0,0.0,0.0,aman,aman
2026-09-27T19:47:06,0,15.0,0.0,0.0,aman,aman
2026-09-27T19:47:08,0,15.0,0.0,0.0,aman,aman
2026-09-27T19:47:10,0,15.0,0.0,0.0,aman,aman
2026-09-27T19:47:12,0,15.0,0.0,0.0,aman,aman
2026-09-27T19:47:13,1,2.0,0.0,84.4,bahaya,aman
2026-09-27T19:47:15,1,2.0,1.8,84.4,bahaya,bahaya
2026-09-27T19:47:17,0,15.0,0.0,0.0,aman,bahaya
2026-09-27T19:47:18,1,2.0,0.0,84.4,bahaya,bahaya
2026-09-27T19:47:20,1,2.0,1.7,84.4,bahaya,bahaya
2026-09-27T19:47:22,1,2.0,3.5,84.1,bahaya,bahaya
2026-09-27T19:47:24,1,2.0,5.2,82.6,bahaya,bahaya
2026-09-27T19:47:25,1,2.0,7.0,81.9,bahaya,bahaya
2026-09-27T19:47:27,1,2.0,8.7,83.4,bahaya,bahaya
2026-09-27T19:47:29,1,2.0,10.4,84.4,bahaya,bahaya
2026-09-27T19:47:31,1,2.0,12.1,84.4,bahaya,bahaya
2026-09-27T19:47:32,1,2.0,13.9,84.4,bahaya,bahaya
2026-09-27T19:47:34,1,2.0,15.7,84.4,bahaya,bahaya
2026-09-27T19:47:36,1,2.0,17.4,84.4,bahaya,bahaya
2026-09-27T19:47:37,1,2.0,19.0,84.4,bahaya,bahaya
2026-09-27T19:47:39,0,15.0,0.0,0.0,aman,bahaya
2026-09-27T19:47:41,0,15.0,0.0,0.0,aman,bahaya
2026-09-27T19:47:43,0,15.0,0.0,0.0,aman,aman
2026-09-27T19:47:44,0,15.0,0.0,0.0,aman,aman
2026-09-27T19:47:46,0,15.0,0.0,0.0,aman,aman
2026-09-27T19:47:48,0,15.0,0.0,0.0,aman,aman
2026-09-27T19:47:49,0,15.0,0.0,0.0,aman,aman
2026-09-27T19:47:51,0,15.0,0.0,0.0,aman,aman
2026-09-27T19:47:53,1,2.0,0.0,84.4,bahaya,aman
2026-09-27T19:47:54,1,2.0,1.6,84.4,bahaya,bahaya
2026-09-27T19:47:56,1,2.0,3.2,84.3,bahaya,bahaya
2026-09-27T19:47:58,1,2.0,5.0,82.8,bahaya,bahaya
2026-09-27T19:47:59,0,15.0,0.0,0.0,aman,bahaya
2026-09-27T19:48:01,1,2.0,0.0,84.4,bahaya,bahaya
2026-09-27T19:48:03,1,2.0,1.7,84.4,bahaya,bahaya
2026-09-27T19:48:05,0,15.0,0.0,0.0,aman,bahaya
2026-09-27T19:48:07,0,15.0,0.0,0.0,aman,bahaya
2026-09-27T19:48:08,0,15.0,0.0,0.0,aman,aman
2026-09-27T19:48:10,0,15.0,0.0,0.0,aman,aman
2026-09-27T19:48:12,0,15.0,0.0,0.0,aman,aman
2026-09-27T19:48:14,0,15.0,0.0,0.0,aman,aman
2026-09-27T19:48:15,0,15.0,0.0,0.0,aman,aman
2026-09-27T19:48:17,1,2.0,0.0,84.4,bahaya,aman
2026-09-27T19:48:19,1,2.0,1.8,84.4,bahaya,bahaya
2026-09-27T19:48:20,0,15.0,0.0,0.0,aman,bahaya
2026-09-27T19:48:22,0,15.0,0.0,0.0,aman,bahaya
2026-09-27T19:48:24,0,15.0,0.0,0.0,aman,aman
2026-09-27T19:48:25,0,15.0,0.0,0.0,aman,aman
2026-09-27T19:48:27,0,15.0,0.0,0.0,aman,aman
2026-09-27T19:48:29,0,15.0,0.0,0.0,aman,aman
2026-09-27T19:48:31,0,15.0,0.0,0.0,aman,aman
2026-09-27T19:48:32,1,2.0,0.0,84.4,bahaya,aman
2026-09-27T19:48:34,1,2.0,1.6,84.4,bahaya,bahaya
2026-09-27T19:48:36,0,15.0,0.0,0.0,aman,bahaya
2026-09-27T19:48:37,0,15.0,0.0,0.0,aman,bahaya
2026-09-27T19:48:39,0,15.0,0.0,0.0,aman,aman
2026-09-27T19:48:41,0,15.0,0.0,0.0,aman,aman
2026-09-27T19:48:42,0,15.0,0.0,0.0,aman,aman
2026-09-27T19:48:44,0,15.0,0.0,0.0,aman,aman
2026-09-27T19:48:46,0,15.0,0.0,0.0,aman,aman
2026-09-27T19:48:47,0,15.0,0.0,0.0,aman,aman
2026-09-27T19:48:49,0,15.0,0.0,0.0,aman,aman
2026-09-27T19:48:51,0,15.0,0.0,0.0,aman,aman
2026-09-27T19:48:52,1,6.1,0.0,38.8,siaga,aman
2026-09-27T19:48:54,1,6.1,1.7,38.8,siaga,siaga
2026-09-27T19:48:56,0,15.0,0.0,0.0,aman,siaga
2026-09-27T19:48:58,0,15.0,0.0,0.0,aman,siaga
2026-09-27T19:48:59,0,15.0,0.0,0.0,aman,aman
2026-09-27T19:49:01,1,2.0,0.0,84.4,bahaya,aman
2026-09-27T19:49:03,2,2.0,1.7,84.4,bahaya,bahaya
2026-09-27T19:49:04,1,2.0,1.6,84.4,bahaya,bahaya
2026-09-27T19:49:06,1,2.0,3.3,84.2,bahaya,bahaya
2026-09-27T19:49:08,1,2.0,5.0,82.8,bahaya,bahaya
2026-09-27T19:49:10,0,15.0,0.0,0.0,aman,bahaya
2026-09-27T19:49:11,1,2.0,0.0,84.4,bahaya,bahaya
2026-09-27T19:49:13,1,2.0,1.7,84.4,bahaya,bahaya
2026-09-27T19:49:15,1,2.0,3.4,84.1,bahaya,bahaya
2026-09-27T19:49:17,1,2.0,0.0,84.4,bahaya,bahaya
2026-09-27T19:49:18,1,2.0,1.8,84.4,bahaya,bahaya
2026-09-27T19:49:20,1,2.0,0.0,84.4,bahaya,bahaya
2026-09-27T19:49:22,1,2.0,1.6,84.4,bahaya,bahaya
2026-09-27T19:49:24,0,15.0,0.0,0.0,aman,bahaya
2026-09-27T19:49:26,0,15.0,0.0,0.0,aman,bahaya
2026-09-27T19:49:28,0,15.0,0.0,0.0,aman,aman
2026-09-27T19:49:29,0,15.0,0.0,0.0,aman,aman
2026-09-27T19:49:31,0,15.0,0.0,0.0,aman,aman
2026-09-27T19:49:33,0,15.0,0.0,0.0,aman,aman
2026-09-27T19:49:34,0,15.0,0.0,0.0,aman,aman
2026-09-27T19:49:36,0,15.0,0.0,0.0,aman,aman
2026-09-27T19:49:38,1,2.0,0.0,84.4,bahaya,aman
2026-09-27T19:49:39,2,2.0,1.7,84.4,bahaya,bahaya
2026-09-27T19:49:41,2,2.0,1.7,84.4,bahaya,bahaya
2026-09-27T19:49:43,1,2.0,5.1,82.7,bahaya,bahaya
2026-09-27T19:49:44,2,2.0,0.0,84.4,bahaya,bahaya
2026-09-27T19:49:46,2,2.0,1.7,84.4,bahaya,bahaya
2026-09-27T19:49:48,2,2.0,10.1,84.4,bahaya,bahaya
2026-09-28T13:23:28,0,15.0,0.0,0.0,aman,aman
2026-09-28T13:23:31,0,15.0,0.0,0.0,aman,aman
2026-09-28T13:23:32,0,15.0,0.0,0.0,aman,aman
2026-09-28T13:23:34,0,15.0,0.0,0.0,aman,aman
2026-09-28T13:23:36,0,15.0,0.0,0.0,aman,aman
2026-09-28T13:23:37,1,2.0,0.0,84.4,bahaya,aman
2026-09-28T13:23:39,1,2.0,1.8,84.4,bahaya,bahaya
2026-09-28T13:23:41,0,15.0,0.0,0.0,aman,bahaya
2026-09-28T13:23:42,0,15.0,0.0,0.0,aman,bahaya
2026-09-28T13:23:44,0,15.0,0.0,0.0,aman,aman
2026-09-28T13:23:46,0,15.0,0.0,0.0,aman,aman
2026-09-28T13:23:47,0,15.0,0.0,0.0,aman,aman
2026-09-28T13:23:49,0,15.0,0.0,0.0,aman,aman
2026-09-28T13:23:51,0,15.0,0.0,0.0,aman,aman
2026-09-28T13:23:52,0,15.0,0.0,0.0,aman,aman
2026-09-28T13:23:54,0,15.0,0.0,0.0,aman,aman
2026-09-28T13:23:56,0,15.0,0.0,0.0,aman,aman
2026-09-28T13:23:57,0,15.0,0.0,0.0,aman,aman
2026-09-28T13:23:59,0,15.0,0.0,0.0,aman,aman
2026-09-28T13:24:01,0,15.0,0.0,0.0,aman,aman
2026-09-28T13:24:02,0,15.0,0.0,0.0,aman,aman
2026-09-28T13:24:04,0,15.0,0.0,0.0,aman,aman
2026-09-28T13:24:06,0,15.0,0.0,0.0,aman,aman
2026-09-28T13:24:07,0,15.0,0.0,0.0,aman,aman
2026-09-28T13:24:09,0,15.0,0.0,0.0,aman,aman
2026-09-28T13:24:11,0,15.0,0.0,0.0,aman,aman
2026-09-28T13:24:12,0,15.0,0.0,0.0,aman,aman
2026-09-28T13:24:14,0,15.0,0.0,0.0,aman,aman
2026-09-28T13:24:16,0,15.0,0.0,0.0,aman,aman
2026-09-28T13:24:17,0,15.0,0.0,0.0,aman,aman
2026-09-28T13:24:19,0,15.0,0.0,0.0,aman,aman
2026-09-28T13:24:21,0,15.0,0.0,0.0,aman,aman
2026-09-28T13:24:22,0,15.0,0.0,0.0,aman,aman
2026-09-28T13:24:24,0,15.0,0.0,0.0,aman,aman
2026-09-28T13:24:26,0,15.0,0.0,0.0,aman,aman
2026-09-28T13:24:27,0,15.0,0.0,0.0,aman,aman
2026-09-28T13:24:29,0,15.0,0.0,0.0,aman,aman
2026-09-28T13:24:31,0,15.0,0.0,0.0,aman,aman
2026-09-28T13:24:32,0,15.0,0.0,0.0,aman,aman
2026-09-28T13:24:34,0,15.0,0.0,0.0,aman,aman
2026-09-28T13:24:36,0,15.0,0.0,0.0,aman,aman
2026-09-28T13:24:37,0,15.0,0.0,0.0,aman,aman
2026-09-28T13:24:39,0,15.0,0.0,0.0,aman,aman
2026-09-28T13:24:41,0,15.0,0.0,0.0,aman,aman
2026-09-28T13:24:42,0,15.0,0.0,0.0,aman,aman
2026-09-28T13:24:44,0,15.0,0.0,0.0,aman,aman
2026-09-28T13:24:45,0,15.0,0.0,0.0,aman,aman
2026-09-28T13:24:47,0,15.0,0.0,0.0,aman,aman
2026-09-28T13:24:49,0,15.0,0.0,0.0,aman,aman
2026-09-28T13:24:51,0,15.0,0.0,0.0,aman,aman
2026-09-28T13:24:52,0,15.0,0.0,0.0,aman,aman
2026-09-28T13:24:54,0,15.0,0.0,0.0,aman,aman
2026-09-28T13:24:56,0,15.0,0.0,0.0,aman,aman
2026-09-28T13:24:57,0,15.0,0.0,0.0,aman,aman
2026-09-28T13:24:59,0,15.0,0.0,0.0,aman,aman
2026-09-28T13:25:01,0,15.0,0.0,0.0,aman,aman
2026-09-28T13:25:02,0,15.0,0.0,0.0,aman,aman
2026-09-28T13:25:04,0,15.0,0.0,0.0,aman,aman
2026-09-28T13:25:06,0,15.0,0.0,0.0,aman,aman
2026-09-28T13:25:07,0,15.0,0.0,0.0,aman,aman
2026-09-28T13:25:09,0,15.0,0.0,0.0,aman,aman
2026-09-28T13:25:11,0,15.0,0.0,0.0,aman,aman
2026-09-28T13:25:12,0,15.0,0.0,0.0,aman,aman
2026-09-28T13:25:14,0,15.0,0.0,0.0,aman,aman
2026-09-28T13:25:16,0,15.0,0.0,0.0,aman,aman
2026-09-28T13:25:17,0,15.0,0.0,0.0,aman,aman
2026-09-28T13:25:19,0,15.0,0.0,0.0,aman,aman
2026-09-28T13:25:21,0,15.0,0.0,0.0,aman,aman
2026-09-28T13:25:22,0,15.0,0.0,0.0,aman,aman
2026-09-28T13:25:24,0,15.0,0.0,0.0,aman,aman
2026-09-28T13:25:26,0,15.0,0.0,0.0,aman,aman
2026-09-28T13:25:27,0,15.0,0.0,0.0,aman,aman
2026-09-28T13:25:29,0,15.0,0.0,0.0,aman,aman
2026-09-28T13:25:31,0,15.0,0.0,0.0,aman,aman
2026-09-28T13:25:32,0,15.0,0.0,0.0,aman,aman
2026-09-28T13:25:34,0,15.0,0.0,0.0,aman,aman
2026-09-28T13:25:36,0,15.0,0.0,0.0,aman,aman
2026-09-28T13:25:37,0,15.0,0.0,0.0,aman,aman
2026-09-28T13:25:39,0,15.0,0.0,0.0,aman,aman
2026-09-28T13:25:41,0,15.0,0.0,0.0,aman,aman
2026-09-28T13:25:42,0,15.0,0.0,0.0,aman,aman
2026-09-28T13:25:44,0,15.0,0.0,0.0,aman,aman
2026-09-28T13:25:46,0,15.0,0.0,0.0,aman,aman
2026-09-28T13:25:47,0,15.0,0.0,0.0,aman,aman
2026-09-28T13:25:49,0,15.0,0.0,0.0,aman,aman
2026-09-28T13:25:51,0,15.0,0.0,0.0,aman,aman
2026-09-28T13:25:52,0,15.0,0.0,0.0,aman,aman
2026-09-28T13:25:54,0,15.0,0.0,0.0,aman,aman
2026-09-28T13:25:56,0,15.0,0.0,0.0,aman,aman
2026-09-28T13:25:57,0,15.0,0.0,0.0,aman,aman
2026-09-28T13:25:59,0,15.0,0.0,0.0,aman,aman
2026-09-28T13:26:01,0,15.0,0.0,0.0,aman,aman
2026-09-28T13:26:02,0,15.0,0.0,0.0,aman,aman
2026-09-28T13:26:04,0,15.0,0.0,0.0,aman,aman
2026-09-28T13:26:06,0,15.0,0.0,0.0,aman,aman
2026-09-28T13:26:07,0,15.0,0.0,0.0,aman,aman
2026-09-28T13:26:09,0,15.0,0.0,0.0,aman,aman
2026-09-28T13:26:11,0,15.0,0.0,0.0,aman,aman
2026-09-28T13:26:12,0,15.0,0.0,0.0,aman,aman
2026-09-28T13:26:14,0,15.0,0.0,0.0,aman,aman
2026-09-28T13:26:16,0,15.0,0.0,0.0,aman,aman
2026-09-28T13:26:17,0,15.0,0.0,0.0,aman,aman
2026-09-28T13:26:19,0,15.0,0.0,0.0,aman,aman
2026-09-28T13:26:21,0,15.0,0.0,0.0,aman,aman
2026-09-28T13:26:22,0,15.0,0.0,0.0,aman,aman
2026-09-28T13:26:24,0,15.0,0.0,0.0,aman,aman
2026-09-28T13:26:26,0,15.0,0.0,0.0,aman,aman
2026-09-28T13:26:27,0,15.0,0.0,0.0,aman,aman
2026-09-28T13:26:29,0,15.0,0.0,0.0,aman,aman
2026-09-28T13:26:31,0,15.0,0.0,0.0,aman,aman
2026-09-28T13:26:32,0,15.0,0.0,0.0,aman,aman
2026-09-28T13:26:34,0,15.0,0.0,0.0,aman,aman
2026-09-28T13:26:36,0,15.0,0.0,0.0,aman,aman
2026-09-28T13:26:37,0,15.0,0.0,0.0,aman,aman
2026-09-28T13:26:39,0,15.0,0.0,0.0,aman,aman
2026-09-28T13:26:40,0,15.0,0.0,0.0,aman,aman
2026-09-28T13:26:42,0,15.0,0.0,0.0,aman,aman
2026-09-28T13:26:44,0,15.0,0.0,0.0,aman,aman
2026-09-28T13:26:45,0,15.0,0.0,0.0,aman,aman
2026-09-28T13:26:47,0,15.0,0.0,0.0,aman,aman
2026-09-28T13:26:48,0,15.0,0.0,0.0,aman,aman
2026-09-28T13:26:50,0,15.0,0.0,0.0,aman,aman
2026-09-28T13:26:51,0,15.0,0.0,0.0,aman,aman
2026-09-28T13:26:53,0,15.0,0.0,0.0,aman,aman
2026-09-28T13:26:55,0,15.0,0.0,0.0,aman,aman
2026-09-28T13:26:56,0,15.0,0.0,0.0,aman,aman
2026-09-28T13:26:58,0,15.0,0.0,0.0,aman,aman
2026-09-28T13:26:59,0,15.0,0.0,0.0,aman,aman
2026-09-28T13:27:01,0,15.0,0.0,0.0,aman,aman
2026-09-28T13:27:03,0,15.0,0.0,0.0,aman,aman
2026-09-28T13:27:04,0,15.0,0.0,0.0,aman,aman
2026-09-28T13:27:06,0,15.0,0.0,0.0,aman,aman
2026-09-28T13:27:07,0,15.0,0.0,0.0,aman,aman
2026-09-28T13:27:09,0,15.0,0.0,0.0,aman,aman
2026-09-28T13:27:10,0,15.0,0.0,0.0,aman,aman
2026-09-28T13:27:12,0,15.0,0.0,0.0,aman,aman
2026-09-28T13:27:14,0,15.0,0.0,0.0,aman,aman
2026-09-28T13:27:16,0,15.0,0.0,0.0,aman,aman
2026-09-28T13:27:17,0,15.0,0.0,0.0,aman,aman
2026-09-28T13:27:19,0,15.0,0.0,0.0,aman,aman
2026-09-28T13:27:21,0,15.0,0.0,0.0,aman,aman
2026-09-28T13:27:22,0,15.0,0.0,0.0,aman,aman
2026-09-28T13:27:24,0,15.0,0.0,0.0,aman,aman
2026-09-28T13:27:25,0,15.0,0.0,0.0,aman,aman
2026-09-28T13:27:27,0,15.0,0.0,0.0,aman,aman
2026-09-28T13:27:28,0,15.0,0.0,0.0,aman,aman
2026-09-28T13:27:30,0,15.0,0.0,0.0,aman,aman
2026-09-28T13:27:31,0,15.0,0.0,0.0,aman,aman
2026-09-28T13:27:33,0,15.0,0.0,0.0,aman,aman
2026-09-28T13:27:34,0,15.0,0.0,0.0,aman,aman
2026-09-28T13:27:36,0,15.0,0.0,0.0,aman,aman
2026-09-28T13:27:37,0,15.0,0.0,0.0,aman,aman
2026-09-28T13:27:39,0,15.0,0.0,0.0,aman,aman
2026-09-28T13:27:40,0,15.0,0.0,0.0,aman,aman
2026-09-28T13:27:42,0,15.0,0.0,0.0,aman,aman
2026-09-28T13:27:44,0,15.0,0.0,0.0,aman,aman
2026-09-28T13:27:45,0,15.0,0.0,0.0,aman,aman
2026-09-28T13:27:47,0,15.0,0.0,0.0,aman,aman
2026-09-28T13:27:48,0,15.0,0.0,0.0,aman,aman
2026-09-28T13:27:50,0,15.0,0.0,0.0,aman,aman
2026-09-28T13:27:51,0,15.0,0.0,0.0,aman,aman
2026-09-28T13:27:53,0,15.0,0.0,0.0,aman,aman
2026-09-28T13:27:55,0,15.0,0.0,0.0,aman,aman
2026-09-28T13:27:56,0,15.0,0.0,0.0,aman,aman
2026-09-28T13:27:58,0,15.0,0.0,0.0,aman,aman
2026-09-28T13:27:59,0,15.0,0.0,0.0,aman,aman
2026-09-28T13:28:01,0,15.0,0.0,0.0,aman,aman
2026-09-28T13:28:03,0,15.0,0.0,0.0,aman,aman
2026-09-28T13:28:04,0,15.0,0.0,0.0,aman,aman
2026-09-28T13:28:06,0,15.0,0.0,0.0,aman,aman
2026-09-28T13:28:08,0,15.0,0.0,0.0,aman,aman
2026-09-28T13:28:09,0,15.0,0.0,0.0,aman,aman
2026-09-28T13:28:11,0,15.0,0.0,0.0,aman,aman
2026-09-28T13:28:12,0,15.0,0.0,0.0,aman,aman
2026-09-28T13:28:14,0,15.0,0.0,0.0,aman,aman
2026-09-28T13:28:15,0,15.0,0.0,0.0,aman,aman
2026-09-28T13:28:17,0,15.0,0.0,0.0,aman,aman
2026-09-28T13:28:19,0,15.0,0.0,0.0,aman,aman
2026-09-28T13:28:20,0,15.0,0.0,0.0,aman,aman
2026-09-28T13:28:22,0,15.0,0.0,0.0,aman,aman
2026-09-28T13:28:24,0,15.0,0.0,0.0,aman,aman
2026-09-28T13:57:01,0,15.0,0.0,0.0,aman,aman
2026-09-28T13:57:03,0,15.0,0.0,0.0,aman,aman
2026-09-28T13:57:04,0,15.0,0.0,0.0,aman,aman
2026-09-28T13:57:06,0,15.0,0.0,0.0,aman,aman
2026-09-28T13:57:07,0,15.0,0.0,0.0,aman,aman
2026-09-28T13:57:08,0,15.0,0.0,0.0,aman,aman
2026-09-28T13:57:10,0,15.0,0.0,0.0,aman,aman
2026-09-28T13:57:12,0,15.0,0.0,0.0,aman,aman
2026-09-28T13:57:13,0,15.0,0.0,0.0,aman,aman
2026-09-28T13:57:14,0,15.0,0.0,0.0,aman,aman
2026-09-28T13:57:16,0,15.0,0.0,0.0,aman,aman
2026-09-28T13:57:17,0,15.0,0.0,0.0,aman,aman
2026-09-28T13:57:19,0,15.0,0.0,0.0,aman,aman
2026-09-28T13:57:20,0,15.0,0.0,0.0,aman,aman
2026-09-28T13:57:22,0,15.0,0.0,0.0,aman,aman
2026-09-28T13:57:23,0,15.0,0.0,0.0,aman,aman
2026-09-28T13:57:24,0,15.0,0.0,0.0,aman,aman
2026-09-28T13:57:26,0,15.0,0.0,0.0,aman,aman
2026-09-28T13:57:27,0,15.0,0.0,0.0,aman,aman
2026-09-28T13:57:28,0,15.0,0.0,0.0,aman,aman
2026-09-28T13:57:30,0,15.0,0.0,0.0,aman,aman
2026-09-28T13:57:31,0,15.0,0.0,0.0,aman,aman
2026-09-28T13:57:32,0,15.0,0.0,0.0,aman,aman
2026-09-28T13:57:34,0,15.0,0.0,0.0,aman,aman
2026-09-28T13:57:35,0,15.0,0.0,0.0,aman,aman
2026-09-28T13:57:37,0,15.0,0.0,0.0,aman,aman
2026-09-28T13:57:38,0,15.0,0.0,0.0,aman,aman
2026-09-28T13:57:40,0,15.0,0.0,0.0,aman,aman
2026-09-28T13:57:41,0,15.0,0.0,0.0,aman,aman
2026-09-28T13:57:43,0,15.0,0.0,0.0,aman,aman
2026-09-28T13:57:44,0,15.0,0.0,0.0,aman,aman
2026-09-28T13:57:45,0,15.0,0.0,0.0,aman,aman
2026-09-28T13:57:47,0,15.0,0.0,0.0,aman,aman
2026-09-28T13:57:48,0,15.0,0.0,0.0,aman,aman
2026-09-28T13:57:50,0,15.0,0.0,0.0,aman,aman
2026-09-28T13:57:51,0,15.0,0.0,0.0,aman,aman
2026-09-28T13:57:53,0,15.0,0.0,0.0,aman,aman
2026-09-28T13:57:54,0,15.0,0.0,0.0,aman,aman
2026-09-28T13:57:55,0,15.0,0.0,0.0,aman,aman
2026-09-28T13:57:57,0,15.0,0.0,0.0,aman,aman
2026-09-28T13:57:58,0,15.0,0.0,0.0,aman,aman
2026-09-28T13:58:00,0,15.0,0.0,0.0,aman,aman
2026-09-28T13:58:01,0,15.0,0.0,0.0,aman,aman
2026-09-28T13:58:03,0,15.0,0.0,0.0,aman,aman
2026-09-28T13:58:04,0,15.0,0.0,0.0,aman,aman
2026-09-28T13:58:06,0,15.0,0.0,0.0,aman,aman
2026-09-28T13:58:07,0,15.0,0.0,0.0,aman,aman
2026-09-28T13:58:09,0,15.0,0.0,0.0,aman,aman
2026-09-28T13:58:10,0,15.0,0.0,0.0,aman,aman
2026-09-28T13:58:12,0,15.0,0.0,0.0,aman,aman
2026-09-28T13:58:13,0,15.0,0.0,0.0,aman,aman
2026-09-28T13:58:14,0,15.0,0.0,0.0,aman,aman
2026-09-28T13:58:16,0,15.0,0.0,0.0,aman,aman
2026-09-28T13:58:17,0,15.0,0.0,0.0,aman,aman
2026-09-28T13:58:18,0,15.0,0.0,0.0,aman,aman
2026-09-28T13:58:20,0,15.0,0.0,0.0,aman,aman
2026-09-28T13:58:21,0,15.0,0.0,0.0,aman,aman
2026-09-28T13:58:22,0,15.0,0.0,0.0,aman,aman
2026-09-28T13:58:24,0,15.0,0.0,0.0,aman,aman
2026-09-28T13:58:25,0,15.0,0.0,0.0,aman,aman
2026-09-28T13:58:27,0,15.0,0.0,0.0,aman,aman
2026-09-28T13:58:28,0,15.0,0.0,0.0,aman,aman
2026-09-28T13:58:29,0,15.0,0.0,0.0,aman,aman
2026-09-28T13:58:31,0,15.0,0.0,0.0,aman,aman
2026-09-28T13:58:32,0,15.0,0.0,0.0,aman,aman
2026-09-28T13:58:33,0,15.0,0.0,0.0,aman,aman
2026-09-28T13:58:34,0,15.0,0.0,0.0,aman,aman
2026-09-28T13:58:36,0,15.0,0.0,0.0,aman,aman
2026-09-28T13:58:37,0,15.0,0.0,0.0,aman,aman
2026-09-28T13:58:39,0,15.0,0.0,0.0,aman,aman
2026-09-28T13:58:40,0,15.0,0.0,0.0,aman,aman
2026-09-28T13:58:42,0,15.0,0.0,0.0,aman,aman
2026-09-28T13:58:43,0,15.0,0.0,0.0,aman,aman
2026-09-28T13:58:45,0,15.0,0.0,0.0,aman,aman
2026-09-28T13:58:46,0,15.0,0.0,0.0,aman,aman
2026-09-28T13:58:48,0,15.0,0.0,0.0,aman,aman
2026-09-28T13:58:49,0,15.0,0.0,0.0,aman,aman
2026-09-28T13:58:51,0,15.0,0.0,0.0,aman,aman
2026-09-28T13:58:52,0,15.0,0.0,0.0,aman,aman
2026-09-28T13:58:54,0,15.0,0.0,0.0,aman,aman
2026-09-28T13:58:56,0,15.0,0.0,0.0,aman,aman
2026-09-28T13:58:57,0,15.0,0.0,0.0,aman,aman
2026-09-28T13:58:58,0,15.0,0.0,0.0,aman,aman
2026-09-28T13:59:00,0,15.0,0.0,0.0,aman,aman
2026-09-28T13:59:01,0,15.0,0.0,0.0,aman,aman
2026-09-28T13:59:03,0,15.0,0.0,0.0,aman,aman
2026-09-28T13:59:04,0,15.0,0.0,0.0,aman,aman
2026-09-28T13:59:06,0,15.0,0.0,0.0,aman,aman
2026-09-28T13:59:07,0,15.0,0.0,0.0,aman,aman
2026-09-28T13:59:08,0,15.0,0.0,0.0,aman,aman
2026-09-28T13:59:10,0,15.0,0.0,0.0,aman,aman
2026-09-28T13:59:11,0,15.0,0.0,0.0,aman,aman
2026-09-28T13:59:13,0,15.0,0.0,0.0,aman,aman
2026-09-28T13:59:14,0,15.0,0.0,0.0,aman,aman
2026-09-28T13:59:16,0,15.0,0.0,0.0,aman,aman
2026-09-28T13:59:17,0,15.0,0.0,0.0,aman,aman
2026-09-28T13:59:18,0,15.0,0.0,0.0,aman,aman
2026-09-28T13:59:20,0,15.0,0.0,0.0,aman,aman
2026-09-28T13:59:21,0,15.0,0.0,0.0,aman,aman
2026-09-28T13:59:23,0,15.0,0.0,0.0,aman,aman
2026-09-28T13:59:24,0,15.0,0.0,0.0,aman,aman
2026-09-28T13:59:26,0,15.0,0.0,0.0,aman,aman
2026-09-28T13:59:27,0,15.0,0.0,0.0,aman,aman
2026-09-28T13:59:29,0,15.0,0.0,0.0,aman,aman
2026-09-28T14:09:00,0,15.0,0.0,0.0,aman,aman
2026-09-28T14:09:06,0,15.0,0.0,0.0,aman,aman
2026-09-28T14:09:09,0,15.0,0.0,0.0,aman,aman
2026-09-28T14:09:11,0,15.0,0.0,0.0,aman,aman
2026-09-28T14:09:12,0,15.0,0.0,0.0,aman,aman
2026-09-28T14:09:14,0,15.0,0.0,0.0,aman,aman
2026-09-28T14:09:16,0,15.0,0.0,0.0,aman,aman
2026-09-28T14:09:18,0,15.0,0.0,0.0,aman,aman
2026-09-28T14:09:20,0,15.0,0.0,0.0,aman,aman
2026-09-28T14:09:22,0,15.0,0.0,0.0,aman,aman
2026-09-28T14:09:23,0,15.0,0.0,0.0,aman,aman
2026-09-28T14:09:25,0,15.0,0.0,0.0,aman,aman
2026-09-28T14:09:27,0,15.0,0.0,0.0,aman,aman
2026-09-28T14:09:29,0,15.0,0.0,0.0,aman,aman
2026-09-28T14:09:31,0,15.0,0.0,0.0,aman,aman
2026-09-28T14:09:33,0,15.0,0.0,0.0,aman,aman
2026-09-28T14:09:35,0,15.0,0.0,0.0,aman,aman
2026-09-28T14:09:36,0,15.0,0.0,0.0,aman,aman
2026-09-28T14:09:38,0,15.0,0.0,0.0,aman,aman
2026-09-28T14:09:40,0,15.0,0.0,0.0,aman,aman
2026-09-28T14:09:42,0,15.0,0.0,0.0,aman,aman
2026-09-28T14:09:44,0,15.0,0.0,0.0,aman,aman
2026-09-28T14:09:46,0,15.0,0.0,0.0,aman,aman
2026-09-28T14:09:48,0,15.0,0.0,0.0,aman,aman
2026-09-28T14:09:50,0,15.0,0.0,0.0,aman,aman
2026-09-28T14:09:52,0,15.0,0.0,0.0,aman,aman
2026-09-28T14:09:54,0,15.0,0.0,0.0,aman,aman
2026-09-28T14:09:56,0,15.0,0.0,0.0,aman,aman
2026-09-28T14:09:58,0,15.0,0.0,0.0,aman,aman
2026-09-28T14:09:59,0,15.0,0.0,0.0,aman,aman
2026-09-28T14:10:01,0,15.0,0.0,0.0,aman,aman
2026-09-28T14:10:03,0,15.0,0.0,0.0,aman,aman
2026-09-28T14:10:05,0,15.0,0.0,0.0,aman,aman
2026-09-28T14:10:06,0,15.0,0.0,0.0,aman,aman
2026-09-28T14:10:08,0,15.0,0.0,0.0,aman,aman
2026-09-28T14:10:10,0,15.0,0.0,0.0,aman,aman
2026-09-28T14:10:12,0,15.0,0.0,0.0,aman,aman
2026-09-28T14:10:13,0,15.0,0.0,0.0,aman,aman
2026-09-28T14:10:15,0,15.0,0.0,0.0,aman,aman
2026-09-28T14:10:16,0,15.0,0.0,0.0,aman,aman
2026-09-28T14:10:18,0,15.0,0.0,0.0,aman,aman
2026-09-28T14:10:20,0,15.0,0.0,0.0,aman,aman
2026-09-28T14:10:22,0,15.0,0.0,0.0,aman,aman
2026-09-28T14:10:23,0,15.0,0.0,0.0,aman,aman
2026-09-28T14:10:25,0,15.0,0.0,0.0,aman,aman
2026-09-28T14:10:27,0,15.0,0.0,0.0,aman,aman
2026-09-28T14:10:29,0,15.0,0.0,0.0,aman,aman
2026-09-28T14:10:30,0,15.0,0.0,0.0,aman,aman
2026-09-28T14:10:32,0,15.0,0.0,0.0,aman,aman
2026-09-28T14:10:34,0,15.0,0.0,0.0,aman,aman
2026-09-28T14:10:35,0,15.0,0.0,0.0,aman,aman
2026-09-28T14:10:37,0,15.0,0.0,0.0,aman,aman
2026-09-28T14:10:38,0,15.0,0.0,0.0,aman,aman
2026-09-28T14:10:40,0,15.0,0.0,0.0,aman,aman
2026-09-28T14:10:42,0,15.0,0.0,0.0,aman,aman
2026-09-28T14:10:43,0,15.0,0.0,0.0,aman,aman
2026-09-28T14:10:45,0,15.0,0.0,0.0,aman,aman
2026-09-28T14:10:47,0,15.0,0.0,0.0,aman,aman
2026-09-28T17:48:22,0,15.0,0.0,0.0,aman,aman
2026-09-28T17:48:24,0,15.0,0.0,0.0,aman,aman
2026-09-28T17:48:26,0,15.0,0.0,0.0,aman,aman
2026-09-28T17:48:27,0,15.0,0.0,0.0,aman,aman
2026-09-28T17:48:29,0,15.0,0.0,0.0,aman,aman
2026-09-28T17:48:31,1,2.0,0.0,84.4,bahaya,aman
2026-09-28T17:48:33,1,2.0,1.7,84.4,bahaya,bahaya
2026-09-28T17:48:34,0,15.0,0.0,0.0,aman,bahaya
2026-09-28T17:48:36,0,15.0,0.0,0.0,aman,bahaya
2026-09-28T17:48:38,1,2.0,0.0,84.4,bahaya,bahaya
2026-09-28T17:48:39,1,2.0,1.9,84.1,bahaya,bahaya
2026-09-28T17:48:41,2,2.0,3.5,83.7,bahaya,bahaya
2026-09-28T17:48:43,2,2.1,1.6,83.1,bahaya,bahaya
2026-09-28T17:48:44,1,2.1,6.8,79.9,bahaya,bahaya
2026-09-28T17:48:46,0,15.0,0.0,0.0,aman,bahaya
2026-09-28T17:48:47,0,15.0,0.0,0.0,aman,bahaya
2026-09-28T17:48:49,0,15.0,0.0,0.0,aman,aman
2026-09-28T17:48:51,0,15.0,0.0,0.0,aman,aman
2026-09-28T17:48:53,0,15.0,0.0,0.0,aman,aman
2026-09-28T17:48:54,0,15.0,0.0,0.0,aman,aman
2026-09-28T17:48:56,0,15.0,0.0,0.0,aman,aman
2026-09-28T17:48:58,0,15.0,0.0,0.0,aman,aman
2026-09-28T17:48:59,0,15.0,0.0,0.0,aman,aman
2026-09-28T17:49:01,0,15.0,0.0,0.0,aman,aman
2026-09-28T17:49:03,0,15.0,0.0,0.0,aman,aman
2026-09-28T17:49:05,1,2.1,0.0,82.8,bahaya,aman
2026-09-28T17:49:07,1,2.0,0.0,84.4,bahaya,bahaya
2026-09-28T17:49:08,1,2.0,1.6,84.4,bahaya,bahaya
2026-09-28T17:49:10,0,15.0,0.0,0.0,aman,bahaya
2026-09-28T17:49:12,0,15.0,0.0,0.0,aman,bahaya
2026-09-28T17:49:13,0,15.0,0.0,0.0,aman,aman
2026-09-28T17:49:15,0,15.0,0.0,0.0,aman,aman
2026-09-28T17:49:17,0,15.0,0.0,0.0,aman,aman
2026-09-28T17:49:18,0,15.0,0.0,0.0,aman,aman
2026-09-28T17:49:20,0,15.0,0.0,0.0,aman,aman
2026-09-28T17:49:22,0,15.0,0.0,0.0,aman,aman
2026-09-28T17:49:24,0,15.0,0.0,0.0,aman,aman
2026-09-28T17:49:25,0,15.0,0.0,0.0,aman,aman
2026-09-28T17:49:27,0,15.0,0.0,0.0,aman,aman
2026-09-28T17:49:29,0,15.0,0.0,0.0,aman,aman
2026-09-28T17:49:30,0,15.0,0.0,0.0,aman,aman
2026-09-28T17:49:32,0,15.0,0.0,0.0,aman,aman
2026-09-28T17:49:34,0,15.0,0.0,0.0,aman,aman
2026-09-28T17:49:36,0,15.0,0.0,0.0,aman,aman
2026-09-28T17:49:38,0,15.0,0.0,0.0,aman,aman
2026-09-28T17:49:40,0,15.0,0.0,0.0,aman,aman
2026-09-29T10:14:13,0,15.0,0.0,0.0,aman,aman
2026-09-29T10:14:14,0,15.0,0.0,0.0,aman,aman
2026-09-29T10:14:48,0,15.0,0.0,0.0,aman,aman
2026-09-29T10:14:50,0,15.0,0.0,0.0,aman,aman
2026-09-29T10:14:51,0,15.0,0.0,0.0,aman,aman
2026-09-29T10:14:52,0,15.0,0.0,0.0,aman,aman
2026-09-29T10:14:53,0,15.0,0.0,0.0,aman,aman
2026-09-29T10:14:54,0,15.0,0.0,0.0,aman,aman
2026-09-29T10:14:55,0,15.0,0.0,0.0,aman,aman
2026-09-29T10:14:56,0,15.0,0.0,0.0,aman,aman
2026-09-29T10:14:57,0,15.0,0.0,0.0,aman,aman
2026-09-29T10:14:58,0,15.0,0.0,0.0,aman,aman
2026-09-29T10:14:59,0,15.0,0.0,0.0,aman,aman
2026-09-29T10:15:00,0,15.0,0.0,0.0,aman,aman
2026-09-29T10:15:01,0,15.0,0.0,0.0,aman,aman
2026-09-29T10:15:02,0,15.0,0.0,0.0,aman,aman
2026-09-29T10:15:03,0,15.0,0.0,0.0,aman,aman
2026-09-29T10:15:04,0,15.0,0.0,0.0,aman,aman
2026-09-29T10:15:05,0,15.0,0.0,0.0,aman,aman
2026-09-29T10:15:06,0,15.0,0.0,0.0,aman,aman
2026-09-29T10:15:07,0,15.0,0.0,0.0,aman,aman
2026-09-29T10:15:09,0,15.0,0.0,0.0,aman,aman
2026-09-29T10:15:10,0,15.0,0.0,0.0,aman,aman
2026-09-29T10:15:11,0,15.0,0.0,0.0,aman,aman
2026-09-29T10:15:12,0,15.0,0.0,0.0,aman,aman
2026-09-29T10:15:13,0,15.0,0.0,0.0,aman,aman
2026-09-29T10:15:14,0,15.0,0.0,0.0,aman,aman
2026-09-29T10:15:15,0,15.0,0.0,0.0,aman,aman
2026-09-29T10:15:16,0,15.0,0.0,0.0,aman,aman
2026-09-29T10:15:17,0,15.0,0.0,0.0,aman,aman
2026-09-29T10:15:18,0,15.0,0.0,0.0,aman,aman
2026-09-29T10:15:19,0,15.0,0.0,0.0,aman,aman
2026-09-29T10:15:20,0,15.0,0.0,0.0,aman,aman
2026-09-29T10:15:22,0,15.0,0.0,0.0,aman,aman
2026-09-29T10:15:23,0,15.0,0.0,0.0,aman,aman
2026-09-29T10:15:24,0,15.0,0.0,0.0,aman,aman
2026-09-29T10:15:25,0,15.0,0.0,0.0,aman,aman
2026-09-29T10:15:26,0,15.0,0.0,0.0,aman,aman
2026-09-29T10:16:13,0,15.0,0.0,0.0,aman,aman
2026-09-29T10:16:14,0,15.0,0.0,0.0,aman,aman
2026-09-29T10:16:15,0,15.0,0.0,0.0,aman,aman
2026-09-29T10:16:16,0,15.0,0.0,0.0,aman,aman
2026-09-29T10:16:18,0,15.0,0.0,0.0,aman,aman
2026-09-29T10:16:19,0,15.0,0.0,0.0,aman,aman
2026-09-29T10:16:20,0,15.0,0.0,0.0,aman,aman
2026-09-29T10:16:21,0,15.0,0.0,0.0,aman,aman
2026-09-29T10:16:22,0,15.0,0.0,0.0,aman,aman
2026-09-29T10:16:23,0,15.0,0.0,0.0,aman,aman
2026-09-29T10:16:24,0,15.0,0.0,0.0,aman,aman
2026-09-29T10:16:26,0,15.0,0.0,0.0,aman,aman
2026-09-29T10:16:27,0,15.0,0.0,0.0,aman,aman
2026-09-29T10:16:28,0,15.0,0.0,0.0,aman,aman
2026-09-29T10:16:29,0,15.0,0.0,0.0,aman,aman
2026-09-29T10:16:30,0,15.0,0.0,0.0,aman,aman
2026-09-29T10:16:31,0,15.0,0.0,0.0,aman,aman
2026-09-29T10:16:32,0,15.0,0.0,0.0,aman,aman
2026-09-29T10:16:34,0,15.0,0.0,0.0,aman,aman
2026-09-29T10:16:35,0,15.0,0.0,0.0,aman,aman
2026-09-29T10:16:36,0,15.0,0.0,0.0,aman,aman
2026-09-29T10:16:37,0,15.0,0.0,0.0,aman,aman
2026-09-29T10:16:38,0,15.0,0.0,0.0,aman,aman
2026-09-29T10:16:39,0,15.0,0.0,0.0,aman,aman
2026-09-29T10:16:40,0,15.0,0.0,0.0,aman,aman
2026-09-29T10:16:42,0,15.0,0.0,0.0,aman,aman
2026-09-29T10:16:43,0,15.0,0.0,0.0,aman,aman
2026-09-29T10:16:44,0,15.0,0.0,0.0,aman,aman
2026-09-29T10:16:45,0,15.0,0.0,0.0,aman,aman
2026-09-29T10:24:36,0,15.0,0.0,0.0,aman,aman
2026-09-29T10:24:44,0,15.0,0.0,0.0,aman,aman
2026-09-29T10:24:46,0,15.0,0.0,0.0,aman,aman
2026-09-29T10:24:47,0,15.0,0.0,0.0,aman,aman
2026-09-29T10:24:49,0,15.0,0.0,0.0,aman,aman
2026-09-29T10:24:50,0,15.0,0.0,0.0,aman,aman
2026-09-29T10:24:52,0,15.0,0.0,0.0,aman,aman
2026-09-29T10:24:53,0,15.0,0.0,0.0,aman,aman
2026-09-29T10:24:55,0,15.0,0.0,0.0,aman,aman
2026-09-29T10:24:56,0,15.0,0.0,0.0,aman,aman
2026-09-29T10:24:57,0,15.0,0.0,0.0,aman,aman
2026-09-29T10:24:59,0,15.0,0.0,0.0,aman,aman
2026-09-29T10:25:00,0,15.0,0.0,0.0,aman,aman
2026-09-29T10:25:02,0,15.0,0.0,0.0,aman,aman
2026-09-29T10:25:04,0,15.0,0.0,0.0,aman,aman
2026-09-29T10:25:05,0,15.0,0.0,0.0,aman,aman
2026-09-29T10:25:07,0,15.0,0.0,0.0,aman,aman
2026-09-29T10:25:08,0,15.0,0.0,0.0,aman,aman
2026-09-29T10:25:09,0,15.0,0.0,0.0,aman,aman
2026-09-29T10:25:11,0,15.0,0.0,0.0,aman,aman
2026-09-29T10:25:12,0,15.0,0.0,0.0,aman,aman
2026-09-29T10:25:14,0,15.0,0.0,0.0,aman,aman
2026-09-29T10:25:15,0,15.0,0.0,0.0,aman,aman
2026-09-29T10:25:16,0,15.0,0.0,0.0,aman,aman
2026-09-29T10:25:18,0,15.0,0.0,0.0,aman,aman
2026-09-29T10:25:22,0,15.0,0.0,0.0,aman,aman
2026-09-29T10:25:24,0,15.0,0.0,0.0,aman,aman
2026-09-29T10:25:25,0,15.0,0.0,0.0,aman,aman
2026-09-29T10:25:27,0,15.0,0.0,0.0,aman,aman
2026-09-29T10:25:28,0,15.0,0.0,0.0,aman,aman
2026-09-29T10:25:30,0,15.0,0.0,0.0,aman,aman
2026-09-29T10:25:31,0,15.0,0.0,0.0,aman,aman
2026-09-29T10:25:33,0,15.0,0.0,0.0,aman,aman
2026-09-29T10:25:34,0,15.0,0.0,0.0,aman,aman
2026-09-29T10:25:36,0,15.0,0.0,0.0,aman,aman
2026-09-29T10:25:37,0,15.0,0.0,0.0,aman,aman
2026-09-29T10:25:39,0,15.0,0.0,0.0,aman,aman
2026-09-29T10:25:40,0,15.0,0.0,0.0,aman,aman
2026-09-29T10:25:42,0,15.0,0.0,0.0,aman,aman
2026-09-29T10:25:43,0,15.0,0.0,0.0,aman,aman
2026-09-29T10:25:44,0,15.0,0.0,0.0,aman,aman
2026-09-29T10:33:02,0,15.0,0.0,0.0,aman,aman
2026-09-29T10:33:03,0,15.0,0.0,0.0,aman,aman
2026-09-29T10:33:05,0,15.0,0.0,0.0,aman,aman
2026-09-29T10:33:06,0,15.0,0.0,0.0,aman,aman
2026-09-29T10:33:08,0,15.0,0.0,0.0,aman,aman
2026-09-29T10:33:09,0,15.0,0.0,0.0,aman,aman
2026-09-29T10:33:11,0,15.0,0.0,0.0,aman,aman
2026-09-29T10:33:12,0,15.0,0.0,0.0,aman,aman
2026-09-29T10:33:14,0,15.0,0.0,0.0,aman,aman
2026-09-29T10:33:15,0,15.0,0.0,0.0,aman,aman
2026-09-29T10:33:17,0,15.0,0.0,0.0,aman,aman
2026-09-29T10:33:18,0,15.0,0.0,0.0,aman,aman
2026-09-29T10:33:20,0,15.0,0.0,0.0,aman,aman
2026-09-29T10:33:22,0,15.0,0.0,0.0,aman,aman
2026-09-29T10:33:23,0,15.0,0.0,0.0,aman,aman
2026-09-29T10:33:25,0,15.0,0.0,0.0,aman,aman
2026-09-29T10:33:26,0,15.0,0.0,0.0,aman,aman
2026-09-29T10:33:28,0,15.0,0.0,0.0,aman,aman
2026-09-29T10:33:29,0,15.0,0.0,0.0,aman,aman
2026-09-29T10:33:31,0,15.0,0.0,0.0,aman,aman
2026-09-29T10:33:32,0,15.0,0.0,0.0,aman,aman
2026-09-29T10:33:34,0,15.0,0.0,0.0,aman,aman
2026-09-29T10:33:35,0,15.0,0.0,0.0,aman,aman
2026-09-29T10:33:37,0,15.0,0.0,0.0,aman,aman
2026-09-29T10:33:38,0,15.0,0.0,0.0,aman,aman
2026-09-29T10:33:40,0,15.0,0.0,0.0,aman,aman
2026-09-29T10:33:41,0,15.0,0.0,0.0,aman,aman
2026-09-29T10:33:43,0,15.0,0.0,0.0,aman,aman
2026-09-29T10:33:44,0,15.0,0.0,0.0,aman,aman
2026-09-29T10:33:46,0,15.0,0.0,0.0,aman,aman
2026-09-29T10:33:47,0,15.0,0.0,0.0,aman,aman
2026-09-29T10:33:49,0,15.0,0.0,0.0,aman,aman
2026-09-29T10:33:50,0,15.0,0.0,0.0,aman,aman
2026-09-29T10:33:52,0,15.0,0.0,0.0,aman,aman
2026-09-29T10:33:53,0,15.0,0.0,0.0,aman,aman
2026-09-29T10:33:55,0,15.0,0.0,0.0,aman,aman
2026-09-29T10:33:56,0,15.0,0.0,0.0,aman,aman
2026-09-29T10:33:58,0,15.0,0.0,0.0,aman,aman
2026-09-29T10:33:59,0,15.0,0.0,0.0,aman,aman
2026-09-29T10:34:01,0,15.0,0.0,0.0,aman,aman
2026-09-29T10:34:02,0,15.0,0.0,0.0,aman,aman
2026-09-29T10:34:04,0,15.0,0.0,0.0,aman,aman
2026-09-29T10:34:05,0,15.0,0.0,0.0,aman,aman
2026-09-29T10:34:07,0,15.0,0.0,0.0,aman,aman
2026-09-29T10:34:08,0,15.0,0.0,0.0,aman,aman
2026-09-29T10:34:10,0,15.0,0.0,0.0,aman,aman
2026-09-29T10:34:11,0,15.0,0.0,0.0,aman,aman
2026-09-29T10:34:13,0,15.0,0.0,0.0,aman,aman
2026-09-29T10:34:14,0,15.0,0.0,0.0,aman,aman
2026-09-29T10:34:16,0,15.0,0.0,0.0,aman,aman
2026-09-29T10:34:17,0,15.0,0.0,0.0,aman,aman
2026-09-29T10:34:19,0,15.0,0.0,0.0,aman,aman
2026-09-29T10:34:20,0,15.0,0.0,0.0,aman,aman
2026-09-29T10:34:22,0,15.0,0.0,0.0,aman,aman
2026-09-29T10:34:23,0,15.0,0.0,0.0,aman,aman
2026-09-29T10:34:25,0,15.0,0.0,0.0,aman,aman
2026-09-29T10:34:26,0,15.0,0.0,0.0,aman,aman
2026-09-29T10:34:27,0,15.0,0.0,0.0,aman,aman
2026-09-29T10:34:29,0,15.0,0.0,0.0,aman,aman
2026-09-29T10:34:30,0,15.0,0.0,0.0,aman,aman
2026-09-29T10:34:32,0,15.0,0.0,0.0,aman,aman
2026-09-29T10:34:33,0,15.0,0.0,0.0,aman,aman
2026-09-29T10:34:35,0,15.0,0.0,0.0,aman,aman
2026-09-29T10:34:37,0,15.0,0.0,0.0,aman,aman
2026-09-29T10:34:38,0,15.0,0.0,0.0,aman,aman
2026-09-29T10:34:39,0,15.0,0.0,0.0,aman,aman
2026-09-29T10:34:41,0,15.0,0.0,0.0,aman,aman
2026-09-29T10:34:42,0,15.0,0.0,0.0,aman,aman
2026-09-29T10:34:44,0,15.0,0.0,0.0,aman,aman
2026-09-29T10:34:45,0,15.0,0.0,0.0,aman,aman
2026-09-29T10:34:46,0,15.0,0.0,0.0,aman,aman
2026-09-29T10:34:48,0,15.0,0.0,0.0,aman,aman
2026-09-29T10:34:50,0,15.0,0.0,0.0,aman,aman
2026-09-29T10:34:51,0,15.0,0.0,0.0,aman,aman
2026-09-29T10:34:53,0,15.0,0.0,0.0,aman,aman
2026-09-29T10:34:55,0,15.0,0.0,0.0,aman,aman
2026-09-29T10:34:56,0,15.0,0.0,0.0,aman,aman
2026-09-29T10:34:58,0,15.0,0.0,0.0,aman,aman
2026-09-29T10:35:00,0,15.0,0.0,0.0,aman,aman
2026-09-29T10:35:01,0,15.0,0.0,0.0,aman,aman
2026-09-29T10:35:03,0,15.0,0.0,0.0,aman,aman
2026-09-29T10:35:04,0,15.0,0.0,0.0,aman,aman
2026-09-29T10:35:06,0,15.0,0.0,0.0,aman,aman
2026-09-29T10:35:07,0,15.0,0.0,0.0,aman,aman
2026-09-29T10:35:09,0,15.0,0.0,0.0,aman,aman
2026-09-29T10:35:11,0,15.0,0.0,0.0,aman,aman
2026-09-29T10:35:12,0,15.0,0.0,0.0,aman,aman
2026-09-29T10:35:14,0,15.0,0.0,0.0,aman,aman
2026-09-29T10:35:15,1,2.0,0.0,84.4,bahaya,aman
2026-09-29T10:35:17,1,2.0,1.4,84.4,bahaya,bahaya
2026-09-29T10:35:18,0,15.0,0.0,0.0,aman,bahaya
2026-09-29T10:35:20,0,15.0,0.0,0.0,aman,bahaya
2026-09-29T10:35:21,0,15.0,0.0,0.0,aman,aman
2026-09-29T10:35:23,0,15.0,0.0,0.0,aman,aman
2026-09-29T10:35:24,0,15.0,0.0,0.0,aman,aman
2026-09-29T10:35:26,0,15.0,0.0,0.0,aman,aman
2026-09-29T10:35:27,0,15.0,0.0,0.0,aman,aman
2026-09-29T10:35:29,0,15.0,0.0,0.0,aman,aman
2026-09-29T10:35:30,0,15.0,0.0,0.0,aman,aman
2026-09-29T10:35:32,0,15.0,0.0,0.0,aman,aman
2026-09-29T10:35:33,0,15.0,0.0,0.0,aman,aman
2026-09-29T10:35:35,0,15.0,0.0,0.0,aman,aman
2026-09-29T10:35:36,0,15.0,0.0,0.0,aman,aman
2026-09-29T10:35:38,0,15.0,0.0,0.0,aman,aman
2026-09-29T10:35:40,0,15.0,0.0,0.0,aman,aman
2026-09-29T10:35:41,0,15.0,0.0,0.0,aman,aman
2026-09-29T10:35:43,0,15.0,0.0,0.0,aman,aman
2026-09-29T10:35:44,0,15.0,0.0,0.0,aman,aman
2026-09-29T10:35:46,0,15.0,0.0,0.0,aman,aman
2026-09-29T10:35:48,0,15.0,0.0,0.0,aman,aman
2026-09-29T10:35:50,0,15.0,0.0,0.0,aman,aman
2026-09-29T10:35:51,0,15.0,0.0,0.0,aman,aman
2026-09-29T10:35:52,0,15.0,0.0,0.0,aman,aman
2026-09-29T10:35:54,0,15.0,0.0,0.0,aman,aman
2026-09-29T10:35:55,0,15.0,0.0,0.0,aman,aman
2026-09-29T10:35:57,0,15.0,0.0,0.0,aman,aman
2026-09-29T10:35:59,0,15.0,0.0,0.0,aman,aman
2026-09-29T10:36:00,0,15.0,0.0,0.0,aman,aman
2026-09-29T10:36:01,0,15.0,0.0,0.0,aman,aman
2026-09-29T10:36:03,0,15.0,0.0,0.0,aman,aman
2026-09-29T10:36:05,0,15.0,0.0,0.0,aman,aman
2026-09-29T10:36:06,0,15.0,0.0,0.0,aman,aman
2026-09-29T10:36:08,0,15.0,0.0,0.0,aman,aman
2026-09-29T10:36:09,0,15.0,0.0,0.0,aman,aman
2026-09-29T10:36:11,0,15.0,0.0,0.0,aman,aman
2026-09-29T10:36:12,0,15.0,0.0,0.0,aman,aman
2026-09-29T10:36:14,0,15.0,0.0,0.0,aman,aman
2026-09-29T10:36:15,0,15.0,0.0,0.0,aman,aman
2026-09-29T10:36:17,0,15.0,0.0,0.0,aman,aman
2026-09-29T10:36:18,0,15.0,0.0,0.0,aman,aman
2026-09-29T10:36:20,0,15.0,0.0,0.0,aman,aman
2026-09-29T10:36:21,0,15.0,0.0,0.0,aman,aman
2026-09-29T10:36:23,0,15.0,0.0,0.0,aman,aman
2026-09-29T10:36:25,0,15.0,0.0,0.0,aman,aman
2026-09-29T10:36:26,0,15.0,0.0,0.0,aman,aman
2026-09-29T10:36:28,0,15.0,0.0,0.0,aman,aman
2026-09-29T10:36:30,0,15.0,0.0,0.0,aman,aman
2026-09-29T10:36:31,0,15.0,0.0,0.0,aman,aman
2026-09-29T10:36:33,0,15.0,0.0,0.0,aman,aman
2026-09-29T10:36:34,0,15.0,0.0,0.0,aman,aman
2026-09-29T10:36:36,0,15.0,0.0,0.0,aman,aman
2026-09-29T10:36:37,0,15.0,0.0,0.0,aman,aman
2026-09-29T10:36:39,0,15.0,0.0,0.0,aman,aman
2026-09-29T10:36:40,0,15.0,0.0,0.0,aman,aman
2026-09-29T10:36:42,0,15.0,0.0,0.0,aman,aman
2026-09-29T10:36:43,0,15.0,0.0,0.0,aman,aman
2026-09-29T10:36:45,0,15.0,0.0,0.0,aman,aman
2026-09-29T10:36:47,0,15.0,0.0,0.0,aman,aman
2026-09-29T10:36:48,0,15.0,0.0,0.0,aman,aman
2026-09-29T10:36:50,1,9.0,0.0,15.6,aman,aman
2026-09-29T10:36:51,1,9.0,1.4,15.6,aman,aman
2026-09-29T10:36:53,0,15.0,0.0,0.0,aman,aman
2026-09-29T10:36:54,0,15.0,0.0,0.0,aman,aman
2026-09-29T10:36:56,0,15.0,0.0,0.0,aman,aman
2026-09-29T10:36:57,0,15.0,0.0,0.0,aman,aman
2026-09-29T10:36:59,0,15.0,0.0,0.0,aman,aman
2026-09-29T10:37:00,0,15.0,0.0,0.0,aman,aman
2026-09-29T10:37:02,0,15.0,0.0,0.0,aman,aman
2026-09-29T10:37:03,0,15.0,0.0,0.0,aman,aman
2026-09-29T10:37:05,1,2.2,0.0,81.4,bahaya,aman
2026-09-29T10:37:06,1,2.0,1.5,84.4,bahaya,bahaya
2026-09-29T10:37:08,1,2.0,3.0,84.4,bahaya,bahaya
2026-09-29T10:37:10,2,2.0,4.6,83.2,bahaya,bahaya
2026-09-29T10:37:12,1,5.8,2.1,41.6,siaga,bahaya
2026-09-29T10:37:13,1,5.8,3.7,41.6,siaga,bahaya
2026-09-29T10:37:15,0,15.0,0.0,0.0,aman,bahaya
2026-09-29T10:37:16,0,15.0,0.0,0.0,aman,bahaya
2026-09-29T10:37:18,0,15.0,0.0,0.0,aman,aman
2026-09-29T10:37:19,0,15.0,0.0,0.0,aman,aman
2026-09-29T10:37:21,0,15.0,0.0,0.0,aman,aman
2026-09-29T10:37:22,0,15.0,0.0,0.0,aman,aman
2026-09-29T10:37:24,0,15.0,0.0,0.0,aman,aman
2026-09-29T10:37:25,0,15.0,0.0,0.0,aman,aman
2026-09-29T10:37:27,0,15.0,0.0,0.0,aman,aman
2026-09-29T10:37:28,0,15.0,0.0,0.0,aman,aman
2026-09-29T10:37:30,0,15.0,0.0,0.0,aman,aman
2026-09-29T10:37:31,0,15.0,0.0,0.0,aman,aman
2026-09-29T10:37:33,0,15.0,0.0,0.0,aman,aman
2026-09-29T10:37:35,0,15.0,0.0,0.0,aman,aman
2026-09-29T10:37:36,0,15.0,0.0,0.0,aman,aman
2026-09-29T10:37:38,0,15.0,0.0,0.0,aman,aman
2026-09-29T10:37:39,0,15.0,0.0,0.0,aman,aman
2026-09-29T10:37:41,0,15.0,0.0,0.0,aman,aman
2026-09-29T10:37:42,0,15.0,0.0,0.0,aman,aman
2026-09-29T10:37:44,0,15.0,0.0,0.0,aman,aman
2026-09-29T10:37:45,0,15.0,0.0,0.0,aman,aman
2026-09-29T10:37:47,0,15.0,0.0,0.0,aman,aman
2026-09-29T10:37:48,0,15.0,0.0,0.0,aman,aman
2026-09-29T10:37:50,0,15.0,0.0,0.0,aman,aman
2026-09-29T10:37:51,0,15.0,0.0,0.0,aman,aman
2026-09-29T10:37:53,0,15.0,0.0,0.0,aman,aman
2026-09-29T10:37:54,0,15.0,0.0,0.0,aman,aman
2026-09-29T10:37:56,0,15.0,0.0,0.0,aman,aman
2026-09-29T10:37:57,0,15.0,0.0,0.0,aman,aman
2026-09-29T10:37:59,0,15.0,0.0,0.0,aman,aman
2026-09-29T10:38:01,0,15.0,0.0,0.0,aman,aman
2026-09-29T10:38:02,0,15.0,0.0,0.0,aman,aman
2026-09-29T10:38:03,0,15.0,0.0,0.0,aman,aman
2026-09-29T10:38:05,0,15.0,0.0,0.0,aman,aman
2026-09-29T10:38:06,0,15.0,0.0,0.0,aman,aman
2026-09-29T10:38:08,0,15.0,0.0,0.0,aman,aman
2026-09-29T10:38:09,0,15.0,0.0,0.0,aman,aman
2026-09-29T10:38:11,0,15.0,0.0,0.0,aman,aman
2026-09-29T10:38:12,0,15.0,0.0,0.0,aman,aman
2026-09-29T10:38:13,0,15.0,0.0,0.0,aman,aman
2026-09-29T10:38:15,0,15.0,0.0,0.0,aman,aman
2026-09-29T10:38:16,0,15.0,0.0,0.0,aman,aman
2026-09-29T10:38:18,0,15.0,0.0,0.0,aman,aman
2026-09-29T10:38:19,0,15.0,0.0,0.0,aman,aman
2026-09-29T10:38:21,0,15.0,0.0,0.0,aman,aman
2026-09-29T10:38:22,0,15.0,0.0,0.0,aman,aman
2026-09-29T10:38:23,0,15.0,0.0,0.0,aman,aman
2026-09-29T10:38:25,0,15.0,0.0,0.0,aman,aman
2026-09-29T10:38:26,0,15.0,0.0,0.0,aman,aman
2026-09-29T10:38:28,0,15.0,0.0,0.0,aman,aman
2026-09-29T10:38:29,0,15.0,0.0,0.0,aman,aman
2026-09-29T10:38:31,0,15.0,0.0,0.0,aman,aman
2026-09-29T10:38:32,0,15.0,0.0,0.0,aman,aman
2026-09-29T10:38:33,0,15.0,0.0,0.0,aman,aman
2026-09-29T10:38:35,0,15.0,0.0,0.0,aman,aman
2026-09-29T10:38:36,0,15.0,0.0,0.0,aman,aman
2026-09-29T10:38:38,0,15.0,0.0,0.0,aman,aman
2026-09-29T10:38:39,0,15.0,0.0,0.0,aman,aman
2026-09-29T10:38:41,0,15.0,0.0,0.0,aman,aman
2026-09-29T10:38:42,0,15.0,0.0,0.0,aman,aman
2026-09-29T10:38:43,0,15.0,0.0,0.0,aman,aman
2026-09-29T10:38:45,0,15.0,0.0,0.0,aman,aman
2026-09-29T10:38:46,0,15.0,0.0,0.0,aman,aman
2026-09-29T10:38:48,0,15.0,0.0,0.0,aman,aman
2026-09-29T10:38:49,0,15.0,0.0,0.0,aman,aman
2026-09-29T10:38:51,0,15.0,0.0,0.0,aman,aman
2026-09-29T10:38:52,0,15.0,0.0,0.0,aman,aman
2026-09-29T10:38:53,0,15.0,0.0,0.0,aman,aman
2026-09-29T10:38:55,0,15.0,0.0,0.0,aman,aman
2026-09-29T10:38:57,0,15.0,0.0,0.0,aman,aman
2026-09-29T10:38:58,0,15.0,0.0,0.0,aman,aman
2026-09-29T10:39:00,0,15.0,0.0,0.0,aman,aman
2026-09-29T10:39:01,0,15.0,0.0,0.0,aman,aman
2026-09-29T10:39:03,0,15.0,0.0,0.0,aman,aman
2026-09-29T10:39:04,0,15.0,0.0,0.0,aman,aman
2026-09-29T10:39:06,0,15.0,0.0,0.0,aman,aman
2026-09-29T10:39:07,0,15.0,0.0,0.0,aman,aman
2026-09-29T10:39:09,0,15.0,0.0,0.0,aman,aman
2026-09-29T10:39:10,0,15.0,0.0,0.0,aman,aman
2026-09-29T10:39:12,0,15.0,0.0,0.0,aman,aman
2026-09-29T10:39:13,0,15.0,0.0,0.0,aman,aman
2026-09-29T10:39:15,0,15.0,0.0,0.0,aman,aman
2026-09-29T10:39:16,0,15.0,0.0,0.0,aman,aman
2026-09-29T10:39:18,0,15.0,0.0,0.0,aman,aman
2026-09-29T10:39:20,0,15.0,0.0,0.0,aman,aman
2026-09-29T10:39:21,0,15.0,0.0,0.0,aman,aman
2026-09-29T10:39:23,0,15.0,0.0,0.0,aman,aman
2026-09-29T10:39:24,0,15.0,0.0,0.0,aman,aman
2026-09-29T10:39:26,0,15.0,0.0,0.0,aman,aman
2026-09-29T10:39:27,0,15.0,0.0,0.0,aman,aman
2026-09-29T10:39:29,0,15.0,0.0,0.0,aman,aman
2026-09-29T10:39:31,0,15.0,0.0,0.0,aman,aman
2026-09-29T10:39:32,0,15.0,0.0,0.0,aman,aman
2026-09-29T10:39:34,0,15.0,0.0,0.0,aman,aman
2026-09-29T10:39:35,0,15.0,0.0,0.0,aman,aman
2026-09-29T10:39:37,0,15.0,0.0,0.0,aman,aman
2026-09-29T10:39:38,0,15.0,0.0,0.0,aman,aman
2026-09-29T10:39:40,0,15.0,0.0,0.0,aman,aman
2026-09-29T10:39:41,0,15.0,0.0,0.0,aman,aman
2026-09-29T10:39:43,0,15.0,0.0,0.0,aman,aman
2026-09-29T10:39:45,0,15.0,0.0,0.0,aman,aman
2026-09-29T10:39:46,0,15.0,0.0,0.0,aman,aman
2026-09-29T10:39:48,0,15.0,0.0,0.0,aman,aman
2026-09-29T10:39:49,0,15.0,0.0,0.0,aman,aman
2026-09-29T10:39:51,0,15.0,0.0,0.0,aman,aman
2026-09-29T10:39:53,0,15.0,0.0,0.0,aman,aman
2026-09-29T10:39:54,0,15.0,0.0,0.0,aman,aman
2026-09-29T10:39:56,0,15.0,0.0,0.0,aman,aman
2026-09-29T10:39:57,0,15.0,0.0,0.0,aman,aman
2026-09-29T10:39:59,0,15.0,0.0,0.0,aman,aman
2026-09-29T10:40:01,0,15.0,0.0,0.0,aman,aman
2026-09-29T10:40:02,0,15.0,0.0,0.0,aman,aman
2026-09-29T10:40:04,0,15.0,0.0,0.0,aman,aman
2026-09-29T10:40:05,0,15.0,0.0,0.0,aman,aman
2026-09-29T10:40:07,0,15.0,0.0,0.0,aman,aman
2026-09-29T10:40:08,0,15.0,0.0,0.0,aman,aman
2026-09-29T10:40:10,0,15.0,0.0,0.0,aman,aman
2026-09-29T10:40:11,0,15.0,0.0,0.0,aman,aman
2026-09-29T10:40:13,0,15.0,0.0,0.0,aman,aman
2026-09-29T10:40:15,0,15.0,0.0,0.0,aman,aman
2026-09-29T10:40:17,0,15.0,0.0,0.0,aman,aman
2026-09-29T10:40:19,0,15.0,0.0,0.0,aman,aman
2026-09-29T10:40:20,0,15.0,0.0,0.0,aman,aman
2026-09-29T10:40:22,0,15.0,0.0,0.0,aman,aman
2026-09-29T10:40:23,0,15.0,0.0,0.0,aman,aman
2026-09-29T10:40:25,0,15.0,0.0,0.0,aman,aman
2026-09-29T10:40:26,0,15.0,0.0,0.0,aman,aman
2026-09-29T10:40:28,0,15.0,0.0,0.0,aman,aman
2026-09-29T10:40:30,0,15.0,0.0,0.0,aman,aman
2026-09-29T10:40:31,0,15.0,0.0,0.0,aman,aman
2026-09-29T10:40:33,0,15.0,0.0,0.0,aman,aman
2026-09-29T10:40:34,0,15.0,0.0,0.0,aman,aman
2026-09-29T10:40:36,0,15.0,0.0,0.0,aman,aman
2026-09-29T10:40:38,0,15.0,0.0,0.0,aman,aman
2026-09-29T10:40:39,0,15.0,0.0,0.0,aman,aman
2026-09-29T10:40:41,0,15.0,0.0,0.0,aman,aman
2026-09-29T10:40:42,0,15.0,0.0,0.0,aman,aman
2026-09-29T10:40:44,0,15.0,0.0,0.0,aman,aman
2026-09-29T10:40:46,0,15.0,0.0,0.0,aman,aman
2026-09-29T10:40:47,0,15.0,0.0,0.0,aman,aman
2026-09-29T10:40:49,0,15.0,0.0,0.0,aman,aman
2026-09-29T10:40:50,0,15.0,0.0,0.0,aman,aman
2026-09-29T10:40:52,0,15.0,0.0,0.0,aman,aman
2026-09-29T10:40:54,0,15.0,0.0,0.0,aman,aman
2026-09-29T10:40:55,0,15.0,0.0,0.0,aman,aman
2026-09-29T10:40:57,0,15.0,0.0,0.0,aman,aman
2026-09-29T10:40:58,0,15.0,0.0,0.0,aman,aman
2026-09-29T10:41:00,0,15.0,0.0,0.0,aman,aman
2026-09-29T10:41:01,0,15.0,0.0,0.0,aman,aman
2026-09-29T10:41:03,0,15.0,0.0,0.0,aman,aman
2026-09-29T10:41:05,0,15.0,0.0,0.0,aman,aman
2026-09-29T10:41:06,0,15.0,0.0,0.0,aman,aman
2026-09-29T10:41:07,0,15.0,0.0,0.0,aman,aman
2026-09-29T13:30:24,0,15.0,0.0,0.0,aman,aman
2026-09-29T13:30:26,0,15.0,0.0,0.0,aman,aman
2026-09-29T13:30:27,0,15.0,0.0,0.0,aman,aman
2026-09-29T13:30:29,0,15.0,0.0,0.0,aman,aman
2026-09-29T13:30:30,0,15.0,0.0,0.0,aman,aman
2026-09-29T13:30:32,0,15.0,0.0,0.0,aman,aman
2026-09-29T13:30:33,0,15.0,0.0,0.0,aman,aman
2026-09-29T13:30:35,0,15.0,0.0,0.0,aman,aman
2026-09-29T13:30:36,0,15.0,0.0,0.0,aman,aman
2026-09-29T13:30:38,0,15.0,0.0,0.0,aman,aman
2026-09-29T13:30:40,0,15.0,0.0,0.0,aman,aman
2026-09-29T13:30:41,0,15.0,0.0,0.0,aman,aman
2026-09-29T13:30:43,0,15.0,0.0,0.0,aman,aman
2026-09-29T13:30:44,0,15.0,0.0,0.0,aman,aman
2026-09-29T13:30:46,0,15.0,0.0,0.0,aman,aman
2026-09-29T13:30:47,0,15.0,0.0,0.0,aman,aman
2026-09-29T13:30:49,0,15.0,0.0,0.0,aman,aman
2026-09-29T13:30:50,0,15.0,0.0,0.0,aman,aman
2026-09-29T13:30:52,0,15.0,0.0,0.0,aman,aman
2026-09-29T13:30:53,0,15.0,0.0,0.0,aman,aman
2026-09-29T13:30:55,0,15.0,0.0,0.0,aman,aman
2026-09-29T13:30:56,0,15.0,0.0,0.0,aman,aman
2026-09-29T13:30:58,0,15.0,0.0,0.0,aman,aman
2026-09-29T13:30:59,0,15.0,0.0,0.0,aman,aman
2026-09-29T13:31:01,0,15.0,0.0,0.0,aman,aman
2026-09-29T13:31:02,0,15.0,0.0,0.0,aman,aman
2026-09-29T13:31:04,0,15.0,0.0,0.0,aman,aman
2026-09-29T13:31:05,1,7.6,0.0,22.0,aman,aman
2026-09-29T13:31:07,1,7.6,1.6,22.0,aman,aman
2026-09-29T13:31:08,0,15.0,0.0,0.0,aman,aman
2026-09-29T13:31:10,0,15.0,0.0,0.0,aman,aman
2026-09-29T13:31:11,0,15.0,0.0,0.0,aman,aman
2026-09-29T13:31:13,0,15.0,0.0,0.0,aman,aman
2026-09-29T13:31:14,0,15.0,0.0,0.0,aman,aman
2026-09-29T13:31:15,0,15.0,0.0,0.0,aman,aman
2026-09-29T13:31:17,0,15.0,0.0,0.0,aman,aman
2026-09-29T13:31:18,0,15.0,0.0,0.0,aman,aman
2026-09-29T13:31:20,0,15.0,0.0,0.0,aman,aman
2026-09-29T13:31:21,0,15.0,0.0,0.0,aman,aman
2026-09-29T13:31:23,1,2.8,0.0,70.7,bahaya,aman
2026-09-29T13:31:24,1,2.0,1.4,84.4,bahaya,bahaya
2026-09-29T13:31:26,1,2.0,3.0,84.4,bahaya,bahaya
2026-09-29T13:31:27,1,2.0,4.6,83.2,bahaya,bahaya
2026-09-29T13:31:29,1,3.0,6.0,66.5,bahaya,bahaya
2026-09-29T13:31:30,1,2.9,7.4,68.3,bahaya,bahaya
2026-09-29T13:31:32,1,2.9,8.9,69.4,bahaya,bahaya
2026-09-29T13:31:33,1,2.9,10.5,69.2,bahaya,bahaya
2026-09-29T13:31:35,1,2.9,11.9,69.1,bahaya,bahaya
2026-09-29T13:31:36,1,3.0,13.4,68.6,bahaya,bahaya
2026-09-29T13:31:38,1,3.0,15.0,68.6,bahaya,bahaya
2026-09-29T13:31:39,1,2.9,16.6,69.0,bahaya,bahaya
2026-09-29T13:31:41,1,2.9,17.9,69.0,bahaya,bahaya
2026-09-29T13:31:42,0,15.0,0.0,0.0,aman,bahaya
2026-09-29T13:31:44,0,15.0,0.0,0.0,aman,bahaya
2026-09-29T13:31:45,0,15.0,0.0,0.0,aman,aman
2026-09-29T13:31:47,0,15.0,0.0,0.0,aman,aman
2026-09-29T13:31:49,0,15.0,0.0,0.0,aman,aman
2026-09-29T13:31:50,0,15.0,0.0,0.0,aman,aman
2026-09-29T13:31:52,1,2.0,0.0,84.4,bahaya,aman
2026-09-29T13:31:53,1,2.0,1.5,84.4,bahaya,bahaya
2026-09-29T13:31:55,0,15.0,0.0,0.0,aman,bahaya
2026-09-29T13:31:56,0,15.0,0.0,0.0,aman,bahaya
2026-09-29T13:31:58,0,15.0,0.0,0.0,aman,aman
2026-09-29T13:31:59,0,15.0,0.0,0.0,aman,aman
2026-09-29T13:32:01,0,15.0,0.0,0.0,aman,aman
2026-09-29T13:32:02,0,15.0,0.0,0.0,aman,aman
2026-09-29T13:32:04,0,15.0,0.0,0.0,aman,aman
2026-09-29T13:32:06,0,15.0,0.0,0.0,aman,aman
2026-09-29T13:32:07,0,15.0,0.0,0.0,aman,aman
2026-09-29T13:32:09,0,15.0,0.0,0.0,aman,aman
2026-09-29T13:32:10,0,15.0,0.0,0.0,aman,aman
2026-09-29T13:32:12,0,15.0,0.0,0.0,aman,aman
2026-09-29T13:32:13,0,15.0,0.0,0.0,aman,aman
2026-09-29T13:32:15,0,15.0,0.0,0.0,aman,aman
2026-09-29T13:32:16,0,15.0,0.0,0.0,aman,aman
2026-09-29T13:32:18,0,15.0,0.0,0.0,aman,aman
2026-09-29T13:32:19,0,15.0,0.0,0.0,aman,aman
2026-09-29T13:32:21,0,15.0,0.0,0.0,aman,aman
2026-09-29T13:32:22,0,15.0,0.0,0.0,aman,aman
2026-09-29T13:32:24,0,15.0,0.0,0.0,aman,aman
2026-09-29T13:32:25,0,15.0,0.0,0.0,aman,aman
2026-09-29T13:32:27,0,15.0,0.0,0.0,aman,aman
2026-09-29T13:32:28,0,15.0,0.0,0.0,aman,aman
2026-09-29T13:32:30,0,15.0,0.0,0.0,aman,aman
2026-09-29T13:32:31,0,15.0,0.0,0.0,aman,aman
2026-09-29T13:32:33,0,15.0,0.0,0.0,aman,aman
2026-09-29T13:32:34,0,15.0,0.0,0.0,aman,aman
2026-09-29T13:32:36,0,15.0,0.0,0.0,aman,aman
2026-09-29T13:32:37,0,15.0,0.0,0.0,aman,aman
2026-09-29T13:32:39,0,15.0,0.0,0.0,aman,aman
2026-09-29T13:32:41,0,15.0,0.0,0.0,aman,aman
2026-09-29T13:32:42,0,15.0,0.0,0.0,aman,aman
2026-09-29T13:32:44,0,15.0,0.0,0.0,aman,aman
2026-09-29T13:32:46,0,15.0,0.0,0.0,aman,aman
2026-09-29T13:32:47,0,15.0,0.0,0.0,aman,aman
2026-09-29T13:32:49,0,15.0,0.0,0.0,aman,aman
2026-09-29T13:32:50,0,15.0,0.0,0.0,aman,aman
2026-09-29T13:32:52,0,15.0,0.0,0.0,aman,aman
2026-09-29T13:32:53,0,15.0,0.0,0.0,aman,aman
2026-09-29T13:32:55,0,15.0,0.0,0.0,aman,aman
2026-09-29T13:32:56,0,15.0,0.0,0.0,aman,aman
2026-09-29T13:32:58,0,15.0,0.0,0.0,aman,aman
2026-09-29T13:33:00,0,15.0,0.0,0.0,aman,aman
2026-09-29T13:33:01,0,15.0,0.0,0.0,aman,aman
2026-09-29T13:33:03,0,15.0,0.0,0.0,aman,aman
2026-09-29T13:33:04,0,15.0,0.0,0.0,aman,aman
2026-09-29T13:33:06,0,15.0,0.0,0.0,aman,aman
2026-09-29T13:33:07,0,15.0,0.0,0.0,aman,aman
2026-09-29T13:33:09,0,15.0,0.0,0.0,aman,aman
2026-09-29T13:33:10,0,15.0,0.0,0.0,aman,aman
2026-09-29T13:33:12,0,15.0,0.0,0.0,aman,aman
2026-09-29T13:33:13,0,15.0,0.0,0.0,aman,aman
2026-09-29T13:33:15,0,15.0,0.0,0.0,aman,aman
2026-09-29T13:33:16,0,15.0,0.0,0.0,aman,aman
2026-09-29T13:33:18,0,15.0,0.0,0.0,aman,aman
2026-09-29T13:33:19,0,15.0,0.0,0.0,aman,aman
2026-09-29T13:33:21,0,15.0,0.0,0.0,aman,aman
2026-09-29T13:33:22,0,15.0,0.0,0.0,aman,aman
2026-09-29T13:33:24,0,15.0,0.0,0.0,aman,aman
2026-09-29T13:33:25,0,15.0,0.0,0.0,aman,aman
2026-09-29T13:33:27,0,15.0,0.0,0.0,aman,aman
2026-09-29T13:33:28,0,15.0,0.0,0.0,aman,aman
2026-09-29T13:33:30,0,15.0,0.0,0.0,aman,aman
2026-09-29T13:33:31,0,15.0,0.0,0.0,aman,aman
2026-09-29T13:33:33,0,15.0,0.0,0.0,aman,aman
2026-09-29T13:33:34,0,15.0,0.0,0.0,aman,aman
2026-09-29T13:39:42,0,15.0,0.0,0.0,aman,aman
2026-09-29T13:39:44,0,15.0,0.0,0.0,aman,aman
2026-09-29T13:39:45,0,15.0,0.0,0.0,aman,aman
2026-09-29T13:39:47,0,15.0,0.0,0.0,aman,aman
2026-09-29T13:39:49,0,15.0,0.0,0.0,aman,aman
2026-09-29T13:39:50,0,15.0,0.0,0.0,aman,aman
2026-09-29T13:39:52,0,15.0,0.0,0.0,aman,aman
2026-09-29T13:39:53,0,15.0,0.0,0.0,aman,aman
2026-09-29T13:39:55,0,15.0,0.0,0.0,aman,aman
2026-09-29T13:39:56,0,15.0,0.0,0.0,aman,aman
2026-09-29T13:39:58,0,15.0,0.0,0.0,aman,aman
2026-09-29T13:39:59,0,15.0,0.0,0.0,aman,aman
2026-09-29T13:40:01,0,15.0,0.0,0.0,aman,aman
2026-09-29T13:40:02,0,15.0,0.0,0.0,aman,aman
2026-09-29T13:40:04,0,15.0,0.0,0.0,aman,aman
2026-09-29T13:40:05,0,15.0,0.0,0.0,aman,aman
2026-09-29T13:40:07,0,15.0,0.0,0.0,aman,aman
2026-09-29T13:40:09,0,15.0,0.0,0.0,aman,aman
2026-09-29T13:40:10,0,15.0,0.0,0.0,aman,aman
2026-09-29T13:40:11,0,15.0,0.0,0.0,aman,aman
2026-09-29T13:40:13,0,15.0,0.0,0.0,aman,aman
2026-09-29T13:40:14,0,15.0,0.0,0.0,aman,aman
2026-09-29T13:40:16,0,15.0,0.0,0.0,aman,aman
2026-09-29T13:40:18,0,15.0,0.0,0.0,aman,aman
2026-09-29T13:40:19,0,15.0,0.0,0.0,aman,aman
2026-09-29T13:40:21,0,15.0,0.0,0.0,aman,aman
2026-09-29T13:40:22,0,15.0,0.0,0.0,aman,aman
2026-09-29T13:40:24,0,15.0,0.0,0.0,aman,aman
2026-09-29T13:40:25,0,15.0,0.0,0.0,aman,aman
2026-09-29T13:40:27,0,15.0,0.0,0.0,aman,aman
2026-09-29T13:40:28,0,15.0,0.0,0.0,aman,aman
2026-09-29T13:40:30,0,15.0,0.0,0.0,aman,aman
2026-09-29T13:40:31,0,15.0,0.0,0.0,aman,aman
2026-09-29T13:40:33,0,15.0,0.0,0.0,aman,aman
2026-09-29T13:40:34,0,15.0,0.0,0.0,aman,aman
2026-09-29T13:40:36,0,15.0,0.0,0.0,aman,aman
2026-09-29T13:40:37,0,15.0,0.0,0.0,aman,aman
2026-09-29T13:40:39,0,15.0,0.0,0.0,aman,aman
2026-09-29T13:40:40,0,15.0,0.0,0.0,aman,aman
2026-09-29T13:40:42,0,15.0,0.0,0.0,aman,aman
2026-09-29T13:40:43,0,15.0,0.0,0.0,aman,aman
2026-09-29T13:40:45,0,15.0,0.0,0.0,aman,aman
2026-09-29T13:40:46,0,15.0,0.0,0.0,aman,aman
2026-09-29T13:40:48,0,15.0,0.0,0.0,aman,aman
2026-09-29T13:40:49,0,15.0,0.0,0.0,aman,aman
2026-09-29T13:40:51,0,15.0,0.0,0.0,aman,aman
2026-09-29T13:40:52,0,15.0,0.0,0.0,aman,aman
2026-09-29T13:40:54,0,15.0,0.0,0.0,aman,aman
2026-09-29T13:40:55,0,15.0,0.0,0.0,aman,aman
2026-09-29T13:40:57,0,15.0,0.0,0.0,aman,aman
2026-09-29T13:40:58,0,15.0,0.0,0.0,aman,aman
2026-09-29T13:40:59,0,15.0,0.0,0.0,aman,aman
2026-09-29T13:41:01,0,15.0,0.0,0.0,aman,aman
2026-09-29T13:41:02,0,15.0,0.0,0.0,aman,aman
2026-09-29T13:41:04,0,15.0,0.0,0.0,aman,aman
2026-09-29T13:41:05,0,15.0,0.0,0.0,aman,aman
2026-09-29T13:41:07,0,15.0,0.0,0.0,aman,aman
2026-09-29T13:41:08,0,15.0,0.0,0.0,aman,aman
2026-09-29T13:41:10,0,15.0,0.0,0.0,aman,aman
2026-09-29T13:41:12,0,15.0,0.0,0.0,aman,aman
2026-09-29T13:41:14,0,15.0,0.0,0.0,aman,aman
2026-09-29T13:41:15,0,15.0,0.0,0.0,aman,aman
2026-09-29T13:41:17,0,15.0,0.0,0.0,aman,aman
2026-09-29T13:41:18,0,15.0,0.0,0.0,aman,aman
2026-09-29T13:41:20,0,15.0,0.0,0.0,aman,aman
2026-09-29T13:41:21,0,15.0,0.0,0.0,aman,aman
2026-09-29T13:41:23,0,15.0,0.0,0.0,aman,aman
2026-09-29T13:41:24,0,15.0,0.0,0.0,aman,aman
2026-09-29T13:41:26,0,15.0,0.0,0.0,aman,aman
2026-09-29T13:41:27,0,15.0,0.0,0.0,aman,aman
2026-09-29T13:41:29,0,15.0,0.0,0.0,aman,aman
2026-09-29T13:41:30,0,15.0,0.0,0.0,aman,aman
2026-09-29T13:41:32,0,15.0,0.0,0.0,aman,aman
2026-09-29T13:41:33,0,15.0,0.0,0.0,aman,aman
2026-09-29T13:41:35,0,15.0,0.0,0.0,aman,aman
2026-09-29T13:41:36,0,15.0,0.0,0.0,aman,aman
2026-09-29T13:41:38,0,15.0,0.0,0.0,aman,aman
2026-09-29T13:41:39,0,15.0,0.0,0.0,aman,aman
2026-09-29T13:41:41,0,15.0,0.0,0.0,aman,aman
2026-09-29T13:41:42,0,15.0,0.0,0.0,aman,aman
2026-09-29T13:41:44,0,15.0,0.0,0.0,aman,aman
2026-09-29T13:41:46,0,15.0,0.0,0.0,aman,aman
2026-09-29T13:41:47,0,15.0,0.0,0.0,aman,aman
2026-09-29T13:41:49,0,15.0,0.0,0.0,aman,aman
2026-09-29T13:41:51,0,15.0,0.0,0.0,aman,aman
2026-09-29T13:41:52,0,15.0,0.0,0.0,aman,aman
2026-09-29T13:45:52,0,15.0,0.0,0.0,aman,aman
2026-09-29T13:45:53,0,15.0,0.0,0.0,aman,aman
2026-09-29T13:45:55,0,15.0,0.0,0.0,aman,aman
2026-09-29T13:45:56,0,15.0,0.0,0.0,aman,aman
2026-09-29T13:45:57,0,15.0,0.0,0.0,aman,aman
2026-09-29T13:45:59,0,15.0,0.0,0.0,aman,aman
2026-09-29T13:46:00,0,15.0,0.0,0.0,aman,aman
2026-09-29T13:46:01,0,15.0,0.0,0.0,aman,aman
2026-09-29T13:46:03,0,15.0,0.0,0.0,aman,aman
2026-09-29T13:46:04,0,15.0,0.0,0.0,aman,aman
2026-09-29T13:46:06,0,15.0,0.0,0.0,aman,aman
2026-09-29T13:46:07,0,15.0,0.0,0.0,aman,aman
2026-09-29T13:46:08,0,15.0,0.0,0.0,aman,aman
2026-09-29T13:46:10,0,15.0,0.0,0.0,aman,aman
2026-09-29T13:46:11,0,15.0,0.0,0.0,aman,aman
2026-09-29T13:46:13,0,15.0,0.0,0.0,aman,aman
2026-09-29T13:46:14,0,15.0,0.0,0.0,aman,aman
2026-09-29T13:46:16,0,15.0,0.0,0.0,aman,aman
2026-09-29T13:46:18,0,15.0,0.0,0.0,aman,aman
2026-09-29T13:46:20,0,15.0,0.0,0.0,aman,aman
2026-09-29T13:46:21,0,15.0,0.0,0.0,aman,aman
2026-09-29T13:46:23,0,15.0,0.0,0.0,aman,aman
2026-09-29T13:46:24,0,15.0,0.0,0.0,aman,aman
2026-09-29T13:46:25,0,15.0,0.0,0.0,aman,aman
2026-09-29T13:46:27,0,15.0,0.0,0.0,aman,aman
2026-09-29T13:46:28,0,15.0,0.0,0.0,aman,aman
2026-09-29T13:46:29,0,15.0,0.0,0.0,aman,aman
2026-09-29T13:46:30,0,15.0,0.0,0.0,aman,aman
2026-09-29T13:46:31,0,15.0,0.0,0.0,aman,aman
2026-09-29T13:46:32,0,15.0,0.0,0.0,aman,aman
2026-09-29T13:46:33,0,15.0,0.0,0.0,aman,aman
2026-09-29T13:46:34,0,15.0,0.0,0.0,aman,aman
2026-09-29T13:46:35,0,15.0,0.0,0.0,aman,aman
2026-09-29T13:46:36,0,15.0,0.0,0.0,aman,aman
2026-09-29T13:46:37,0,15.0,0.0,0.0,aman,aman
2026-09-29T13:46:38,0,15.0,0.0,0.0,aman,aman
2026-09-29T13:46:39,0,15.0,0.0,0.0,aman,aman
2026-09-29T13:46:40,0,15.0,0.0,0.0,aman,aman
2026-09-29T13:46:41,0,15.0,0.0,0.0,aman,aman
2026-09-29T13:46:42,0,15.0,0.0,0.0,aman,aman
2026-09-29T13:46:43,0,15.0,0.0,0.0,aman,aman
2026-09-29T13:46:44,0,15.0,0.0,0.0,aman,aman
2026-09-29T13:46:46,0,15.0,0.0,0.0,aman,aman
2026-09-29T13:46:47,0,15.0,0.0,0.0,aman,aman
2026-09-29T13:46:48,0,15.0,0.0,0.0,aman,aman
2026-09-29T13:46:49,0,15.0,0.0,0.0,aman,aman
2026-09-29T13:46:51,0,15.0,0.0,0.0,aman,aman
2026-09-29T13:46:52,0,15.0,0.0,0.0,aman,aman
2026-09-29T13:46:53,0,15.0,0.0,0.0,aman,aman
2026-09-29T13:46:54,0,15.0,0.0,0.0,aman,aman
2026-09-29T13:46:55,0,15.0,0.0,0.0,aman,aman
2026-09-29T13:46:56,0,15.0,0.0,0.0,aman,aman
2026-09-29T13:46:57,0,15.0,0.0,0.0,aman,aman
2026-09-29T13:46:59,0,15.0,0.0,0.0,aman,aman
2026-09-29T13:47:00,0,15.0,0.0,0.0,aman,aman
2026-09-29T13:47:01,0,15.0,0.0,0.0,aman,aman
2026-09-29T13:47:02,0,15.0,0.0,0.0,aman,aman
2026-09-29T13:47:03,0,15.0,0.0,0.0,aman,aman
2026-09-29T13:47:04,0,15.0,0.0,0.0,aman,aman
2026-09-29T13:47:05,0,15.0,0.0,0.0,aman,aman
2026-09-29T13:47:06,0,15.0,0.0,0.0,aman,aman
2026-09-29T13:47:07,0,15.0,0.0,0.0,aman,aman
2026-09-29T13:47:09,0,15.0,0.0,0.0,aman,aman
2026-09-29T13:47:10,0,15.0,0.0,0.0,aman,aman
2026-09-29T13:47:11,0,15.0,0.0,0.0,aman,aman
2026-09-29T13:47:12,0,15.0,0.0,0.0,aman,aman
2026-09-29T13:47:13,0,15.0,0.0,0.0,aman,aman
2026-09-29T13:47:14,0,15.0,0.0,0.0,aman,aman
2026-09-29T13:47:15,0,15.0,0.0,0.0,aman,aman
2026-09-29T13:47:16,0,15.0,0.0,0.0,aman,aman
2026-09-29T13:47:17,0,15.0,0.0,0.0,aman,aman
2026-09-29T13:47:18,0,15.0,0.0,0.0,aman,aman
2026-09-29T13:47:19,0,15.0,0.0,0.0,aman,aman
2026-09-29T13:47:20,0,15.0,0.0,0.0,aman,aman
2026-09-29T13:47:21,0,15.0,0.0,0.0,aman,aman
2026-09-29T13:47:22,0,15.0,0.0,0.0,aman,aman
2026-09-29T13:47:23,0,15.0,0.0,0.0,aman,aman
2026-09-29T13:47:24,0,15.0,0.0,0.0,aman,aman
2026-09-29T13:47:25,0,15.0,0.0,0.0,aman,aman
2026-09-29T13:47:26,0,15.0,0.0,0.0,aman,aman
2026-09-29T13:47:27,0,15.0,0.0,0.0,aman,aman
2026-09-29T13:47:28,0,15.0,0.0,0.0,aman,aman
2026-09-29T13:47:29,0,15.0,0.0,0.0,aman,aman
2026-09-29T13:47:30,0,15.0,0.0,0.0,aman,aman
2026-09-29T13:47:31,0,15.0,0.0,0.0,aman,aman
2026-09-29T13:47:32,0,15.0,0.0,0.0,aman,aman
2026-09-29T13:47:33,0,15.0,0.0,0.0,aman,aman
2026-09-29T13:47:34,0,15.0,0.0,0.0,aman,aman
2026-09-29T13:47:35,0,15.0,0.0,0.0,aman,aman
2026-09-29T13:47:36,0,15.0,0.0,0.0,aman,aman
2026-09-29T13:47:37,0,15.0,0.0,0.0,aman,aman
2026-09-29T13:47:38,0,15.0,0.0,0.0,aman,aman
2026-09-29T13:47:39,0,15.0,0.0,0.0,aman,aman
2026-09-29T13:47:40,0,15.0,0.0,0.0,aman,aman
2026-09-29T13:47:41,0,15.0,0.0,0.0,aman,aman
2026-09-29T13:47:42,0,15.0,0.0,0.0,aman,aman
2026-09-29T13:47:43,0,15.0,0.0,0.0,aman,aman
2026-09-29T13:47:44,0,15.0,0.0,0.0,aman,aman
2026-09-29T13:47:45,0,15.0,0.0,0.0,aman,aman
2026-09-29T13:47:47,0,15.0,0.0,0.0,aman,aman
2026-09-29T13:47:48,0,15.0,0.0,0.0,aman,aman
2026-09-29T13:47:49,0,15.0,0.0,0.0,aman,aman
2026-09-29T13:47:50,0,15.0,0.0,0.0,aman,aman
2026-09-29T13:47:51,0,15.0,0.0,0.0,aman,aman
2026-09-29T13:47:52,0,15.0,0.0,0.0,aman,aman
2026-09-29T13:47:53,0,15.0,0.0,0.0,aman,aman
2026-09-29T13:47:54,0,15.0,0.0,0.0,aman,aman
2026-09-29T13:47:55,0,15.0,0.0,0.0,aman,aman
2026-09-29T13:47:56,0,15.0,0.0,0.0,aman,aman
2026-09-29T13:47:57,0,15.0,0.0,0.0,aman,aman
2026-09-29T13:47:58,0,15.0,0.0,0.0,aman,aman
2026-09-29T13:47:59,0,15.0,0.0,0.0,aman,aman
2026-09-29T13:48:00,0,15.0,0.0,0.0,aman,aman
2026-09-29T13:48:01,0,15.0,0.0,0.0,aman,aman
2026-09-29T13:48:02,0,15.0,0.0,0.0,aman,aman
2026-09-29T13:48:03,0,15.0,0.0,0.0,aman,aman
2026-09-29T13:48:04,0,15.0,0.0,0.0,aman,aman
2026-09-29T13:48:05,0,15.0,0.0,0.0,aman,aman
2026-09-29T13:48:06,0,15.0,0.0,0.0,aman,aman
2026-09-29T13:48:07,0,15.0,0.0,0.0,aman,aman
2026-09-29T13:48:08,0,15.0,0.0,0.0,aman,aman
2026-09-29T13:48:09,0,15.0,0.0,0.0,aman,aman
2026-09-29T13:48:10,0,15.0,0.0,0.0,aman,aman
2026-09-29T13:48:11,0,15.0,0.0,0.0,aman,aman
2026-09-29T13:48:12,0,15.0,0.0,0.0,aman,aman
2026-09-29T13:48:13,0,15.0,0.0,0.0,aman,aman
2026-09-29T13:48:14,0,15.0,0.0,0.0,aman,aman
2026-09-29T13:48:15,0,15.0,0.0,0.0,aman,aman
2026-09-29T13:48:16,0,15.0,0.0,0.0,aman,aman
2026-09-29T13:48:17,0,15.0,0.0,0.0,aman,aman
2026-09-29T13:48:18,0,15.0,0.0,0.0,aman,aman
2026-09-29T13:48:20,0,15.0,0.0,0.0,aman,aman
2026-09-29T13:48:21,0,15.0,0.0,0.0,aman,aman
2026-09-29T13:48:22,0,15.0,0.0,0.0,aman,aman
2026-09-29T13:48:23,0,15.0,0.0,0.0,aman,aman
2026-09-29T13:48:24,0,15.0,0.0,0.0,aman,aman
2026-09-29T13:48:25,0,15.0,0.0,0.0,aman,aman
2026-09-29T13:48:26,0,15.0,0.0,0.0,aman,aman
2026-09-29T13:48:28,0,15.0,0.0,0.0,aman,aman
2026-09-29T13:48:29,0,15.0,0.0,0.0,aman,aman
2026-09-29T13:48:30,0,15.0,0.0,0.0,aman,aman
2026-09-29T13:48:31,0,15.0,0.0,0.0,aman,aman
2026-09-29T13:48:32,0,15.0,0.0,0.0,aman,aman
2026-09-29T13:48:33,0,15.0,0.0,0.0,aman,aman
2026-09-29T13:48:34,0,15.0,0.0,0.0,aman,aman
2026-09-29T13:48:35,0,15.0,0.0,0.0,aman,aman
2026-09-29T13:48:36,0,15.0,0.0,0.0,aman,aman
2026-09-29T13:48:37,0,15.0,0.0,0.0,aman,aman
2026-09-29T13:48:38,0,15.0,0.0,0.0,aman,aman
2026-09-29T13:48:39,0,15.0,0.0,0.0,aman,aman
2026-09-29T13:48:40,0,15.0,0.0,0.0,aman,aman
2026-09-29T13:48:41,0,15.0,0.0,0.0,aman,aman
2026-09-29T13:48:42,0,15.0,0.0,0.0,aman,aman
2026-09-29T13:48:43,0,15.0,0.0,0.0,aman,aman
2026-09-29T13:48:44,0,15.0,0.0,0.0,aman,aman
2026-09-29T13:48:45,0,15.0,0.0,0.0,aman,aman
2026-09-29T13:48:46,0,15.0,0.0,0.0,aman,aman
2026-09-29T13:48:47,0,15.0,0.0,0.0,aman,aman
2026-09-29T13:48:48,0,15.0,0.0,0.0,aman,aman
2026-09-29T13:48:49,0,15.0,0.0,0.0,aman,aman
2026-09-29T13:48:50,0,15.0,0.0,0.0,aman,aman
2026-09-29T13:48:52,0,15.0,0.0,0.0,aman,aman
2026-09-29T13:48:53,0,15.0,0.0,0.0,aman,aman
2026-09-29T13:48:54,0,15.0,0.0,0.0,aman,aman
2026-09-29T13:48:55,0,15.0,0.0,0.0,aman,aman
2026-09-29T13:48:56,0,15.0,0.0,0.0,aman,aman
2026-09-29T13:48:57,0,15.0,0.0,0.0,aman,aman
2026-09-29T13:48:58,0,15.0,0.0,0.0,aman,aman
2026-09-29T13:48:59,0,15.0,0.0,0.0,aman,aman
2026-09-29T13:49:00,0,15.0,0.0,0.0,aman,aman
2026-09-29T13:49:01,0,15.0,0.0,0.0,aman,aman
2026-09-29T13:49:02,0,15.0,0.0,0.0,aman,aman
2026-09-29T13:49:03,0,15.0,0.0,0.0,aman,aman
2026-09-29T13:49:05,0,15.0,0.0,0.0,aman,aman
2026-09-29T13:49:06,0,15.0,0.0,0.0,aman,aman
2026-09-29T13:49:07,0,15.0,0.0,0.0,aman,aman
2026-09-29T13:49:08,0,15.0,0.0,0.0,aman,aman
2026-09-29T13:49:09,0,15.0,0.0,0.0,aman,aman
2026-09-29T13:49:10,0,15.0,0.0,0.0,aman,aman
2026-09-29T13:49:11,0,15.0,0.0,0.0,aman,aman
2026-09-29T13:49:12,0,15.0,0.0,0.0,aman,aman
2026-09-29T13:49:13,0,15.0,0.0,0.0,aman,aman
2026-09-29T13:49:14,0,15.0,0.0,0.0,aman,aman
2026-09-29T13:49:16,0,15.0,0.0,0.0,aman,aman
2026-09-29T13:49:17,0,15.0,0.0,0.0,aman,aman
2026-09-29T13:49:18,0,15.0,0.0,0.0,aman,aman
2026-09-29T13:49:19,0,15.0,0.0,0.0,aman,aman
2026-09-29T13:49:20,0,15.0,0.0,0.0,aman,aman
2026-09-29T13:49:21,0,15.0,0.0,0.0,aman,aman
2026-09-29T13:49:22,0,15.0,0.0,0.0,aman,aman
2026-09-29T13:49:23,0,15.0,0.0,0.0,aman,aman
2026-09-29T13:49:24,0,15.0,0.0,0.0,aman,aman
2026-09-29T13:49:25,0,15.0,0.0,0.0,aman,aman
2026-09-29T13:49:26,0,15.0,0.0,0.0,aman,aman
2026-09-29T13:49:27,0,15.0,0.0,0.0,aman,aman
2026-09-29T13:49:28,0,15.0,0.0,0.0,aman,aman
2026-09-29T13:49:29,0,15.0,0.0,0.0,aman,aman
2026-09-29T13:49:30,0,15.0,0.0,0.0,aman,aman
2026-09-29T13:49:31,0,15.0,0.0,0.0,aman,aman
2026-09-29T13:49:33,0,15.0,0.0,0.0,aman,aman
2026-09-29T13:49:34,0,15.0,0.0,0.0,aman,aman
2026-09-29T13:49:35,0,15.0,0.0,0.0,aman,aman
2026-09-29T13:49:36,0,15.0,0.0,0.0,aman,aman
2026-09-29T13:49:37,0,15.0,0.0,0.0,aman,aman
2026-09-29T13:49:38,0,15.0,0.0,0.0,aman,aman
2026-09-29T13:49:39,0,15.0,0.0,0.0,aman,aman
2026-09-29T13:49:40,0,15.0,0.0,0.0,aman,aman
2026-09-29T13:49:41,0,15.0,0.0,0.0,aman,aman
2026-09-29T13:49:42,0,15.0,0.0,0.0,aman,aman
2026-09-29T13:49:43,0,15.0,0.0,0.0,aman,aman
2026-09-29T13:49:44,0,15.0,0.0,0.0,aman,aman
2026-09-29T13:49:45,0,15.0,0.0,0.0,aman,aman
2026-09-29T13:49:46,0,15.0,0.0,0.0,aman,aman
2026-09-29T13:49:47,0,15.0,0.0,0.0,aman,aman
2026-09-29T13:49:49,0,15.0,0.0,0.0,aman,aman
2026-09-29T13:49:50,0,15.0,0.0,0.0,aman,aman
2026-09-29T13:49:51,0,15.0,0.0,0.0,aman,aman
2026-09-29T13:49:53,0,15.0,0.0,0.0,aman,aman
2026-09-29T13:49:54,0,15.0,0.0,0.0,aman,aman
2026-09-29T13:49:55,0,15.0,0.0,0.0,aman,aman
2026-09-29T13:49:56,0,15.0,0.0,0.0,aman,aman
2026-09-29T13:49:57,0,15.0,0.0,0.0,aman,aman
2026-09-29T13:49:58,0,15.0,0.0,0.0,aman,aman
2026-09-29T13:49:59,0,15.0,0.0,0.0,aman,aman
2026-09-29T13:50:00,0,15.0,0.0,0.0,aman,aman
2026-09-29T13:50:01,0,15.0,0.0,0.0,aman,aman
2026-09-29T13:50:03,0,15.0,0.0,0.0,aman,aman
2026-09-29T13:50:04,0,15.0,0.0,0.0,aman,aman
2026-09-29T13:50:05,0,15.0,0.0,0.0,aman,aman
2026-09-29T13:50:06,0,15.0,0.0,0.0,aman,aman
2026-09-29T13:50:07,0,15.0,0.0,0.0,aman,aman
2026-09-29T13:50:08,0,15.0,0.0,0.0,aman,aman
2026-09-29T13:50:09,0,15.0,0.0,0.0,aman,aman
2026-09-29T13:50:10,0,15.0,0.0,0.0,aman,aman
2026-09-29T13:50:11,0,15.0,0.0,0.0,aman,aman
2026-09-29T13:50:12,0,15.0,0.0,0.0,aman,aman
2026-09-29T13:50:13,0,15.0,0.0,0.0,aman,aman
2026-09-29T13:50:14,0,15.0,0.0,0.0,aman,aman
2026-09-29T13:50:15,0,15.0,0.0,0.0,aman,aman
2026-09-29T13:50:16,0,15.0,0.0,0.0,aman,aman
2026-09-29T13:50:17,0,15.0,0.0,0.0,aman,aman
2026-09-29T13:50:18,0,15.0,0.0,0.0,aman,aman
2026-09-29T13:50:20,0,15.0,0.0,0.0,aman,aman
2026-09-29T13:50:21,0,15.0,0.0,0.0,aman,aman
2026-09-29T13:50:22,0,15.0,0.0,0.0,aman,aman
2026-09-29T13:50:23,0,15.0,0.0,0.0,aman,aman
2026-09-29T13:50:24,0,15.0,0.0,0.0,aman,aman
2026-09-29T13:50:26,0,15.0,0.0,0.0,aman,aman
2026-09-29T13:50:27,0,15.0,0.0,0.0,aman,aman
2026-09-29T13:50:28,0,15.0,0.0,0.0,aman,aman
2026-09-29T13:50:29,0,15.0,0.0,0.0,aman,aman
2026-09-29T13:50:30,0,15.0,0.0,0.0,aman,aman
2026-09-29T13:50:31,0,15.0,0.0,0.0,aman,aman
2026-09-29T13:50:32,0,15.0,0.0,0.0,aman,aman
2026-09-29T13:50:33,0,15.0,0.0,0.0,aman,aman
2026-09-29T13:50:34,0,15.0,0.0,0.0,aman,aman
2026-09-29T13:50:35,0,15.0,0.0,0.0,aman,aman
2026-09-29T13:50:36,0,15.0,0.0,0.0,aman,aman
2026-09-29T13:50:37,0,15.0,0.0,0.0,aman,aman
2026-09-29T13:50:38,0,15.0,0.0,0.0,aman,aman
2026-09-29T13:50:39,0,15.0,0.0,0.0,aman,aman
2026-09-29T13:50:40,0,15.0,0.0,0.0,aman,aman
2026-09-29T13:50:41,0,15.0,0.0,0.0,aman,aman
2026-09-29T13:50:42,0,15.0,0.0,0.0,aman,aman
2026-09-29T13:50:43,0,15.0,0.0,0.0,aman,aman
2026-09-29T13:50:44,0,15.0,0.0,0.0,aman,aman
2026-09-29T13:50:45,0,15.0,0.0,0.0,aman,aman
2026-09-29T13:50:46,0,15.0,0.0,0.0,aman,aman
2026-09-29T13:50:47,0,15.0,0.0,0.0,aman,aman
2026-09-29T13:50:48,0,15.0,0.0,0.0,aman,aman
2026-09-29T13:50:49,0,15.0,0.0,0.0,aman,aman
2026-09-29T13:50:50,0,15.0,0.0,0.0,aman,aman
2026-09-29T13:50:51,0,15.0,0.0,0.0,aman,aman
2026-09-29T13:50:52,0,15.0,0.0,0.0,aman,aman
2026-09-29T13:50:53,0,15.0,0.0,0.0,aman,aman
2026-09-29T13:50:54,0,15.0,0.0,0.0,aman,aman
2026-09-29T13:50:55,0,15.0,0.0,0.0,aman,aman
2026-09-29T13:50:56,0,15.0,0.0,0.0,aman,aman
2026-09-29T13:50:57,0,15.0,0.0,0.0,aman,aman
2026-09-29T13:50:58,0,15.0,0.0,0.0,aman,aman
2026-09-29T13:51:00,0,15.0,0.0,0.0,aman,aman
2026-09-29T13:51:01,0,15.0,0.0,0.0,aman,aman
2026-09-29T13:51:02,0,15.0,0.0,0.0,aman,aman
2026-09-29T13:51:03,0,15.0,0.0,0.0,aman,aman
2026-09-29T13:51:04,0,15.0,0.0,0.0,aman,aman
2026-09-29T13:51:05,0,15.0,0.0,0.0,aman,aman
2026-09-29T13:51:06,0,15.0,0.0,0.0,aman,aman
2026-09-29T13:51:07,0,15.0,0.0,0.0,aman,aman
2026-09-29T13:51:08,0,15.0,0.0,0.0,aman,aman
2026-09-29T13:51:10,0,15.0,0.0,0.0,aman,aman
2026-09-29T13:51:11,0,15.0,0.0,0.0,aman,aman
2026-09-29T13:51:12,0,15.0,0.0,0.0,aman,aman
2026-09-29T13:51:13,0,15.0,0.0,0.0,aman,aman
2026-09-29T13:51:14,0,15.0,0.0,0.0,aman,aman
2026-09-29T13:51:15,0,15.0,0.0,0.0,aman,aman
2026-09-29T13:51:16,0,15.0,0.0,0.0,aman,aman
2026-09-29T13:51:17,0,15.0,0.0,0.0,aman,aman
2026-09-29T13:51:18,0,15.0,0.0,0.0,aman,aman
2026-09-29T13:51:19,0,15.0,0.0,0.0,aman,aman
2026-09-29T13:51:20,0,15.0,0.0,0.0,aman,aman
2026-09-29T13:51:21,0,15.0,0.0,0.0,aman,aman
2026-09-29T13:51:22,0,15.0,0.0,0.0,aman,aman
2026-09-29T13:51:23,0,15.0,0.0,0.0,aman,aman
2026-09-29T13:51:24,0,15.0,0.0,0.0,aman,aman
2026-09-29T13:51:25,0,15.0,0.0,0.0,aman,aman
2026-09-29T13:51:26,0,15.0,0.0,0.0,aman,aman
2026-09-29T13:51:27,0,15.0,0.0,0.0,aman,aman
2026-09-29T13:51:28,0,15.0,0.0,0.0,aman,aman
2026-09-29T13:51:29,0,15.0,0.0,0.0,aman,aman
2026-09-29T13:51:30,0,15.0,0.0,0.0,aman,aman
2026-09-29T13:51:31,0,15.0,0.0,0.0,aman,aman
2026-09-29T13:51:32,0,15.0,0.0,0.0,aman,aman
2026-09-29T13:51:33,0,15.0,0.0,0.0,aman,aman
2026-09-29T13:51:34,0,15.0,0.0,0.0,aman,aman
2026-09-29T13:51:35,0,15.0,0.0,0.0,aman,aman
2026-09-29T13:51:36,0,15.0,0.0,0.0,aman,aman
2026-09-29T13:51:37,0,15.0,0.0,0.0,aman,aman
2026-09-29T13:51:38,0,15.0,0.0,0.0,aman,aman
2026-09-29T13:51:39,0,15.0,0.0,0.0,aman,aman
2026-09-29T13:51:41,0,15.0,0.0,0.0,aman,aman
2026-09-29T13:51:42,0,15.0,0.0,0.0,aman,aman
2026-09-29T13:51:43,0,15.0,0.0,0.0,aman,aman
2026-09-29T13:51:44,0,15.0,0.0,0.0,aman,aman
2026-09-29T13:51:45,0,15.0,0.0,0.0,aman,aman
2026-09-29T13:51:46,0,15.0,0.0,0.0,aman,aman
2026-09-29T13:51:47,0,15.0,0.0,0.0,aman,aman
2026-09-29T13:51:48,0,15.0,0.0,0.0,aman,aman
2026-09-29T13:51:49,0,15.0,0.0,0.0,aman,aman
2026-09-29T13:51:50,0,15.0,0.0,0.0,aman,aman
2026-09-29T13:51:51,0,15.0,0.0,0.0,aman,aman
2026-09-29T13:51:52,0,15.0,0.0,0.0,aman,aman
2026-09-29T13:51:53,0,15.0,0.0,0.0,aman,aman
2026-09-29T13:51:54,0,15.0,0.0,0.0,aman,aman
2026-09-29T13:51:55,0,15.0,0.0,0.0,aman,aman
2026-09-29T13:51:56,0,15.0,0.0,0.0,aman,aman
2026-09-29T13:51:57,0,15.0,0.0,0.0,aman,aman
2026-09-29T13:51:58,0,15.0,0.0,0.0,aman,aman
2026-09-29T13:51:59,0,15.0,0.0,0.0,aman,aman
2026-09-29T13:52:00,0,15.0,0.0,0.0,aman,aman
2026-09-29T13:52:01,0,15.0,0.0,0.0,aman,aman
2026-09-29T13:52:02,0,15.0,0.0,0.0,aman,aman
2026-09-29T13:52:03,0,15.0,0.0,0.0,aman,aman
2026-09-29T13:52:04,0,15.0,0.0,0.0,aman,aman
2026-09-29T13:52:05,0,15.0,0.0,0.0,aman,aman
2026-09-29T13:52:06,0,15.0,0.0,0.0,aman,aman
2026-09-29T13:52:07,0,15.0,0.0,0.0,aman,aman
2026-09-29T13:52:08,0,15.0,0.0,0.0,aman,aman
2026-09-29T13:52:09,0,15.0,0.0,0.0,aman,aman
2026-09-29T13:52:10,0,15.0,0.0,0.0,aman,aman
2026-09-29T13:52:11,0,15.0,0.0,0.0,aman,aman
2026-09-29T13:52:12,0,15.0,0.0,0.0,aman,aman
2026-09-29T13:52:13,0,15.0,0.0,0.0,aman,aman
2026-09-29T13:52:14,0,15.0,0.0,0.0,aman,aman
2026-09-29T13:52:15,0,15.0,0.0,0.0,aman,aman
2026-09-29T13:52:16,0,15.0,0.0,0.0,aman,aman
2026-09-29T13:52:18,0,15.0,0.0,0.0,aman,aman
2026-09-29T13:52:19,0,15.0,0.0,0.0,aman,aman
2026-09-29T13:52:20,0,15.0,0.0,0.0,aman,aman
2026-09-29T13:52:21,0,15.0,0.0,0.0,aman,aman
2026-09-29T13:52:22,0,15.0,0.0,0.0,aman,aman
2026-09-29T13:52:23,0,15.0,0.0,0.0,aman,aman
2026-09-29T13:52:24,0,15.0,0.0,0.0,aman,aman
2026-09-29T13:52:25,0,15.0,0.0,0.0,aman,aman
2026-09-29T13:52:27,0,15.0,0.0,0.0,aman,aman
2026-09-29T13:52:28,0,15.0,0.0,0.0,aman,aman
2026-09-29T13:52:29,0,15.0,0.0,0.0,aman,aman
2026-09-29T13:52:30,0,15.0,0.0,0.0,aman,aman
2026-09-29T13:52:31,0,15.0,0.0,0.0,aman,aman
2026-09-29T13:52:32,0,15.0,0.0,0.0,aman,aman
2026-09-29T13:52:33,0,15.0,0.0,0.0,aman,aman
2026-09-29T13:52:34,0,15.0,0.0,0.0,aman,aman
2026-09-29T13:52:35,0,15.0,0.0,0.0,aman,aman
2026-09-29T13:52:36,0,15.0,0.0,0.0,aman,aman
2026-09-29T13:52:37,0,15.0,0.0,0.0,aman,aman
2026-09-29T13:52:38,0,15.0,0.0,0.0,aman,aman
2026-09-29T13:52:39,0,15.0,0.0,0.0,aman,aman
2026-09-29T13:52:40,0,15.0,0.0,0.0,aman,aman
2026-09-29T13:52:41,0,15.0,0.0,0.0,aman,aman
2026-09-29T13:52:42,0,15.0,0.0,0.0,aman,aman
2026-09-29T13:52:43,0,15.0,0.0,0.0,aman,aman
2026-09-29T13:52:44,0,15.0,0.0,0.0,aman,aman
2026-09-29T13:52:45,0,15.0,0.0,0.0,aman,aman
2026-09-29T13:52:47,0,15.0,0.0,0.0,aman,aman
2026-09-29T13:52:48,0,15.0,0.0,0.0,aman,aman
2026-09-29T14:07:46,0,15.0,0.0,0.0,aman,aman
2026-09-29T14:07:47,0,15.0,0.0,0.0,aman,aman
2026-09-29T14:07:48,0,15.0,0.0,0.0,aman,aman
2026-09-29T14:07:49,0,15.0,0.0,0.0,aman,aman
2026-09-29T14:07:50,0,15.0,0.0,0.0,aman,aman
2026-09-29T14:07:52,0,15.0,0.0,0.0,aman,aman
2026-09-29T14:07:53,0,15.0,0.0,0.0,aman,aman
2026-09-29T14:07:54,0,15.0,0.0,0.0,aman,aman
2026-09-29T14:07:55,0,15.0,0.0,0.0,aman,aman
2026-09-29T14:07:56,0,15.0,0.0,0.0,aman,aman
2026-09-29T14:07:57,0,15.0,0.0,0.0,aman,aman
2026-09-29T14:07:58,0,15.0,0.0,0.0,aman,aman
2026-09-29T14:07:59,0,15.0,0.0,0.0,aman,aman
2026-09-29T14:08:00,0,15.0,0.0,0.0,aman,aman
2026-09-29T14:08:01,0,15.0,0.0,0.0,aman,aman
2026-09-29T14:08:02,0,15.0,0.0,0.0,aman,aman
2026-09-29T14:08:03,0,15.0,0.0,0.0,aman,aman
2026-09-29T14:08:04,0,15.0,0.0,0.0,aman,aman
2026-09-29T14:08:05,0,15.0,0.0,0.0,aman,aman
2026-09-29T14:08:06,0,15.0,0.0,0.0,aman,aman
2026-09-29T14:08:07,0,15.0,0.0,0.0,aman,aman
2026-09-29T14:08:08,0,15.0,0.0,0.0,aman,aman
2026-09-29T14:08:09,0,15.0,0.0,0.0,aman,aman
2026-09-29T14:08:10,0,15.0,0.0,0.0,aman,aman
2026-09-29T14:08:11,0,15.0,0.0,0.0,aman,aman
2026-09-29T14:08:12,0,15.0,0.0,0.0,aman,aman
2026-09-29T14:08:13,0,15.0,0.0,0.0,aman,aman
2026-09-29T14:08:14,0,15.0,0.0,0.0,aman,aman
2026-09-29T14:08:15,0,15.0,0.0,0.0,aman,aman
2026-09-29T14:08:16,0,15.0,0.0,0.0,aman,aman
2026-09-29T14:08:17,0,15.0,0.0,0.0,aman,aman
2026-09-29T14:08:18,0,15.0,0.0,0.0,aman,aman
2026-09-29T14:08:19,0,15.0,0.0,0.0,aman,aman
2026-09-29T14:08:20,0,15.0,0.0,0.0,aman,aman
2026-09-29T14:08:21,0,15.0,0.0,0.0,aman,aman
2026-09-29T14:08:22,0,15.0,0.0,0.0,aman,aman
2026-09-29T14:08:23,0,15.0,0.0,0.0,aman,aman
2026-09-29T14:08:24,0,15.0,0.0,0.0,aman,aman
2026-09-29T14:08:25,0,15.0,0.0,0.0,aman,aman
2026-09-29T14:08:26,0,15.0,0.0,0.0,aman,aman
2026-09-29T14:08:27,0,15.0,0.0,0.0,aman,aman
2026-09-29T14:08:29,0,15.0,0.0,0.0,aman,aman
2026-09-29T14:08:30,0,15.0,0.0,0.0,aman,aman
2026-09-29T14:08:31,0,15.0,0.0,0.0,aman,aman
2026-09-29T14:08:32,0,15.0,0.0,0.0,aman,aman
2026-09-29T14:08:33,0,15.0,0.0,0.0,aman,aman
2026-09-29T14:08:35,0,15.0,0.0,0.0,aman,aman
2026-09-29T14:08:36,0,15.0,0.0,0.0,aman,aman
2026-09-29T14:08:37,0,15.0,0.0,0.0,aman,aman
2026-09-29T14:08:38,0,15.0,0.0,0.0,aman,aman
2026-09-29T14:08:39,0,15.0,0.0,0.0,aman,aman
2026-09-29T14:08:40,0,15.0,0.0,0.0,aman,aman
2026-09-29T14:08:41,0,15.0,0.0,0.0,aman,aman
2026-09-29T14:08:42,0,15.0,0.0,0.0,aman,aman
2026-09-29T14:08:43,0,15.0,0.0,0.0,aman,aman
2026-09-29T14:08:44,0,15.0,0.0,0.0,aman,aman
2026-09-29T14:08:45,0,15.0,0.0,0.0,aman,aman
2026-09-29T14:08:46,0,15.0,0.0,0.0,aman,aman
2026-09-29T14:08:47,0,15.0,0.0,0.0,aman,aman
2026-09-29T14:08:48,0,15.0,0.0,0.0,aman,aman
2026-09-29T14:08:49,0,15.0,0.0,0.0,aman,aman
2026-09-29T14:08:50,0,15.0,0.0,0.0,aman,aman
2026-09-29T14:08:51,0,15.0,0.0,0.0,aman,aman
2026-09-29T14:08:52,0,15.0,0.0,0.0,aman,aman
2026-09-29T14:08:53,0,15.0,0.0,0.0,aman,aman
2026-09-29T14:08:54,0,15.0,0.0,0.0,aman,aman
2026-09-29T14:08:55,0,15.0,0.0,0.0,aman,aman
2026-09-29T14:08:56,0,15.0,0.0,0.0,aman,aman
2026-09-29T14:08:57,0,15.0,0.0,0.0,aman,aman
2026-09-29T14:08:58,0,15.0,0.0,0.0,aman,aman
2026-09-29T14:08:59,0,15.0,0.0,0.0,aman,aman
2026-09-29T14:09:01,0,15.0,0.0,0.0,aman,aman
2026-09-29T14:09:02,0,15.0,0.0,0.0,aman,aman
2026-09-29T14:09:03,0,15.0,0.0,0.0,aman,aman
2026-09-29T14:09:04,0,15.0,0.0,0.0,aman,aman
2026-09-29T14:09:05,0,15.0,0.0,0.0,aman,aman
2026-09-29T14:09:06,0,15.0,0.0,0.0,aman,aman
2026-09-29T14:09:07,0,15.0,0.0,0.0,aman,aman
2026-09-29T14:09:08,0,15.0,0.0,0.0,aman,aman
2026-09-29T14:09:09,0,15.0,0.0,0.0,aman,aman
2026-09-29T14:09:10,0,15.0,0.0,0.0,aman,aman
2026-09-29T14:09:11,0,15.0,0.0,0.0,aman,aman
2026-09-29T14:09:12,0,15.0,0.0,0.0,aman,aman
2026-09-29T14:09:14,0,15.0,0.0,0.0,aman,aman
2026-09-29T14:09:15,0,15.0,0.0,0.0,aman,aman
2026-09-29T14:09:16,0,15.0,0.0,0.0,aman,aman
2026-09-29T14:09:17,1,2.0,0.0,84.4,bahaya,aman
2026-09-29T14:09:18,1,2.0,1.4,84.4,bahaya,bahaya
2026-09-29T14:09:20,0,15.0,0.0,0.0,aman,bahaya
2026-09-29T14:09:21,0,15.0,0.0,0.0,aman,bahaya
2026-09-29T14:09:22,0,15.0,0.0,0.0,aman,aman
2026-09-29T14:09:23,0,15.0,0.0,0.0,aman,aman
2026-09-29T14:09:24,0,15.0,0.0,0.0,aman,aman
2026-09-29T14:09:25,0,15.0,0.0,0.0,aman,aman
2026-09-29T14:09:26,0,15.0,0.0,0.0,aman,aman
2026-09-29T14:09:27,0,15.0,0.0,0.0,aman,aman
2026-09-29T14:09:28,0,15.0,0.0,0.0,aman,aman
2026-09-29T14:09:29,0,15.0,0.0,0.0,aman,aman
2026-09-29T14:09:30,0,15.0,0.0,0.0,aman,aman
2026-09-29T14:09:31,0,15.0,0.0,0.0,aman,aman
2026-09-29T14:09:32,0,15.0,0.0,0.0,aman,aman
2026-09-29T14:09:33,0,15.0,0.0,0.0,aman,aman
2026-09-29T14:09:34,0,15.0,0.0,0.0,aman,aman
2026-09-29T14:09:35,0,15.0,0.0,0.0,aman,aman
2026-09-29T14:09:36,0,15.0,0.0,0.0,aman,aman
2026-09-29T14:09:37,0,15.0,0.0,0.0,aman,aman
2026-09-29T14:09:39,0,15.0,0.0,0.0,aman,aman
2026-09-29T14:09:40,0,15.0,0.0,0.0,aman,aman
2026-09-29T14:09:41,0,15.0,0.0,0.0,aman,aman
2026-09-29T14:09:42,0,15.0,0.0,0.0,aman,aman
2026-09-29T14:09:43,0,15.0,0.0,0.0,aman,aman
2026-09-29T14:09:44,0,15.0,0.0,0.0,aman,aman
2026-09-29T14:09:46,0,15.0,0.0,0.0,aman,aman
2026-09-29T14:09:47,0,15.0,0.0,0.0,aman,aman
2026-09-29T14:09:48,0,15.0,0.0,0.0,aman,aman
2026-09-29T14:09:49,0,15.0,0.0,0.0,aman,aman
2026-09-29T14:09:50,0,15.0,0.0,0.0,aman,aman
2026-09-29T14:09:51,0,15.0,0.0,0.0,aman,aman
2026-09-29T14:09:52,0,15.0,0.0,0.0,aman,aman
2026-09-29T14:09:53,0,15.0,0.0,0.0,aman,aman
2026-09-29T14:09:54,0,15.0,0.0,0.0,aman,aman
2026-09-29T14:09:55,0,15.0,0.0,0.0,aman,aman
2026-09-29T14:09:56,0,15.0,0.0,0.0,aman,aman
2026-09-29T14:09:57,0,15.0,0.0,0.0,aman,aman
2026-09-29T14:09:58,0,15.0,0.0,0.0,aman,aman
2026-09-29T14:09:59,0,15.0,0.0,0.0,aman,aman
2026-09-29T14:10:00,0,15.0,0.0,0.0,aman,aman
2026-09-29T14:10:01,0,15.0,0.0,0.0,aman,aman
2026-09-29T14:10:02,0,15.0,0.0,0.0,aman,aman
2026-09-29T14:10:03,0,15.0,0.0,0.0,aman,aman
2026-09-29T14:10:04,1,2.0,0.0,84.4,bahaya,aman
2026-09-29T14:10:06,1,2.0,1.4,84.4,bahaya,bahaya
2026-09-29T14:10:07,1,2.0,2.4,84.4,bahaya,bahaya
2026-09-29T14:10:08,1,2.0,3.5,84.1,bahaya,bahaya
2026-09-29T14:10:09,1,2.0,4.9,83.0,bahaya,bahaya
2026-09-29T14:10:10,1,2.0,5.9,82.0,bahaya,bahaya
2026-09-29T14:10:11,1,2.0,6.9,81.9,bahaya,bahaya
2026-09-29T14:10:12,0,15.0,0.0,0.0,aman,bahaya
2026-09-29T14:10:13,0,15.0,0.0,0.0,aman,bahaya
2026-09-29T14:10:14,0,15.0,0.0,0.0,aman,aman
2026-09-29T14:10:15,0,15.0,0.0,0.0,aman,aman
2026-09-29T14:10:16,0,15.0,0.0,0.0,aman,aman
2026-09-29T14:10:17,0,15.0,0.0,0.0,aman,aman
2026-09-29T14:10:18,0,15.0,0.0,0.0,aman,aman
2026-09-29T14:10:19,0,15.0,0.0,0.0,aman,aman
2026-09-29T14:10:20,0,15.0,0.0,0.0,aman,aman
2026-09-29T14:10:21,0,15.0,0.0,0.0,aman,aman
2026-09-29T14:10:22,0,15.0,0.0,0.0,aman,aman
2026-09-29T14:10:24,0,15.0,0.0,0.0,aman,aman
2026-09-29T14:10:25,0,15.0,0.0,0.0,aman,aman
2026-09-29T14:10:26,0,15.0,0.0,0.0,aman,aman
2026-09-29T14:10:27,0,15.0,0.0,0.0,aman,aman
2026-09-29T14:10:28,0,15.0,0.0,0.0,aman,aman
2026-09-29T14:10:29,0,15.0,0.0,0.0,aman,aman
2026-09-29T14:10:30,0,15.0,0.0,0.0,aman,aman
2026-09-29T14:10:31,0,15.0,0.0,0.0,aman,aman
2026-09-29T14:10:32,0,15.0,0.0,0.0,aman,aman
2026-09-29T14:10:33,0,15.0,0.0,0.0,aman,aman
2026-09-29T14:10:34,0,15.0,0.0,0.0,aman,aman
2026-09-29T14:10:36,0,15.0,0.0,0.0,aman,aman
2026-09-29T14:10:37,0,15.0,0.0,0.0,aman,aman
2026-09-29T14:10:38,0,15.0,0.0,0.0,aman,aman
2026-09-29T14:10:39,0,15.0,0.0,0.0,aman,aman
2026-09-29T14:10:40,0,15.0,0.0,0.0,aman,aman
2026-09-29T14:10:41,0,15.0,0.0,0.0,aman,aman
2026-09-29T14:10:42,0,15.0,0.0,0.0,aman,aman
2026-09-29T14:10:43,0,15.0,0.0,0.0,aman,aman
2026-09-29T14:10:44,0,15.0,0.0,0.0,aman,aman
2026-09-29T14:10:45,0,15.0,0.0,0.0,aman,aman
2026-09-29T14:10:46,0,15.0,0.0,0.0,aman,aman
2026-09-29T14:10:47,0,15.0,0.0,0.0,aman,aman
2026-09-29T14:10:48,0,15.0,0.0,0.0,aman,aman
2026-09-29T14:10:49,0,15.0,0.0,0.0,aman,aman
2026-09-29T14:10:50,0,15.0,0.0,0.0,aman,aman
2026-09-29T14:10:51,0,15.0,0.0,0.0,aman,aman
2026-09-29T14:10:52,0,15.0,0.0,0.0,aman,aman
2026-09-29T14:10:53,0,15.0,0.0,0.0,aman,aman
2026-09-29T14:10:54,0,15.0,0.0,0.0,aman,aman
2026-09-29T14:10:55,0,15.0,0.0,0.0,aman,aman
2026-09-29T14:10:56,0,15.0,0.0,0.0,aman,aman
2026-09-29T14:10:57,0,15.0,0.0,0.0,aman,aman
2026-09-29T14:10:58,0,15.0,0.0,0.0,aman,aman
2026-09-29T14:10:59,0,15.0,0.0,0.0,aman,aman
2026-09-29T14:11:00,0,15.0,0.0,0.0,aman,aman
2026-09-29T14:11:01,0,15.0,0.0,0.0,aman,aman
2026-09-29T14:11:02,0,15.0,0.0,0.0,aman,aman
2026-09-29T14:11:04,0,15.0,0.0,0.0,aman,aman
2026-09-29T14:11:05,0,15.0,0.0,0.0,aman,aman
2026-09-29T14:11:06,0,15.0,0.0,0.0,aman,aman
2026-09-29T14:11:07,0,15.0,0.0,0.0,aman,aman
2026-09-29T14:11:08,0,15.0,0.0,0.0,aman,aman
2026-09-29T14:11:10,0,15.0,0.0,0.0,aman,aman
2026-09-29T14:11:11,0,15.0,0.0,0.0,aman,aman
2026-09-29T14:11:12,0,15.0,0.0,0.0,aman,aman
2026-09-29T14:11:13,0,15.0,0.0,0.0,aman,aman
2026-09-29T14:11:14,0,15.0,0.0,0.0,aman,aman
2026-09-29T14:11:15,0,15.0,0.0,0.0,aman,aman
2026-09-29T14:11:16,0,15.0,0.0,0.0,aman,aman
2026-09-29T14:11:18,0,15.0,0.0,0.0,aman,aman
2026-09-29T14:11:19,0,15.0,0.0,0.0,aman,aman
2026-09-29T14:11:20,0,15.0,0.0,0.0,aman,aman
2026-09-29T14:11:21,0,15.0,0.0,0.0,aman,aman
2026-09-29T14:11:22,0,15.0,0.0,0.0,aman,aman
2026-09-29T14:11:23,0,15.0,0.0,0.0,aman,aman
2026-09-29T14:11:24,0,15.0,0.0,0.0,aman,aman
2026-09-29T14:11:25,0,15.0,0.0,0.0,aman,aman
2026-09-29T14:11:26,0,15.0,0.0,0.0,aman,aman
2026-09-29T14:11:27,0,15.0,0.0,0.0,aman,aman
2026-09-29T14:11:28,0,15.0,0.0,0.0,aman,aman
2026-09-29T14:11:29,0,15.0,0.0,0.0,aman,aman
2026-09-29T14:11:30,0,15.0,0.0,0.0,aman,aman
2026-09-29T14:11:31,0,15.0,0.0,0.0,aman,aman
2026-09-29T14:11:32,0,15.0,0.0,0.0,aman,aman
2026-09-29T14:11:33,0,15.0,0.0,0.0,aman,aman
2026-09-29T14:11:34,0,15.0,0.0,0.0,aman,aman
2026-09-29T14:11:35,0,15.0,0.0,0.0,aman,aman
2026-09-29T14:11:36,0,15.0,0.0,0.0,aman,aman
2026-09-29T14:11:37,0,15.0,0.0,0.0,aman,aman
2026-09-29T14:11:39,0,15.0,0.0,0.0,aman,aman
2026-09-29T14:11:40,0,15.0,0.0,0.0,aman,aman
2026-09-29T14:11:41,0,15.0,0.0,0.0,aman,aman
2026-09-29T14:11:42,0,15.0,0.0,0.0,aman,aman
2026-09-29T14:11:43,0,15.0,0.0,0.0,aman,aman
2026-09-29T14:11:44,0,15.0,0.0,0.0,aman,aman
2026-09-29T14:11:45,0,15.0,0.0,0.0,aman,aman
2026-09-29T14:11:46,0,15.0,0.0,0.0,aman,aman
2026-09-29T14:11:47,0,15.0,0.0,0.0,aman,aman
2026-09-29T14:11:48,0,15.0,0.0,0.0,aman,aman
2026-09-29T14:11:49,0,15.0,0.0,0.0,aman,aman
2026-09-29T14:11:50,0,15.0,0.0,0.0,aman,aman
2026-09-29T14:11:51,0,15.0,0.0,0.0,aman,aman
2026-09-29T14:11:52,0,15.0,0.0,0.0,aman,aman
2026-09-29T14:11:53,0,15.0,0.0,0.0,aman,aman
2026-09-29T14:11:54,0,15.0,0.0,0.0,aman,aman
2026-09-29T14:11:55,0,15.0,0.0,0.0,aman,aman
2026-09-29T14:11:56,0,15.0,0.0,0.0,aman,aman
2026-09-29T14:11:57,0,15.0,0.0,0.0,aman,aman
2026-09-29T14:11:58,0,15.0,0.0,0.0,aman,aman
2026-09-29T14:12:00,0,15.0,0.0,0.0,aman,aman
2026-09-29T14:12:01,0,15.0,0.0,0.0,aman,aman
2026-09-29T14:12:02,0,15.0,0.0,0.0,aman,aman
2026-09-29T14:12:03,0,15.0,0.0,0.0,aman,aman
2026-09-29T14:12:04,0,15.0,0.0,0.0,aman,aman
2026-09-29T14:12:05,0,15.0,0.0,0.0,aman,aman
2026-09-29T14:12:06,0,15.0,0.0,0.0,aman,aman
2026-09-29T14:12:07,0,15.0,0.0,0.0,aman,aman
2026-09-29T14:12:08,0,15.0,0.0,0.0,aman,aman
2026-09-29T14:12:09,0,15.0,0.0,0.0,aman,aman
2026-09-29T14:12:10,0,15.0,0.0,0.0,aman,aman
2026-09-29T14:12:11,0,15.0,0.0,0.0,aman,aman
2026-09-29T14:12:12,0,15.0,0.0,0.0,aman,aman
2026-09-29T14:12:13,0,15.0,0.0,0.0,aman,aman
2026-09-29T14:12:14,0,15.0,0.0,0.0,aman,aman
2026-09-29T14:12:15,0,15.0,0.0,0.0,aman,aman
2026-09-29T14:12:16,0,15.0,0.0,0.0,aman,aman
2026-09-29T14:12:17,0,15.0,0.0,0.0,aman,aman
2026-09-29T14:12:19,0,15.0,0.0,0.0,aman,aman
2026-09-29T14:12:20,0,15.0,0.0,0.0,aman,aman
2026-09-29T14:12:21,0,15.0,0.0,0.0,aman,aman
2026-09-29T14:12:22,0,15.0,0.0,0.0,aman,aman
2026-09-29T14:12:23,0,15.0,0.0,0.0,aman,aman
2026-09-29T14:12:25,0,15.0,0.0,0.0,aman,aman
2026-09-29T14:12:26,0,15.0,0.0,0.0,aman,aman
2026-09-29T14:12:27,0,15.0,0.0,0.0,aman,aman
2026-09-29T14:12:28,0,15.0,0.0,0.0,aman,aman
2026-09-29T14:12:29,0,15.0,0.0,0.0,aman,aman
2026-09-29T14:12:31,0,15.0,0.0,0.0,aman,aman
2026-09-29T14:12:32,0,15.0,0.0,0.0,aman,aman
2026-09-29T14:12:33,0,15.0,0.0,0.0,aman,aman
2026-09-29T14:12:34,0,15.0,0.0,0.0,aman,aman
2026-09-29T14:12:35,0,15.0,0.0,0.0,aman,aman
2026-09-29T14:12:36,0,15.0,0.0,0.0,aman,aman
2026-09-29T14:12:38,0,15.0,0.0,0.0,aman,aman
2026-09-29T14:12:39,0,15.0,0.0,0.0,aman,aman
2026-09-29T14:12:40,0,15.0,0.0,0.0,aman,aman
2026-09-29T14:12:42,0,15.0,0.0,0.0,aman,aman
2026-09-29T14:12:43,0,15.0,0.0,0.0,aman,aman
2026-09-29T14:12:44,0,15.0,0.0,0.0,aman,aman
2026-09-29T14:12:45,0,15.0,0.0,0.0,aman,aman
2026-09-29T14:12:46,0,15.0,0.0,0.0,aman,aman
2026-09-29T14:12:47,0,15.0,0.0,0.0,aman,aman
2026-09-29T14:12:48,0,15.0,0.0,0.0,aman,aman
2026-09-29T14:12:49,0,15.0,0.0,0.0,aman,aman
2026-09-29T14:12:50,0,15.0,0.0,0.0,aman,aman
2026-09-29T14:12:51,0,15.0,0.0,0.0,aman,aman
2026-09-29T14:12:52,0,15.0,0.0,0.0,aman,aman
2026-09-29T14:12:53,0,15.0,0.0,0.0,aman,aman
2026-09-29T14:12:55,0,15.0,0.0,0.0,aman,aman
2026-09-29T14:12:56,0,15.0,0.0,0.0,aman,aman
2026-09-29T14:12:57,0,15.0,0.0,0.0,aman,aman
2026-09-29T14:12:58,0,15.0,0.0,0.0,aman,aman
2026-09-29T14:12:59,0,15.0,0.0,0.0,aman,aman
2026-09-29T14:13:00,0,15.0,0.0,0.0,aman,aman
2026-09-29T14:13:01,0,15.0,0.0,0.0,aman,aman
2026-09-29T14:13:02,0,15.0,0.0,0.0,aman,aman
2026-09-29T14:13:03,0,15.0,0.0,0.0,aman,aman
2026-09-29T14:13:04,0,15.0,0.0,0.0,aman,aman
2026-09-29T14:13:05,0,15.0,0.0,0.0,aman,aman
2026-09-29T14:13:06,0,15.0,0.0,0.0,aman,aman
2026-09-29T14:13:07,0,15.0,0.0,0.0,aman,aman
2026-09-29T14:13:08,0,15.0,0.0,0.0,aman,aman
2026-09-29T14:13:09,0,15.0,0.0,0.0,aman,aman
2026-09-29T14:13:10,0,15.0,0.0,0.0,aman,aman
2026-09-29T14:13:11,0,15.0,0.0,0.0,aman,aman
2026-09-29T14:13:12,0,15.0,0.0,0.0,aman,aman
2026-09-29T14:13:13,0,15.0,0.0,0.0,aman,aman
2026-09-29T14:13:14,0,15.0,0.0,0.0,aman,aman
2026-09-29T14:13:15,0,15.0,0.0,0.0,aman,aman
2026-09-29T14:13:17,0,15.0,0.0,0.0,aman,aman
2026-09-29T14:13:18,0,15.0,0.0,0.0,aman,aman
2026-09-29T14:13:19,0,15.0,0.0,0.0,aman,aman
2026-09-29T14:13:20,0,15.0,0.0,0.0,aman,aman
2026-09-29T14:13:21,0,15.0,0.0,0.0,aman,aman
2026-09-29T14:13:22,0,15.0,0.0,0.0,aman,aman
2026-09-29T14:13:23,0,15.0,0.0,0.0,aman,aman
2026-09-29T14:13:24,0,15.0,0.0,0.0,aman,aman
2026-09-29T14:13:25,0,15.0,0.0,0.0,aman,aman
2026-09-29T14:13:26,0,15.0,0.0,0.0,aman,aman
2026-09-29T14:13:27,0,15.0,0.0,0.0,aman,aman
2026-09-29T14:13:28,0,15.0,0.0,0.0,aman,aman
2026-09-29T14:13:29,0,15.0,0.0,0.0,aman,aman
2026-09-29T14:13:30,0,15.0,0.0,0.0,aman,aman
2026-09-29T14:13:32,0,15.0,0.0,0.0,aman,aman
2026-09-29T14:13:33,0,15.0,0.0,0.0,aman,aman
2026-09-29T14:13:35,0,15.0,0.0,0.0,aman,aman
2026-09-29T14:13:36,0,15.0,0.0,0.0,aman,aman
2026-09-29T14:13:37,0,15.0,0.0,0.0,aman,aman
2026-09-29T14:13:38,0,15.0,0.0,0.0,aman,aman
2026-09-29T14:13:39,0,15.0,0.0,0.0,aman,aman
2026-09-29T14:13:40,0,15.0,0.0,0.0,aman,aman
2026-09-29T14:13:41,0,15.0,0.0,0.0,aman,aman
2026-09-29T14:13:42,0,15.0,0.0,0.0,aman,aman
2026-09-29T14:13:43,0,15.0,0.0,0.0,aman,aman
2026-09-29T14:13:44,0,15.0,0.0,0.0,aman,aman
2026-09-29T14:13:46,0,15.0,0.0,0.0,aman,aman
2026-09-29T14:13:47,0,15.0,0.0,0.0,aman,aman
2026-09-29T14:13:48,0,15.0,0.0,0.0,aman,aman
2026-09-29T14:13:49,0,15.0,0.0,0.0,aman,aman
2026-09-29T14:13:51,0,15.0,0.0,0.0,aman,aman
2026-09-29T14:13:52,0,15.0,0.0,0.0,aman,aman
2026-09-29T14:13:53,0,15.0,0.0,0.0,aman,aman
2026-09-29T14:13:54,0,15.0,0.0,0.0,aman,aman
2026-09-29T14:13:55,0,15.0,0.0,0.0,aman,aman
2026-09-29T14:13:56,0,15.0,0.0,0.0,aman,aman
2026-09-29T14:13:57,0,15.0,0.0,0.0,aman,aman
2026-09-29T14:13:58,0,15.0,0.0,0.0,aman,aman
2026-09-29T14:13:59,0,15.0,0.0,0.0,aman,aman
2026-09-29T14:14:00,0,15.0,0.0,0.0,aman,aman
2026-09-29T14:14:01,0,15.0,0.0,0.0,aman,aman
2026-09-29T14:14:02,0,15.0,0.0,0.0,aman,aman
2026-09-29T14:14:03,0,15.0,0.0,0.0,aman,aman
2026-09-29T14:14:04,0,15.0,0.0,0.0,aman,aman
2026-09-29T14:14:05,0,15.0,0.0,0.0,aman,aman
2026-09-29T14:14:06,0,15.0,0.0,0.0,aman,aman
2026-09-29T14:14:07,0,15.0,0.0,0.0,aman,aman
2026-09-29T14:14:08,0,15.0,0.0,0.0,aman,aman
2026-09-29T14:14:09,0,15.0,0.0,0.0,aman,aman
2026-09-29T14:14:10,0,15.0,0.0,0.0,aman,aman
2026-09-29T14:14:11,0,15.0,0.0,0.0,aman,aman
2026-09-29T14:14:12,0,15.0,0.0,0.0,aman,aman
2026-09-29T14:14:13,0,15.0,0.0,0.0,aman,aman
2026-09-29T14:14:14,0,15.0,0.0,0.0,aman,aman
2026-09-29T14:14:16,0,15.0,0.0,0.0,aman,aman
2026-09-29T14:14:18,0,15.0,0.0,0.0,aman,aman
2026-09-29T14:14:19,0,15.0,0.0,0.0,aman,aman
2026-09-29T14:14:20,0,15.0,0.0,0.0,aman,aman
2026-09-29T14:14:21,0,15.0,0.0,0.0,aman,aman
2026-09-29T14:14:22,0,15.0,0.0,0.0,aman,aman
2026-09-29T14:14:23,0,15.0,0.0,0.0,aman,aman
2026-09-29T14:14:24,0,15.0,0.0,0.0,aman,aman
2026-09-29T14:14:25,0,15.0,0.0,0.0,aman,aman
2026-09-29T14:14:26,0,15.0,0.0,0.0,aman,aman
2026-09-29T14:14:28,0,15.0,0.0,0.0,aman,aman
2026-09-29T14:14:29,0,15.0,0.0,0.0,aman,aman
2026-09-29T14:26:34,0,15.0,0.0,0.0,aman,aman
2026-09-29T14:26:35,0,15.0,0.0,0.0,aman,aman
2026-09-29T14:29:04,0,15.0,0.0,0.0,aman,aman
2026-09-29T14:29:05,0,15.0,0.0,0.0,aman,aman
2026-09-29T14:31:57,0,15.0,0.0,0.0,aman,aman
2026-09-29T14:31:58,0,15.0,0.0,0.0,aman,aman
2026-09-29T14:31:59,0,15.0,0.0,0.0,aman,aman
2026-09-29T14:32:00,0,15.0,0.0,0.0,aman,aman
2026-09-29T14:32:01,0,15.0,0.0,0.0,aman,aman
2026-09-29T14:32:03,0,15.0,0.0,0.0,aman,aman
2026-09-29T14:32:04,0,15.0,0.0,0.0,aman,aman
2026-09-29T14:32:05,0,15.0,0.0,0.0,aman,aman
2026-09-29T14:32:06,0,15.0,0.0,0.0,aman,aman
2026-09-29T14:32:07,0,15.0,0.0,0.0,aman,aman
2026-09-29T14:32:08,0,15.0,0.0,0.0,aman,aman
2026-09-29T14:32:09,0,15.0,0.0,0.0,aman,aman
2026-09-29T14:32:10,0,15.0,0.0,0.0,aman,aman
2026-09-29T14:32:11,0,15.0,0.0,0.0,aman,aman
2026-09-29T14:32:12,0,15.0,0.0,0.0,aman,aman
2026-09-29T14:32:13,0,15.0,0.0,0.0,aman,aman
2026-09-29T14:32:14,0,15.0,0.0,0.0,aman,aman
2026-09-29T14:32:15,0,15.0,0.0,0.0,aman,aman
2026-09-29T14:32:16,0,15.0,0.0,0.0,aman,aman
2026-09-29T14:32:18,0,15.0,0.0,0.0,aman,aman
2026-09-29T14:32:19,0,15.0,0.0,0.0,aman,aman
2026-09-29T14:32:20,0,15.0,0.0,0.0,aman,aman
2026-09-29T14:32:21,0,15.0,0.0,0.0,aman,aman
2026-09-29T14:32:22,0,15.0,0.0,0.0,aman,aman
2026-09-29T14:32:23,0,15.0,0.0,0.0,aman,aman
2026-09-29T14:32:24,0,15.0,0.0,0.0,aman,aman
2026-09-29T14:32:25,0,15.0,0.0,0.0,aman,aman
2026-09-29T14:32:26,0,15.0,0.0,0.0,aman,aman
2026-09-29T14:32:27,0,15.0,0.0,0.0,aman,aman
2026-09-29T14:32:28,0,15.0,0.0,0.0,aman,aman
2026-09-29T14:32:29,0,15.0,0.0,0.0,aman,aman
2026-09-29T14:32:30,0,15.0,0.0,0.0,aman,aman
2026-09-29T14:32:31,0,15.0,0.0,0.0,aman,aman
2026-09-29T14:32:32,0,15.0,0.0,0.0,aman,aman
2026-09-29T14:32:33,0,15.0,0.0,0.0,aman,aman
2026-09-29T14:32:34,0,15.0,0.0,0.0,aman,aman
2026-09-29T14:32:35,0,15.0,0.0,0.0,aman,aman
2026-09-29T14:32:36,0,15.0,0.0,0.0,aman,aman
2026-09-29T14:32:37,0,15.0,0.0,0.0,aman,aman
2026-09-29T14:32:38,0,15.0,0.0,0.0,aman,aman
2026-09-29T14:32:39,0,15.0,0.0,0.0,aman,aman
2026-09-29T14:32:40,0,15.0,0.0,0.0,aman,aman
2026-09-29T14:32:42,0,15.0,0.0,0.0,aman,aman
2026-09-29T14:32:43,0,15.0,0.0,0.0,aman,aman
2026-09-29T14:32:44,0,15.0,0.0,0.0,aman,aman
2026-09-29T14:32:45,0,15.0,0.0,0.0,aman,aman
2026-09-29T14:32:46,0,15.0,0.0,0.0,aman,aman
2026-09-29T14:32:47,0,15.0,0.0,0.0,aman,aman
2026-09-29T14:32:48,0,15.0,0.0,0.0,aman,aman
2026-09-29T14:32:50,0,15.0,0.0,0.0,aman,aman
2026-09-29T14:32:51,0,15.0,0.0,0.0,aman,aman
2026-09-29T14:32:52,0,15.0,0.0,0.0,aman,aman
2026-09-29T14:32:53,0,15.0,0.0,0.0,aman,aman
2026-09-29T14:32:54,0,15.0,0.0,0.0,aman,aman
2026-09-29T14:32:55,0,15.0,0.0,0.0,aman,aman
2026-09-29T14:32:56,0,15.0,0.0,0.0,aman,aman
2026-09-29T14:32:57,0,15.0,0.0,0.0,aman,aman
2026-09-29T14:32:58,0,15.0,0.0,0.0,aman,aman
2026-09-29T14:32:59,0,15.0,0.0,0.0,aman,aman
2026-09-29T14:33:00,0,15.0,0.0,0.0,aman,aman
2026-09-29T14:33:01,0,15.0,0.0,0.0,aman,aman
2026-09-29T14:33:02,0,15.0,0.0,0.0,aman,aman
2026-09-29T14:33:03,0,15.0,0.0,0.0,aman,aman
2026-09-29T14:33:04,0,15.0,0.0,0.0,aman,aman
2026-09-29T14:33:05,0,15.0,0.0,0.0,aman,aman
2026-09-29T14:33:06,0,15.0,0.0,0.0,aman,aman
2026-09-29T14:33:07,0,15.0,0.0,0.0,aman,aman
2026-09-29T14:33:08,0,15.0,0.0,0.0,aman,aman
2026-09-29T14:33:09,0,15.0,0.0,0.0,aman,aman
2026-09-29T14:33:11,0,15.0,0.0,0.0,aman,aman
2026-09-29T14:33:12,0,15.0,0.0,0.0,aman,aman
2026-09-29T14:33:13,0,15.0,0.0,0.0,aman,aman
2026-09-29T14:33:14,0,15.0,0.0,0.0,aman,aman
2026-09-29T14:33:15,0,15.0,0.0,0.0,aman,aman
2026-09-29T14:33:16,0,15.0,0.0,0.0,aman,aman
2026-09-29T14:33:17,0,15.0,0.0,0.0,aman,aman
2026-09-29T14:33:18,0,15.0,0.0,0.0,aman,aman
2026-09-29T14:33:19,0,15.0,0.0,0.0,aman,aman
2026-09-29T14:33:20,0,15.0,0.0,0.0,aman,aman
2026-09-29T14:33:21,0,15.0,0.0,0.0,aman,aman
2026-09-29T14:33:22,0,15.0,0.0,0.0,aman,aman
2026-09-29T14:33:23,0,15.0,0.0,0.0,aman,aman
2026-09-29T14:33:24,0,15.0,0.0,0.0,aman,aman
2026-09-29T14:33:25,0,15.0,0.0,0.0,aman,aman
2026-09-29T14:33:26,0,15.0,0.0,0.0,aman,aman
2026-09-29T14:33:27,0,15.0,0.0,0.0,aman,aman
2026-09-29T14:33:29,0,15.0,0.0,0.0,aman,aman
2026-09-29T14:33:30,0,15.0,0.0,0.0,aman,aman
2026-09-29T14:33:31,0,15.0,0.0,0.0,aman,aman
2026-09-29T14:33:32,0,15.0,0.0,0.0,aman,aman
2026-09-29T14:33:33,0,15.0,0.0,0.0,aman,aman
2026-09-29T14:33:34,0,15.0,0.0,0.0,aman,aman
2026-09-29T14:33:36,0,15.0,0.0,0.0,aman,aman
2026-09-29T14:33:37,0,15.0,0.0,0.0,aman,aman
2026-09-29T14:33:38,0,15.0,0.0,0.0,aman,aman
2026-09-29T14:33:39,0,15.0,0.0,0.0,aman,aman
2026-09-29T14:33:40,0,15.0,0.0,0.0,aman,aman
2026-09-29T14:33:41,0,15.0,0.0,0.0,aman,aman
2026-09-29T14:33:42,0,15.0,0.0,0.0,aman,aman
2026-09-29T14:33:43,0,15.0,0.0,0.0,aman,aman
2026-09-29T14:33:44,0,15.0,0.0,0.0,aman,aman
2026-09-29T14:33:45,0,15.0,0.0,0.0,aman,aman
2026-09-29T14:33:47,0,15.0,0.0,0.0,aman,aman
2026-09-29T14:33:48,0,15.0,0.0,0.0,aman,aman
2026-09-29T14:33:49,0,15.0,0.0,0.0,aman,aman
2026-09-29T14:33:50,0,15.0,0.0,0.0,aman,aman
2026-09-29T14:33:51,0,15.0,0.0,0.0,aman,aman
2026-09-29T14:33:52,0,15.0,0.0,0.0,aman,aman
2026-09-29T14:33:53,0,15.0,0.0,0.0,aman,aman
2026-09-29T14:33:54,0,15.0,0.0,0.0,aman,aman
2026-09-29T14:33:55,0,15.0,0.0,0.0,aman,aman
2026-09-29T14:33:56,0,15.0,0.0,0.0,aman,aman
2026-09-29T14:33:57,0,15.0,0.0,0.0,aman,aman
2026-09-29T14:33:58,0,15.0,0.0,0.0,aman,aman
2026-09-29T14:33:59,0,15.0,0.0,0.0,aman,aman
2026-09-29T14:34:00,0,15.0,0.0,0.0,aman,aman
2026-09-29T14:34:01,0,15.0,0.0,0.0,aman,aman
2026-09-29T14:34:02,0,15.0,0.0,0.0,aman,aman
2026-09-29T14:34:03,0,15.0,0.0,0.0,aman,aman
2026-09-29T14:34:04,0,15.0,0.0,0.0,aman,aman
2026-09-29T14:34:05,0,15.0,0.0,0.0,aman,aman
2026-09-29T14:34:06,0,15.0,0.0,0.0,aman,aman
2026-09-29T14:34:07,0,15.0,0.0,0.0,aman,aman
2026-09-29T14:34:08,0,15.0,0.0,0.0,aman,aman
2026-09-29T14:34:09,0,15.0,0.0,0.0,aman,aman
2026-09-29T14:34:10,0,15.0,0.0,0.0,aman,aman
2026-09-29T14:34:11,0,15.0,0.0,0.0,aman,aman
2026-09-29T14:34:12,0,15.0,0.0,0.0,aman,aman
2026-09-29T14:34:13,0,15.0,0.0,0.0,aman,aman
2026-09-29T14:34:14,0,15.0,0.0,0.0,aman,aman
2026-09-29T14:34:15,0,15.0,0.0,0.0,aman,aman
2026-09-29T14:34:17,0,15.0,0.0,0.0,aman,aman
2026-09-29T14:34:18,0,15.0,0.0,0.0,aman,aman
2026-09-29T14:34:19,0,15.0,0.0,0.0,aman,aman
2026-09-29T14:34:20,0,15.0,0.0,0.0,aman,aman
2026-09-29T14:34:21,0,15.0,0.0,0.0,aman,aman
2026-09-29T14:34:22,0,15.0,0.0,0.0,aman,aman
2026-09-29T14:34:23,0,15.0,0.0,0.0,aman,aman
2026-09-29T14:34:24,0,15.0,0.0,0.0,aman,aman
2026-09-29T14:34:25,0,15.0,0.0,0.0,aman,aman
2026-09-29T14:34:26,0,15.0,0.0,0.0,aman,aman
2026-09-29T14:34:27,0,15.0,0.0,0.0,aman,aman
2026-09-29T14:34:28,0,15.0,0.0,0.0,aman,aman
2026-09-29T14:34:29,0,15.0,0.0,0.0,aman,aman
2026-09-29T14:34:30,0,15.0,0.0,0.0,aman,aman
2026-09-29T14:34:31,0,15.0,0.0,0.0,aman,aman
2026-09-29T14:34:32,0,15.0,0.0,0.0,aman,aman
2026-09-29T14:34:33,0,15.0,0.0,0.0,aman,aman
2026-09-29T14:34:34,0,15.0,0.0,0.0,aman,aman
2026-09-29T14:34:35,0,15.0,0.0,0.0,aman,aman
2026-09-29T14:34:36,0,15.0,0.0,0.0,aman,aman
2026-09-29T14:34:38,0,15.0,0.0,0.0,aman,aman
2026-09-29T14:34:39,0,15.0,0.0,0.0,aman,aman
2026-09-29T14:34:40,0,15.0,0.0,0.0,aman,aman
2026-09-29T14:34:41,0,15.0,0.0,0.0,aman,aman
2026-09-29T14:34:42,0,15.0,0.0,0.0,aman,aman
2026-09-29T14:34:43,0,15.0,0.0,0.0,aman,aman
2026-09-29T14:34:44,0,15.0,0.0,0.0,aman,aman
2026-09-29T14:34:45,0,15.0,0.0,0.0,aman,aman
2026-09-29T14:34:46,0,15.0,0.0,0.0,aman,aman
2026-09-29T14:34:47,0,15.0,0.0,0.0,aman,aman
2026-09-29T14:34:48,0,15.0,0.0,0.0,aman,aman
2026-09-29T14:34:49,0,15.0,0.0,0.0,aman,aman
2026-09-29T14:34:50,0,15.0,0.0,0.0,aman,aman
2026-09-29T14:34:51,0,15.0,0.0,0.0,aman,aman
2026-09-29T14:34:53,0,15.0,0.0,0.0,aman,aman
2026-09-29T14:34:54,0,15.0,0.0,0.0,aman,aman
2026-09-29T14:34:55,0,15.0,0.0,0.0,aman,aman
2026-09-29T14:34:56,0,15.0,0.0,0.0,aman,aman
2026-09-29T14:34:57,0,15.0,0.0,0.0,aman,aman
2026-09-29T14:34:58,0,15.0,0.0,0.0,aman,aman
2026-09-29T14:34:59,0,15.0,0.0,0.0,aman,aman
2026-09-29T14:35:00,0,15.0,0.0,0.0,aman,aman
2026-09-29T14:35:01,0,15.0,0.0,0.0,aman,aman
2026-09-29T14:35:02,0,15.0,0.0,0.0,aman,aman
2026-09-29T14:35:03,0,15.0,0.0,0.0,aman,aman
2026-09-29T14:35:04,0,15.0,0.0,0.0,aman,aman
2026-09-29T14:35:05,0,15.0,0.0,0.0,aman,aman
2026-09-29T14:35:07,0,15.0,0.0,0.0,aman,aman
2026-09-29T14:35:08,0,15.0,0.0,0.0,aman,aman
2026-09-29T14:35:09,0,15.0,0.0,0.0,aman,aman
2026-09-29T14:35:10,0,15.0,0.0,0.0,aman,aman
2026-09-29T14:35:11,0,15.0,0.0,0.0,aman,aman
2026-09-29T14:35:12,0,15.0,0.0,0.0,aman,aman
2026-09-29T14:35:13,0,15.0,0.0,0.0,aman,aman
2026-09-29T14:35:14,0,15.0,0.0,0.0,aman,aman
2026-09-29T14:35:15,0,15.0,0.0,0.0,aman,aman
2026-09-29T14:35:16,0,15.0,0.0,0.0,aman,aman
2026-09-29T14:35:17,0,15.0,0.0,0.0,aman,aman
2026-09-29T14:35:18,0,15.0,0.0,0.0,aman,aman
2026-09-29T14:35:20,0,15.0,0.0,0.0,aman,aman
2026-09-29T14:35:21,0,15.0,0.0,0.0,aman,aman
2026-09-29T14:35:22,0,15.0,0.0,0.0,aman,aman
2026-09-29T14:35:23,0,15.0,0.0,0.0,aman,aman
2026-09-29T14:35:24,0,15.0,0.0,0.0,aman,aman
2026-09-29T14:35:25,0,15.0,0.0,0.0,aman,aman
2026-09-29T14:35:26,0,15.0,0.0,0.0,aman,aman
2026-09-29T14:35:27,0,15.0,0.0,0.0,aman,aman
2026-09-29T14:35:28,0,15.0,0.0,0.0,aman,aman
2026-09-29T14:35:29,0,15.0,0.0,0.0,aman,aman
2026-09-29T14:35:30,0,15.0,0.0,0.0,aman,aman
2026-09-29T14:35:31,0,15.0,0.0,0.0,aman,aman
2026-09-29T14:35:32,0,15.0,0.0,0.0,aman,aman
2026-09-29T14:35:33,0,15.0,0.0,0.0,aman,aman
2026-09-29T14:35:34,0,15.0,0.0,0.0,aman,aman
2026-09-29T14:35:35,0,15.0,0.0,0.0,aman,aman
2026-09-29T14:35:37,0,15.0,0.0,0.0,aman,aman
2026-09-29T14:35:38,0,15.0,0.0,0.0,aman,aman
2026-09-29T14:35:39,0,15.0,0.0,0.0,aman,aman
2026-09-29T14:35:40,0,15.0,0.0,0.0,aman,aman
2026-09-29T14:35:41,0,15.0,0.0,0.0,aman,aman
2026-09-29T14:35:42,0,15.0,0.0,0.0,aman,aman
2026-09-29T14:35:43,0,15.0,0.0,0.0,aman,aman
2026-09-29T14:35:44,0,15.0,0.0,0.0,aman,aman
2026-09-29T14:35:45,0,15.0,0.0,0.0,aman,aman
2026-09-29T14:35:46,0,15.0,0.0,0.0,aman,aman
2026-09-29T14:35:47,0,15.0,0.0,0.0,aman,aman
2026-09-29T14:35:48,0,15.0,0.0,0.0,aman,aman
2026-09-29T14:35:49,0,15.0,0.0,0.0,aman,aman
2026-09-29T14:35:50,0,15.0,0.0,0.0,aman,aman
2026-09-29T14:35:51,0,15.0,0.0,0.0,aman,aman
2026-09-29T14:35:52,0,15.0,0.0,0.0,aman,aman
2026-09-29T14:35:53,0,15.0,0.0,0.0,aman,aman
2026-09-29T14:35:54,0,15.0,0.0,0.0,aman,aman
2026-09-29T14:35:55,0,15.0,0.0,0.0,aman,aman
2026-09-29T14:35:56,0,15.0,0.0,0.0,aman,aman
2026-09-29T14:35:57,0,15.0,0.0,0.0,aman,aman
2026-09-29T14:35:58,0,15.0,0.0,0.0,aman,aman
2026-09-29T14:36:00,0,15.0,0.0,0.0,aman,aman
2026-09-29T14:36:01,0,15.0,0.0,0.0,aman,aman
2026-09-29T14:36:02,0,15.0,0.0,0.0,aman,aman
2026-09-29T14:36:03,0,15.0,0.0,0.0,aman,aman
2026-09-29T14:36:04,0,15.0,0.0,0.0,aman,aman
2026-09-29T14:36:05,0,15.0,0.0,0.0,aman,aman
2026-09-29T14:36:06,0,15.0,0.0,0.0,aman,aman
2026-09-29T16:09:01,0,15.0,0.0,0.0,aman,aman
2026-09-29T16:09:07,0,15.0,0.0,0.0,aman,aman
2026-09-29T16:09:09,0,15.0,0.0,0.0,aman,aman
2026-09-29T16:09:10,0,15.0,0.0,0.0,aman,aman
2026-09-29T16:09:12,0,15.0,0.0,0.0,aman,aman
2026-09-29T16:09:14,0,15.0,0.0,0.0,aman,aman
2026-09-29T16:09:16,0,15.0,0.0,0.0,aman,aman
2026-09-29T16:09:18,0,15.0,0.0,0.0,aman,aman
2026-09-29T16:09:19,0,15.0,0.0,0.0,aman,aman
2026-09-29T16:09:21,0,15.0,0.0,0.0,aman,aman
2026-09-29T16:09:23,0,15.0,0.0,0.0,aman,aman
2026-09-29T16:09:25,0,15.0,0.0,0.0,aman,aman
2026-09-29T16:09:26,0,15.0,0.0,0.0,aman,aman
2026-09-29T16:09:28,0,15.0,0.0,0.0,aman,aman
2026-09-29T16:09:30,0,15.0,0.0,0.0,aman,aman
2026-09-29T16:09:32,0,15.0,0.0,0.0,aman,aman
2026-09-29T16:09:33,0,15.0,0.0,0.0,aman,aman
2026-09-29T16:09:35,0,15.0,0.0,0.0,aman,aman
2026-09-29T16:09:37,0,15.0,0.0,0.0,aman,aman
2026-09-29T16:09:38,0,15.0,0.0,0.0,aman,aman
2026-09-29T16:09:40,0,15.0,0.0,0.0,aman,aman
2026-09-29T16:09:42,0,15.0,0.0,0.0,aman,aman
2026-09-29T16:09:44,0,15.0,0.0,0.0,aman,aman
2026-09-29T16:09:45,0,15.0,0.0,0.0,aman,aman
2026-09-29T16:09:47,0,15.0,0.0,0.0,aman,aman
2026-09-29T16:09:49,0,15.0,0.0,0.0,aman,aman
2026-09-29T16:09:50,0,15.0,0.0,0.0,aman,aman
2026-09-29T16:09:52,0,15.0,0.0,0.0,aman,aman
2026-09-29T16:09:53,0,15.0,0.0,0.0,aman,aman
2026-09-29T16:09:55,0,15.0,0.0,0.0,aman,aman
2026-09-29T16:09:57,0,15.0,0.0,0.0,aman,aman
2026-09-29T16:09:58,0,15.0,0.0,0.0,aman,aman
2026-09-29T16:10:00,0,15.0,0.0,0.0,aman,aman
2026-09-29T16:10:02,0,15.0,0.0,0.0,aman,aman
2026-09-29T16:10:03,0,15.0,0.0,0.0,aman,aman
2026-09-29T16:10:05,0,15.0,0.0,0.0,aman,aman
2026-09-29T16:10:07,0,15.0,0.0,0.0,aman,aman
2026-09-29T16:10:09,0,15.0,0.0,0.0,aman,aman
2026-09-29T16:10:10,0,15.0,0.0,0.0,aman,aman
2026-09-29T16:10:12,0,15.0,0.0,0.0,aman,aman
2026-09-29T16:10:14,0,15.0,0.0,0.0,aman,aman
2026-09-29T16:10:15,0,15.0,0.0,0.0,aman,aman
2026-09-29T16:10:17,0,15.0,0.0,0.0,aman,aman
2026-09-29T16:10:19,0,15.0,0.0,0.0,aman,aman
2026-09-29T16:10:20,0,15.0,0.0,0.0,aman,aman
2026-09-29T16:10:22,0,15.0,0.0,0.0,aman,aman
2026-09-29T16:10:23,0,15.0,0.0,0.0,aman,aman
2026-09-29T16:10:26,0,15.0,0.0,0.0,aman,aman
2026-09-29T16:10:27,0,15.0,0.0,0.0,aman,aman
2026-09-29T16:10:29,0,15.0,0.0,0.0,aman,aman
2026-09-29T16:10:31,0,15.0,0.0,0.0,aman,aman
2026-09-29T16:10:32,0,15.0,0.0,0.0,aman,aman
2026-09-29T16:10:34,0,15.0,0.0,0.0,aman,aman
2026-09-29T16:10:36,0,15.0,0.0,0.0,aman,aman
2026-09-29T16:10:38,0,15.0,0.0,0.0,aman,aman
2026-09-29T16:10:40,0,15.0,0.0,0.0,aman,aman
2026-09-29T16:10:42,0,15.0,0.0,0.0,aman,aman
2026-09-29T16:10:43,0,15.0,0.0,0.0,aman,aman
2026-09-29T16:10:45,0,15.0,0.0,0.0,aman,aman
2026-09-29T16:10:46,0,15.0,0.0,0.0,aman,aman
2026-09-29T16:10:47,0,15.0,0.0,0.0,aman,aman
2026-09-29T16:10:49,0,15.0,0.0,0.0,aman,aman
2026-09-29T16:10:50,0,15.0,0.0,0.0,aman,aman
2026-09-29T16:10:52,0,15.0,0.0,0.0,aman,aman
2026-09-29T16:10:53,0,15.0,0.0,0.0,aman,aman
2026-09-29T16:10:55,0,15.0,0.0,0.0,aman,aman
2026-09-29T16:10:56,0,15.0,0.0,0.0,aman,aman
2026-09-29T16:10:57,0,15.0,0.0,0.0,aman,aman
2026-09-29T16:10:58,0,15.0,0.0,0.0,aman,aman
2026-09-29T16:11:00,0,15.0,0.0,0.0,aman,aman
2026-09-29T16:11:01,0,15.0,0.0,0.0,aman,aman
2026-09-29T16:11:02,0,15.0,0.0,0.0,aman,aman
2026-09-29T16:11:04,0,15.0,0.0,0.0,aman,aman
2026-09-29T16:11:05,0,15.0,0.0,0.0,aman,aman
2026-09-29T16:11:06,0,15.0,0.0,0.0,aman,aman
2026-09-29T16:11:08,0,15.0,0.0,0.0,aman,aman
2026-09-29T16:11:10,0,15.0,0.0,0.0,aman,aman
2026-09-29T16:11:11,0,15.0,0.0,0.0,aman,aman
2026-09-29T16:11:12,0,15.0,0.0,0.0,aman,aman
2026-09-29T16:11:14,0,15.0,0.0,0.0,aman,aman
2026-09-29T16:11:15,0,15.0,0.0,0.0,aman,aman
2026-09-29T16:11:16,0,15.0,0.0,0.0,aman,aman
2026-09-29T18:28:02,0,15.0,0.0,0.0,aman,aman
2026-09-29T18:28:07,0,15.0,0.0,0.0,aman,aman
2026-09-29T18:28:09,0,15.0,0.0,0.0,aman,aman
2026-09-29T18:28:11,0,15.0,0.0,0.0,aman,aman
2026-09-29T18:28:12,0,15.0,0.0,0.0,aman,aman
2026-09-29T18:28:14,0,15.0,0.0,0.0,aman,aman
2026-09-29T18:28:15,0,15.0,0.0,0.0,aman,aman
2026-09-29T18:28:17,0,15.0,0.0,0.0,aman,aman
2026-09-29T18:28:18,0,15.0,0.0,0.0,aman,aman
2026-09-29T18:28:20,0,15.0,0.0,0.0,aman,aman
2026-09-29T18:28:22,0,15.0,0.0,0.0,aman,aman
2026-09-29T18:28:23,0,15.0,0.0,0.0,aman,aman
2026-09-29T18:28:25,0,15.0,0.0,0.0,aman,aman
2026-09-29T18:28:26,0,15.0,0.0,0.0,aman,aman
2026-09-29T18:28:28,0,15.0,0.0,0.0,aman,aman
2026-09-29T18:28:29,0,15.0,0.0,0.0,aman,aman
2026-09-29T18:28:30,0,15.0,0.0,0.0,aman,aman
2026-09-29T18:28:32,0,15.0,0.0,0.0,aman,aman
2026-09-29T18:28:34,0,15.0,0.0,0.0,aman,aman
2026-09-29T18:28:36,0,15.0,0.0,0.0,aman,aman
2026-09-29T18:28:38,0,15.0,0.0,0.0,aman,aman
2026-09-29T18:28:39,0,15.0,0.0,0.0,aman,aman
2026-09-29T18:28:41,0,15.0,0.0,0.0,aman,aman
2026-09-29T18:28:42,0,15.0,0.0,0.0,aman,aman
2026-09-29T18:28:44,0,15.0,0.0,0.0,aman,aman
2026-09-29T18:28:46,0,15.0,0.0,0.0,aman,aman
2026-09-29T18:28:47,0,15.0,0.0,0.0,aman,aman
2026-09-29T18:28:49,0,15.0,0.0,0.0,aman,aman
2026-09-29T18:28:51,0,15.0,0.0,0.0,aman,aman
2026-09-29T18:28:52,0,15.0,0.0,0.0,aman,aman
2026-09-29T18:28:54,0,15.0,0.0,0.0,aman,aman
2026-09-29T18:28:56,0,15.0,0.0,0.0,aman,aman
2026-09-29T18:28:58,0,15.0,0.0,0.0,aman,aman
2026-09-29T18:28:59,0,15.0,0.0,0.0,aman,aman
2026-09-29T18:29:01,0,15.0,0.0,0.0,aman,aman
2026-09-29T18:29:02,0,15.0,0.0,0.0,aman,aman
2026-09-29T18:29:04,0,15.0,0.0,0.0,aman,aman
2026-09-29T18:29:05,0,15.0,0.0,0.0,aman,aman
2026-09-29T18:29:07,0,15.0,0.0,0.0,aman,aman
2026-09-29T18:29:09,0,15.0,0.0,0.0,aman,aman
2026-09-29T18:29:10,0,15.0,0.0,0.0,aman,aman
2026-09-29T18:29:12,0,15.0,0.0,0.0,aman,aman
2026-09-29T18:29:13,0,15.0,0.0,0.0,aman,aman
2026-09-29T18:29:15,0,15.0,0.0,0.0,aman,aman
2026-09-29T18:29:16,0,15.0,0.0,0.0,aman,aman
2026-09-29T18:29:18,0,15.0,0.0,0.0,aman,aman
2026-09-29T18:29:19,0,15.0,0.0,0.0,aman,aman
2026-09-29T18:29:22,0,15.0,0.0,0.0,aman,aman
2026-09-29T18:29:23,0,15.0,0.0,0.0,aman,aman
2026-09-29T18:29:25,0,15.0,0.0,0.0,aman,aman
2026-09-29T18:29:27,0,15.0,0.0,0.0,aman,aman
2026-09-29T18:29:28,0,15.0,0.0,0.0,aman,aman
2026-09-29T18:29:30,0,15.0,0.0,0.0,aman,aman
2026-09-29T18:29:31,0,15.0,0.0,0.0,aman,aman
2026-09-29T18:29:33,0,15.0,0.0,0.0,aman,aman
2026-09-29T18:29:34,0,15.0,0.0,0.0,aman,aman
2026-09-29T18:29:36,0,15.0,0.0,0.0,aman,aman
2026-09-29T18:29:37,0,15.0,0.0,0.0,aman,aman
2026-09-29T18:29:39,0,15.0,0.0,0.0,aman,aman
2026-09-29T18:29:40,0,15.0,0.0,0.0,aman,aman
2026-09-29T18:29:43,0,15.0,0.0,0.0,aman,aman
2026-09-29T18:29:44,0,15.0,0.0,0.0,aman,aman
2026-09-29T18:29:46,0,15.0,0.0,0.0,aman,aman
2026-09-29T18:29:48,0,15.0,0.0,0.0,aman,aman
2026-09-29T18:29:49,0,15.0,0.0,0.0,aman,aman
2026-09-29T18:29:50,0,15.0,0.0,0.0,aman,aman
2026-09-29T18:29:52,0,15.0,0.0,0.0,aman,aman
2026-09-29T18:29:54,0,15.0,0.0,0.0,aman,aman
2026-09-29T18:29:55,0,15.0,0.0,0.0,aman,aman
2026-09-29T18:29:57,0,15.0,0.0,0.0,aman,aman
2026-09-29T18:29:58,0,15.0,0.0,0.0,aman,aman
2026-09-29T18:29:59,0,15.0,0.0,0.0,aman,aman
2026-09-29T18:30:01,0,15.0,0.0,0.0,aman,aman
2026-09-29T18:30:02,0,15.0,0.0,0.0,aman,aman
2026-09-29T18:30:03,0,15.0,0.0,0.0,aman,aman
2026-09-29T18:30:05,0,15.0,0.0,0.0,aman,aman
2026-09-29T18:30:06,0,15.0,0.0,0.0,aman,aman
2026-09-29T18:30:08,0,15.0,0.0,0.0,aman,aman
2026-09-29T18:30:09,0,15.0,0.0,0.0,aman,aman
2026-09-29T18:43:32,0,15.0,0.0,0.0,aman,aman
2026-09-29T18:43:34,0,15.0,0.0,0.0,aman,aman
2026-09-29T18:43:36,0,15.0,0.0,0.0,aman,aman
2026-09-29T18:43:37,0,15.0,0.0,0.0,aman,aman
2026-09-29T18:43:39,0,15.0,0.0,0.0,aman,aman
2026-09-29T18:43:40,0,15.0,0.0,0.0,aman,aman
2026-09-29T18:43:42,0,15.0,0.0,0.0,aman,aman
2026-09-29T18:43:44,0,15.0,0.0,0.0,aman,aman
2026-09-29T18:43:45,0,15.0,0.0,0.0,aman,aman
2026-09-29T18:43:47,0,15.0,0.0,0.0,aman,aman
2026-09-29T18:43:49,0,15.0,0.0,0.0,aman,aman
2026-09-29T18:43:51,0,15.0,0.0,0.0,aman,aman
2026-09-29T18:43:53,0,15.0,0.0,0.0,aman,aman
2026-09-29T18:43:54,0,15.0,0.0,0.0,aman,aman
2026-09-29T18:43:56,0,15.0,0.0,0.0,aman,aman
2026-09-29T18:43:57,0,15.0,0.0,0.0,aman,aman
2026-09-29T18:43:59,0,15.0,0.0,0.0,aman,aman
2026-09-29T18:44:00,0,15.0,0.0,0.0,aman,aman
2026-09-29T18:44:02,0,15.0,0.0,0.0,aman,aman
2026-09-29T18:44:03,0,15.0,0.0,0.0,aman,aman
2026-09-29T18:44:05,0,15.0,0.0,0.0,aman,aman
2026-09-29T18:44:06,0,15.0,0.0,0.0,aman,aman
2026-09-29T18:44:08,0,15.0,0.0,0.0,aman,aman
2026-09-29T18:44:09,0,15.0,0.0,0.0,aman,aman
2026-09-29T18:44:11,0,15.0,0.0,0.0,aman,aman
2026-09-29T18:44:13,0,15.0,0.0,0.0,aman,aman
2026-09-29T18:44:14,0,15.0,0.0,0.0,aman,aman
2026-09-29T18:44:16,0,15.0,0.0,0.0,aman,aman
2026-09-29T18:44:18,0,15.0,0.0,0.0,aman,aman
2026-09-29T18:44:19,0,15.0,0.0,0.0,aman,aman
2026-09-29T18:44:21,0,15.0,0.0,0.0,aman,aman
2026-09-29T18:44:23,0,15.0,0.0,0.0,aman,aman
2026-09-29T18:44:24,0,15.0,0.0,0.0,aman,aman
2026-09-29T18:44:26,0,15.0,0.0,0.0,aman,aman
2026-09-29T18:44:27,0,15.0,0.0,0.0,aman,aman
2026-09-29T18:44:29,0,15.0,0.0,0.0,aman,aman
2026-09-29T18:44:31,0,15.0,0.0,0.0,aman,aman
2026-09-29T18:44:33,0,15.0,0.0,0.0,aman,aman
2026-09-29T18:44:35,0,15.0,0.0,0.0,aman,aman
2026-09-29T18:44:36,0,15.0,0.0,0.0,aman,aman
2026-09-29T18:44:38,0,15.0,0.0,0.0,aman,aman
2026-09-29T18:44:39,0,15.0,0.0,0.0,aman,aman
2026-09-29T18:44:41,0,15.0,0.0,0.0,aman,aman
2026-09-29T18:44:42,0,15.0,0.0,0.0,aman,aman
2026-09-29T18:44:44,0,15.0,0.0,0.0,aman,aman
2026-09-29T18:44:46,0,15.0,0.0,0.0,aman,aman
2026-09-29T18:44:47,0,15.0,0.0,0.0,aman,aman
2026-09-29T18:44:49,0,15.0,0.0,0.0,aman,aman
2026-09-29T18:44:51,0,15.0,0.0,0.0,aman,aman
2026-09-29T18:44:52,0,15.0,0.0,0.0,aman,aman
2026-09-29T18:44:54,0,15.0,0.0,0.0,aman,aman
2026-09-29T18:44:56,0,15.0,0.0,0.0,aman,aman
2026-09-29T18:44:57,0,15.0,0.0,0.0,aman,aman
2026-09-29T18:44:59,0,15.0,0.0,0.0,aman,aman
2026-09-29T18:45:00,0,15.0,0.0,0.0,aman,aman
2026-09-29T18:45:02,0,15.0,0.0,0.0,aman,aman
2026-09-29T18:45:04,0,15.0,0.0,0.0,aman,aman
2026-09-29T18:45:06,0,15.0,0.0,0.0,aman,aman
2026-09-29T18:45:07,0,15.0,0.0,0.0,aman,aman
2026-09-29T18:45:09,0,15.0,0.0,0.0,aman,aman
2026-09-29T18:45:11,0,15.0,0.0,0.0,aman,aman
2026-09-29T18:45:13,0,15.0,0.0,0.0,aman,aman
2026-09-29T18:45:14,0,15.0,0.0,0.0,aman,aman
2026-09-29T18:45:16,0,15.0,0.0,0.0,aman,aman
2026-09-29T18:45:17,0,15.0,0.0,0.0,aman,aman
2026-09-29T18:45:19,0,15.0,0.0,0.0,aman,aman
2026-09-29T18:45:20,0,15.0,0.0,0.0,aman,aman
2026-09-29T18:45:22,0,15.0,0.0,0.0,aman,aman
2026-09-29T18:45:23,0,15.0,0.0,0.0,aman,aman
2026-09-29T18:45:25,0,15.0,0.0,0.0,aman,aman
2026-09-29T18:45:26,0,15.0,0.0,0.0,aman,aman
2026-09-29T18:45:28,0,15.0,0.0,0.0,aman,aman
2026-09-29T18:45:29,0,15.0,0.0,0.0,aman,aman
2026-09-29T18:45:31,0,15.0,0.0,0.0,aman,aman
2026-09-29T18:45:33,0,15.0,0.0,0.0,aman,aman
2026-09-29T18:45:35,0,15.0,0.0,0.0,aman,aman
2026-09-29T18:45:36,0,15.0,0.0,0.0,aman,aman
2026-09-29T18:45:38,0,15.0,0.0,0.0,aman,aman
2026-09-29T18:45:40,0,15.0,0.0,0.0,aman,aman
2026-09-29T18:45:41,0,15.0,0.0,0.0,aman,aman
2026-09-29T18:45:43,0,15.0,0.0,0.0,aman,aman
2026-09-29T18:45:44,0,15.0,0.0,0.0,aman,aman
2026-09-29T18:45:46,0,15.0,0.0,0.0,aman,aman
2026-09-29T18:45:47,0,15.0,0.0,0.0,aman,aman
2026-09-29T18:45:49,0,15.0,0.0,0.0,aman,aman
2026-09-29T18:45:51,0,15.0,0.0,0.0,aman,aman
2026-09-29T18:45:53,0,15.0,0.0,0.0,aman,aman
2026-09-29T18:45:54,0,15.0,0.0,0.0,aman,aman
2026-09-29T18:45:56,0,15.0,0.0,0.0,aman,aman
2026-09-29T18:45:57,0,15.0,0.0,0.0,aman,aman
2026-09-29T18:45:59,0,15.0,0.0,0.0,aman,aman
2026-09-29T18:46:00,0,15.0,0.0,0.0,aman,aman
2026-09-29T18:46:02,0,15.0,0.0,0.0,aman,aman
2026-09-29T18:46:04,0,15.0,0.0,0.0,aman,aman
2026-09-29T18:46:05,0,15.0,0.0,0.0,aman,aman
2026-09-29T18:46:07,0,15.0,0.0,0.0,aman,aman
2026-09-29T18:46:08,0,15.0,0.0,0.0,aman,aman
2026-09-29T18:46:10,0,15.0,0.0,0.0,aman,aman
2026-09-29T18:46:11,0,15.0,0.0,0.0,aman,aman
2026-09-29T18:46:13,0,15.0,0.0,0.0,aman,aman
2026-09-29T18:46:15,0,15.0,0.0,0.0,aman,aman
2026-09-29T18:46:17,0,15.0,0.0,0.0,aman,aman
2026-09-29T18:46:18,0,15.0,0.0,0.0,aman,aman
2026-09-29T18:46:20,0,15.0,0.0,0.0,aman,aman
2026-09-29T18:46:21,0,15.0,0.0,0.0,aman,aman
2026-09-29T18:46:23,0,15.0,0.0,0.0,aman,aman
2026-09-29T18:46:25,0,15.0,0.0,0.0,aman,aman
2026-09-29T18:46:26,0,15.0,0.0,0.0,aman,aman
2026-09-29T18:46:27,0,15.0,0.0,0.0,aman,aman
2026-09-29T18:46:29,0,15.0,0.0,0.0,aman,aman
2026-09-29T18:46:31,0,15.0,0.0,0.0,aman,aman
2026-09-29T18:46:32,0,15.0,0.0,0.0,aman,aman
2026-09-29T18:46:34,0,15.0,0.0,0.0,aman,aman
2026-09-29T18:46:35,0,15.0,0.0,0.0,aman,aman
2026-09-29T18:46:37,0,15.0,0.0,0.0,aman,aman
2026-09-29T18:46:39,0,15.0,0.0,0.0,aman,aman
2026-09-29T18:46:40,0,15.0,0.0,0.0,aman,aman
2026-09-29T18:46:42,0,15.0,0.0,0.0,aman,aman
2026-09-29T18:46:43,0,15.0,0.0,0.0,aman,aman
2026-09-29T18:46:44,0,15.0,0.0,0.0,aman,aman
2026-09-29T18:46:46,0,15.0,0.0,0.0,aman,aman
2026-09-29T18:46:48,0,15.0,0.0,0.0,aman,aman
2026-09-29T18:46:49,0,15.0,0.0,0.0,aman,aman
2026-09-29T18:46:51,0,15.0,0.0,0.0,aman,aman
2026-09-29T18:46:52,0,15.0,0.0,0.0,aman,aman
2026-09-29T18:46:54,0,15.0,0.0,0.0,aman,aman
2026-09-29T18:46:56,0,15.0,0.0,0.0,aman,aman
2026-09-29T18:46:57,0,15.0,0.0,0.0,aman,aman
2026-09-29T18:46:59,0,15.0,0.0,0.0,aman,aman
2026-09-29T18:47:01,0,15.0,0.0,0.0,aman,aman
2026-09-29T18:47:02,0,15.0,0.0,0.0,aman,aman
2026-09-29T18:47:04,0,15.0,0.0,0.0,aman,aman
2026-09-29T18:47:05,0,15.0,0.0,0.0,aman,aman
2026-09-29T18:47:07,0,15.0,0.0,0.0,aman,aman
2026-09-29T18:47:08,0,15.0,0.0,0.0,aman,aman
2026-09-29T18:47:10,0,15.0,0.0,0.0,aman,aman
2026-09-29T18:47:11,0,15.0,0.0,0.0,aman,aman
2026-09-29T18:47:13,0,15.0,0.0,0.0,aman,aman
2026-09-29T18:47:15,0,15.0,0.0,0.0,aman,aman
2026-09-29T18:47:17,0,15.0,0.0,0.0,aman,aman
2026-09-29T18:47:19,0,15.0,0.0,0.0,aman,aman
2026-09-29T18:47:20,0,15.0,0.0,0.0,aman,aman
2026-09-29T18:47:22,0,15.0,0.0,0.0,aman,aman
2026-09-29T18:47:24,0,15.0,0.0,0.0,aman,aman
2026-09-29T18:47:25,0,15.0,0.0,0.0,aman,aman
2026-09-29T18:47:27,0,15.0,0.0,0.0,aman,aman
2026-09-29T18:47:29,0,15.0,0.0,0.0,aman,aman
2026-09-29T18:47:30,0,15.0,0.0,0.0,aman,aman
2026-09-29T18:47:32,0,15.0,0.0,0.0,aman,aman
2026-09-29T18:47:34,0,15.0,0.0,0.0,aman,aman
2026-09-29T18:47:35,0,15.0,0.0,0.0,aman,aman
2026-09-29T18:47:37,0,15.0,0.0,0.0,aman,aman
2026-09-29T18:47:39,0,15.0,0.0,0.0,aman,aman
2026-09-29T18:47:40,0,15.0,0.0,0.0,aman,aman
2026-09-29T18:47:42,0,15.0,0.0,0.0,aman,aman
2026-09-29T18:47:43,0,15.0,0.0,0.0,aman,aman
2026-09-29T18:47:45,0,15.0,0.0,0.0,aman,aman
2026-09-29T18:47:46,0,15.0,0.0,0.0,aman,aman
2026-09-29T18:47:48,0,15.0,0.0,0.0,aman,aman
2026-09-29T18:47:50,0,15.0,0.0,0.0,aman,aman
2026-09-29T18:47:51,0,15.0,0.0,0.0,aman,aman
2026-09-29T18:47:53,0,15.0,0.0,0.0,aman,aman
2026-09-29T18:47:54,0,15.0,0.0,0.0,aman,aman
2026-09-29T18:47:55,0,15.0,0.0,0.0,aman,aman
2026-09-29T18:47:56,0,15.0,0.0,0.0,aman,aman
2026-09-29T18:47:58,0,15.0,0.0,0.0,aman,aman
2026-09-29T18:47:59,0,15.0,0.0,0.0,aman,aman
2026-09-29T18:48:00,0,15.0,0.0,0.0,aman,aman
2026-09-29T18:48:02,0,15.0,0.0,0.0,aman,aman
2026-09-29T18:48:03,0,15.0,0.0,0.0,aman,aman
2026-09-29T18:48:04,0,15.0,0.0,0.0,aman,aman
2026-09-29T18:48:06,0,15.0,0.0,0.0,aman,aman
2026-09-29T18:48:07,0,15.0,0.0,0.0,aman,aman
2026-09-29T18:48:08,0,15.0,0.0,0.0,aman,aman
2026-09-29T18:48:10,0,15.0,0.0,0.0,aman,aman
2026-09-29T18:48:11,0,15.0,0.0,0.0,aman,aman
2026-09-29T18:48:12,0,15.0,0.0,0.0,aman,aman
2026-09-29T18:48:14,0,15.0,0.0,0.0,aman,aman
2026-09-29T18:48:15,0,15.0,0.0,0.0,aman,aman
2026-09-29T18:48:16,0,15.0,0.0,0.0,aman,aman
2026-09-29T18:48:18,0,15.0,0.0,0.0,aman,aman
2026-09-29T18:48:19,0,15.0,0.0,0.0,aman,aman
2026-09-29T18:48:21,0,15.0,0.0,0.0,aman,aman
2026-09-29T18:48:22,0,15.0,0.0,0.0,aman,aman
2026-09-29T18:48:23,0,15.0,0.0,0.0,aman,aman
2026-09-29T18:48:25,0,15.0,0.0,0.0,aman,aman
2026-09-29T18:48:26,0,15.0,0.0,0.0,aman,aman
2026-09-29T18:48:27,0,15.0,0.0,0.0,aman,aman
2026-09-29T18:48:28,0,15.0,0.0,0.0,aman,aman
2026-09-29T22:14:46,0,15.0,0.0,0.0,aman,aman
2026-09-29T22:14:53,0,15.0,0.0,0.0,aman,aman
2026-09-29T22:14:55,0,15.0,0.0,0.0,aman,aman
2026-09-29T22:14:57,0,15.0,0.0,0.0,aman,aman
2026-09-29T22:14:59,0,15.0,0.0,0.0,aman,aman
2026-09-29T22:15:24,0,15.0,0.0,0.0,aman,aman
2026-09-29T22:15:27,0,15.0,0.0,0.0,aman,aman
2026-09-29T22:17:24,0,15.0,0.0,0.0,aman,aman
2026-09-29T22:17:27,0,15.0,0.0,0.0,aman,aman
2026-09-29T22:17:30,0,15.0,0.0,0.0,aman,aman
2026-09-29T22:17:34,0,15.0,0.0,0.0,aman,aman
2026-09-29T22:17:36,0,15.0,0.0,0.0,aman,aman
2026-09-29T22:17:38,0,15.0,0.0,0.0,aman,aman
2026-09-29T22:17:40,0,15.0,0.0,0.0,aman,aman
2026-09-29T22:17:41,0,15.0,0.0,0.0,aman,aman
2026-09-29T22:17:43,0,15.0,0.0,0.0,aman,aman
2026-09-29T22:17:45,0,15.0,0.0,0.0,aman,aman
2026-09-29T22:17:48,0,15.0,0.0,0.0,aman,aman
2026-09-29T22:17:49,0,15.0,0.0,0.0,aman,aman
2026-09-29T22:17:51,0,15.0,0.0,0.0,aman,aman
2026-09-29T22:17:53,0,15.0,0.0,0.0,aman,aman
2026-09-29T22:17:54,0,15.0,0.0,0.0,aman,aman
2026-09-29T22:17:56,0,15.0,0.0,0.0,aman,aman
2026-09-29T22:17:58,0,15.0,0.0,0.0,aman,aman
2026-09-29T22:18:01,0,15.0,0.0,0.0,aman,aman
2026-09-29T22:18:03,0,15.0,0.0,0.0,aman,aman
2026-09-29T22:18:05,0,15.0,0.0,0.0,aman,aman
2026-09-29T22:18:07,0,15.0,0.0,0.0,aman,aman
2026-09-29T22:18:09,0,15.0,0.0,0.0,aman,aman
2026-09-29T22:18:11,0,15.0,0.0,0.0,aman,aman
2026-09-29T22:18:13,0,15.0,0.0,0.0,aman,aman
2026-09-29T22:18:15,0,15.0,0.0,0.0,aman,aman
2026-09-29T22:18:17,0,15.0,0.0,0.0,aman,aman
2026-09-29T22:18:20,0,15.0,0.0,0.0,aman,aman
2026-09-29T22:18:21,0,15.0,0.0,0.0,aman,aman
2026-09-29T22:18:24,0,15.0,0.0,0.0,aman,aman
2026-09-29T22:18:26,0,15.0,0.0,0.0,aman,aman
2026-09-29T22:18:27,0,15.0,0.0,0.0,aman,aman
2026-09-29T22:18:29,0,15.0,0.0,0.0,aman,aman
2026-09-29T22:18:31,0,15.0,0.0,0.0,aman,aman
2026-09-29T22:18:32,0,15.0,0.0,0.0,aman,aman
2026-09-29T22:18:35,0,15.0,0.0,0.0,aman,aman
2026-09-29T22:18:37,0,15.0,0.0,0.0,aman,aman
2026-09-29T22:18:38,0,15.0,0.0,0.0,aman,aman
2026-09-29T22:18:40,0,15.0,0.0,0.0,aman,aman
2026-09-29T22:18:42,0,15.0,0.0,0.0,aman,aman
2026-09-29T22:18:44,0,15.0,0.0,0.0,aman,aman
2026-09-29T22:18:45,0,15.0,0.0,0.0,aman,aman
2026-09-29T22:18:47,0,15.0,0.0,0.0,aman,aman
2026-09-29T22:18:49,0,15.0,0.0,0.0,aman,aman
2026-09-29T22:18:50,0,15.0,0.0,0.0,aman,aman
2026-09-29T22:18:52,0,15.0,0.0,0.0,aman,aman
2026-09-29T22:18:54,0,15.0,0.0,0.0,aman,aman
2026-09-29T22:18:56,0,15.0,0.0,0.0,aman,aman
2026-09-29T22:18:57,0,15.0,0.0,0.0,aman,aman
2026-09-29T22:18:59,0,15.0,0.0,0.0,aman,aman
2026-09-29T22:19:01,0,15.0,0.0,0.0,aman,aman
2026-09-29T22:19:02,0,15.0,0.0,0.0,aman,aman
2026-09-29T22:19:04,0,15.0,0.0,0.0,aman,aman
2026-09-29T22:19:06,0,15.0,0.0,0.0,aman,aman
2026-09-29T22:19:07,0,15.0,0.0,0.0,aman,aman
2026-09-29T22:19:09,0,15.0,0.0,0.0,aman,aman
2026-09-29T22:19:11,0,15.0,0.0,0.0,aman,aman
2026-09-29T22:19:13,0,15.0,0.0,0.0,aman,aman
2026-09-29T22:19:14,0,15.0,0.0,0.0,aman,aman
2026-09-29T22:19:17,0,15.0,0.0,0.0,aman,aman
2026-09-29T22:19:19,0,15.0,0.0,0.0,aman,aman
2026-09-29T22:19:21,0,15.0,0.0,0.0,aman,aman
2026-09-29T22:19:23,0,15.0,0.0,0.0,aman,aman
2026-09-29T22:19:24,0,15.0,0.0,0.0,aman,aman
2026-09-29T22:21:12,0,15.0,0.0,0.0,aman,aman
2026-09-29T22:21:16,0,15.0,0.0,0.0,aman,aman
2026-09-29T22:21:27,0,15.0,0.0,0.0,aman,aman
2026-09-29T22:21:28,0,15.0,0.0,0.0,aman,aman
2026-09-29T22:21:30,0,15.0,0.0,0.0,aman,aman
2026-09-29T22:21:32,0,15.0,0.0,0.0,aman,aman
2026-09-29T22:21:34,0,15.0,0.0,0.0,aman,aman
2026-09-29T22:21:35,0,15.0,0.0,0.0,aman,aman
2026-09-29T22:21:40,0,15.0,0.0,0.0,aman,aman
2026-09-29T22:21:41,0,15.0,0.0,0.0,aman,aman
2026-09-29T22:21:43,0,15.0,0.0,0.0,aman,aman
2026-09-29T22:21:44,0,15.0,0.0,0.0,aman,aman
2026-09-29T22:21:46,0,15.0,0.0,0.0,aman,aman
2026-09-29T22:21:48,0,15.0,0.0,0.0,aman,aman
2026-09-29T22:21:50,0,15.0,0.0,0.0,aman,aman
2026-09-29T22:21:51,0,15.0,0.0,0.0,aman,aman
2026-09-29T22:21:53,0,15.0,0.0,0.0,aman,aman
2026-09-29T22:21:54,0,15.0,0.0,0.0,aman,aman
2026-09-29T22:21:56,0,15.0,0.0,0.0,aman,aman
2026-09-29T22:21:58,0,15.0,0.0,0.0,aman,aman
2026-09-29T22:22:00,0,15.0,0.0,0.0,aman,aman
2026-09-29T22:22:02,0,15.0,0.0,0.0,aman,aman
2026-09-29T22:22:04,0,15.0,0.0,0.0,aman,aman
2026-09-29T22:22:06,0,15.0,0.0,0.0,aman,aman
2026-09-29T22:22:08,0,15.0,0.0,0.0,aman,aman
2026-09-29T22:22:10,0,15.0,0.0,0.0,aman,aman
2026-09-29T22:22:11,0,15.0,0.0,0.0,aman,aman
2026-09-29T22:22:13,0,15.0,0.0,0.0,aman,aman
2026-09-29T22:22:14,0,15.0,0.0,0.0,aman,aman
2026-09-29T22:22:15,0,15.0,0.0,0.0,aman,aman
2026-09-29T22:22:17,0,15.0,0.0,0.0,aman,aman
2026-09-29T22:22:18,0,15.0,0.0,0.0,aman,aman
2026-09-29T22:31:37,0,15.0,0.0,0.0,aman,aman
2026-09-29T22:31:45,0,15.0,0.0,0.0,aman,aman
2026-09-29T22:31:47,0,15.0,0.0,0.0,aman,aman
2026-09-29T22:31:49,0,15.0,0.0,0.0,aman,aman
2026-09-29T22:31:51,0,15.0,0.0,0.0,aman,aman
2026-09-29T22:31:52,0,15.0,0.0,0.0,aman,aman
2026-09-29T22:31:55,0,15.0,0.0,0.0,aman,aman
2026-09-29T22:31:56,0,15.0,0.0,0.0,aman,aman
2026-09-29T22:31:58,0,15.0,0.0,0.0,aman,aman
2026-09-29T22:32:00,0,15.0,0.0,0.0,aman,aman
2026-09-29T22:32:02,0,15.0,0.0,0.0,aman,aman
2026-09-29T22:32:04,0,15.0,0.0,0.0,aman,aman
2026-09-29T22:32:06,0,15.0,0.0,0.0,aman,aman
2026-09-29T22:32:08,0,15.0,0.0,0.0,aman,aman
2026-09-29T22:32:10,0,15.0,0.0,0.0,aman,aman
2026-09-29T22:32:12,0,15.0,0.0,0.0,aman,aman
2026-09-29T22:32:14,0,15.0,0.0,0.0,aman,aman
2026-09-29T22:32:16,0,15.0,0.0,0.0,aman,aman
2026-09-29T22:32:17,0,15.0,0.0,0.0,aman,aman
2026-09-29T22:32:19,0,15.0,0.0,0.0,aman,aman
2026-09-29T22:32:21,0,15.0,0.0,0.0,aman,aman
2026-09-29T22:32:23,0,15.0,0.0,0.0,aman,aman
2026-09-29T22:32:25,0,15.0,0.0,0.0,aman,aman
2026-09-29T22:32:27,0,15.0,0.0,0.0,aman,aman
2026-09-29T22:32:29,0,15.0,0.0,0.0,aman,aman
2026-09-29T22:32:30,0,15.0,0.0,0.0,aman,aman
2026-09-29T22:32:32,0,15.0,0.0,0.0,aman,aman
2026-09-29T22:32:34,0,15.0,0.0,0.0,aman,aman
2026-09-29T22:32:36,0,15.0,0.0,0.0,aman,aman
2026-09-29T22:32:38,0,15.0,0.0,0.0,aman,aman
2026-09-29T22:32:40,0,15.0,0.0,0.0,aman,aman
2026-09-29T22:32:42,0,15.0,0.0,0.0,aman,aman
2026-09-29T22:32:44,0,15.0,0.0,0.0,aman,aman
2026-09-29T22:32:46,0,15.0,0.0,0.0,aman,aman
2026-09-29T22:32:47,0,15.0,0.0,0.0,aman,aman
2026-09-29T22:32:49,0,15.0,0.0,0.0,aman,aman
2026-09-29T22:32:51,0,15.0,0.0,0.0,aman,aman
2026-09-29T22:32:52,0,15.0,0.0,0.0,aman,aman
2026-09-29T22:32:54,0,15.0,0.0,0.0,aman,aman
2026-09-29T22:32:56,0,15.0,0.0,0.0,aman,aman
2026-09-29T22:32:58,0,15.0,0.0,0.0,aman,aman
2026-09-29T22:33:00,0,15.0,0.0,0.0,aman,aman
2026-09-29T22:33:01,0,15.0,0.0,0.0,aman,aman
2026-09-29T22:33:03,0,15.0,0.0,0.0,aman,aman
2026-09-29T22:33:05,0,15.0,0.0,0.0,aman,aman
2026-09-29T22:33:06,0,15.0,0.0,0.0,aman,aman
2026-09-29T22:33:08,0,15.0,0.0,0.0,aman,aman
2026-09-29T22:33:10,0,15.0,0.0,0.0,aman,aman
2026-09-29T22:33:11,0,15.0,0.0,0.0,aman,aman
2026-09-29T22:33:13,0,15.0,0.0,0.0,aman,aman
2026-09-29T22:33:15,0,15.0,0.0,0.0,aman,aman
2026-09-29T22:33:17,0,15.0,0.0,0.0,aman,aman
2026-09-29T22:33:18,0,15.0,0.0,0.0,aman,aman
2026-09-29T22:33:20,0,15.0,0.0,0.0,aman,aman
2026-09-29T22:33:22,0,15.0,0.0,0.0,aman,aman
2026-09-29T22:33:23,0,15.0,0.0,0.0,aman,aman
2026-09-29T22:34:11,0,15.0,0.0,0.0,aman,aman
2026-09-29T22:34:12,0,15.0,0.0,0.0,aman,aman
2026-09-29T22:34:14,0,15.0,0.0,0.0,aman,aman
2026-09-29T22:34:16,0,15.0,0.0,0.0,aman,aman
2026-09-29T22:34:18,0,15.0,0.0,0.0,aman,aman
2026-09-29T22:34:19,0,15.0,0.0,0.0,aman,aman
2026-09-29T22:34:21,0,15.0,0.0,0.0,aman,aman
2026-09-29T22:34:23,0,15.0,0.0,0.0,aman,aman
2026-09-29T22:34:24,0,15.0,0.0,0.0,aman,aman
2026-09-29T22:34:26,0,15.0,0.0,0.0,aman,aman
2026-09-29T22:34:28,0,15.0,0.0,0.0,aman,aman
2026-09-29T22:34:30,0,15.0,0.0,0.0,aman,aman
2026-09-29T22:34:32,0,15.0,0.0,0.0,aman,aman
2026-09-29T22:34:34,0,15.0,0.0,0.0,aman,aman
2026-09-29T22:34:36,0,15.0,0.0,0.0,aman,aman
2026-09-29T22:34:37,0,15.0,0.0,0.0,aman,aman
2026-09-29T22:34:39,0,15.0,0.0,0.0,aman,aman
2026-09-29T22:34:41,0,15.0,0.0,0.0,aman,aman
2026-09-29T22:35:17,0,15.0,0.0,0.0,aman,aman
2026-09-29T22:35:34,0,15.0,0.0,0.0,aman,aman
2026-09-29T22:35:36,0,15.0,0.0,0.0,aman,aman
2026-09-29T22:35:41,0,15.0,0.0,0.0,aman,aman
2026-09-29T22:35:43,0,15.0,0.0,0.0,aman,aman
2026-09-29T22:35:45,0,15.0,0.0,0.0,aman,aman
2026-09-29T22:35:46,0,15.0,0.0,0.0,aman,aman
2026-09-29T22:35:48,0,15.0,0.0,0.0,aman,aman
2026-09-29T22:35:51,0,15.0,0.0,0.0,aman,aman
2026-09-29T22:35:53,0,15.0,0.0,0.0,aman,aman
2026-09-29T22:35:55,0,15.0,0.0,0.0,aman,aman
2026-09-29T22:35:57,0,15.0,0.0,0.0,aman,aman
2026-09-29T22:35:59,0,15.0,0.0,0.0,aman,aman
2026-09-29T22:36:01,0,15.0,0.0,0.0,aman,aman
2026-09-29T22:36:03,0,15.0,0.0,0.0,aman,aman
2026-09-29T22:36:06,0,15.0,0.0,0.0,aman,aman
2026-09-29T22:36:08,0,15.0,0.0,0.0,aman,aman
2026-09-29T22:36:10,0,15.0,0.0,0.0,aman,aman
2026-09-29T22:36:12,0,15.0,0.0,0.0,aman,aman
2026-09-29T22:36:13,0,15.0,0.0,0.0,aman,aman
2026-09-29T22:36:16,0,15.0,0.0,0.0,aman,aman
2026-09-29T22:36:17,0,15.0,0.0,0.0,aman,aman
2026-09-29T22:36:19,0,15.0,0.0,0.0,aman,aman
2026-09-29T22:36:22,0,15.0,0.0,0.0,aman,aman
2026-09-29T22:36:24,0,15.0,0.0,0.0,aman,aman
2026-09-29T22:36:26,0,15.0,0.0,0.0,aman,aman
2026-09-29T22:36:27,0,15.0,0.0,0.0,aman,aman
2026-09-29T22:36:29,0,15.0,0.0,0.0,aman,aman
2026-09-29T22:36:31,0,15.0,0.0,0.0,aman,aman
2026-09-29T22:36:33,0,15.0,0.0,0.0,aman,aman
2026-09-29T22:36:37,0,15.0,0.0,0.0,aman,aman
2026-09-29T22:36:39,0,15.0,0.0,0.0,aman,aman
2026-09-29T22:36:41,0,15.0,0.0,0.0,aman,aman
2026-09-29T22:36:43,0,15.0,0.0,0.0,aman,aman
2026-09-29T22:36:44,0,15.0,0.0,0.0,aman,aman
2026-09-29T22:36:46,0,15.0,0.0,0.0,aman,aman
2026-09-29T22:36:48,0,15.0,0.0,0.0,aman,aman
2026-09-29T22:39:50,0,15.0,0.0,0.0,aman,aman
2026-09-29T22:39:53,0,15.0,0.0,0.0,aman,aman
2026-09-29T22:39:56,0,15.0,0.0,0.0,aman,aman
2026-09-29T22:39:58,0,15.0,0.0,0.0,aman,aman
2026-09-29T22:40:00,0,15.0,0.0,0.0,aman,aman
2026-09-29T22:40:01,0,15.0,0.0,0.0,aman,aman
2026-09-29T22:40:03,0,15.0,0.0,0.0,aman,aman
2026-09-29T22:40:06,0,15.0,0.0,0.0,aman,aman
2026-09-29T22:40:10,0,15.0,0.0,0.0,aman,aman
2026-09-29T22:40:12,0,15.0,0.0,0.0,aman,aman
2026-09-29T22:40:15,0,15.0,0.0,0.0,aman,aman
2026-09-29T22:40:17,0,15.0,0.0,0.0,aman,aman
2026-09-29T22:40:19,0,15.0,0.0,0.0,aman,aman
2026-09-29T22:40:21,0,15.0,0.0,0.0,aman,aman
2026-09-29T22:40:24,0,15.0,0.0,0.0,aman,aman
2026-09-29T22:40:26,0,15.0,0.0,0.0,aman,aman
2026-09-29T22:45:06,0,15.0,0.0,0.0,aman,aman
2026-09-29T22:45:10,0,15.0,0.0,0.0,aman,aman
2026-09-29T22:45:12,0,15.0,0.0,0.0,aman,aman
2026-09-29T22:45:14,0,15.0,0.0,0.0,aman,aman
2026-09-29T22:45:16,0,15.0,0.0,0.0,aman,aman
2026-09-29T22:45:19,0,15.0,0.0,0.0,aman,aman
2026-09-29T22:45:21,0,15.0,0.0,0.0,aman,aman
2026-09-29T22:45:22,0,15.0,0.0,0.0,aman,aman
2026-09-29T22:45:25,0,15.0,0.0,0.0,aman,aman
2026-09-29T22:45:27,0,15.0,0.0,0.0,aman,aman
2026-09-29T22:45:29,0,15.0,0.0,0.0,aman,aman
2026-09-29T22:45:30,0,15.0,0.0,0.0,aman,aman
2026-09-29T22:45:32,0,15.0,0.0,0.0,aman,aman
2026-09-29T22:45:34,0,15.0,0.0,0.0,aman,aman
2026-09-29T22:45:36,0,15.0,0.0,0.0,aman,aman
2026-09-29T22:45:38,0,15.0,0.0,0.0,aman,aman
2026-09-29T22:45:40,0,15.0,0.0,0.0,aman,aman
2026-09-29T22:45:41,0,15.0,0.0,0.0,aman,aman
2026-09-29T22:45:43,0,15.0,0.0,0.0,aman,aman
2026-09-29T22:45:45,0,15.0,0.0,0.0,aman,aman
2026-09-29T22:45:46,0,15.0,0.0,0.0,aman,aman
2026-09-29T22:45:48,0,15.0,0.0,0.0,aman,aman
2026-09-29T22:45:50,0,15.0,0.0,0.0,aman,aman
2026-09-29T22:45:52,0,15.0,0.0,0.0,aman,aman
2026-09-29T22:45:54,0,15.0,0.0,0.0,aman,aman
2026-09-29T22:45:56,0,15.0,0.0,0.0,aman,aman
2026-09-29T22:45:58,0,15.0,0.0,0.0,aman,aman
2026-09-29T22:45:59,0,15.0,0.0,0.0,aman,aman
2026-09-29T22:46:01,0,15.0,0.0,0.0,aman,aman
2026-09-29T22:46:03,0,15.0,0.0,0.0,aman,aman
2026-09-29T22:46:05,0,15.0,0.0,0.0,aman,aman
2026-09-29T22:46:08,0,15.0,0.0,0.0,aman,aman
2026-09-29T22:46:10,0,15.0,0.0,0.0,aman,aman
2026-09-29T22:46:12,0,15.0,0.0,0.0,aman,aman
2026-09-29T22:46:14,0,15.0,0.0,0.0,aman,aman
2026-09-29T22:46:16,0,15.0,0.0,0.0,aman,aman
2026-09-29T22:46:18,0,15.0,0.0,0.0,aman,aman
2026-09-29T22:46:20,0,15.0,0.0,0.0,aman,aman
2026-09-29T22:46:22,0,15.0,0.0,0.0,aman,aman
2026-09-29T22:46:25,0,15.0,0.0,0.0,aman,aman
2026-09-29T22:46:27,0,15.0,0.0,0.0,aman,aman
2026-09-29T22:46:29,0,15.0,0.0,0.0,aman,aman
2026-09-29T22:46:30,0,15.0,0.0,0.0,aman,aman
2026-09-29T22:46:32,0,15.0,0.0,0.0,aman,aman
2026-09-29T22:46:34,0,15.0,0.0,0.0,aman,aman
2026-09-29T22:46:35,0,15.0,0.0,0.0,aman,aman
2026-09-29T23:01:43,0,15.0,0.0,0.0,aman,aman
2026-09-29T23:01:44,0,15.0,0.0,0.0,aman,aman
2026-09-29T23:01:46,0,15.0,0.0,0.0,aman,aman
2026-09-29T23:01:48,0,15.0,0.0,0.0,aman,aman
2026-09-29T23:01:50,0,15.0,0.0,0.0,aman,aman
2026-09-29T23:01:51,0,15.0,0.0,0.0,aman,aman
2026-09-29T23:01:53,0,15.0,0.0,0.0,aman,aman
2026-09-29T23:01:55,0,15.0,0.0,0.0,aman,aman
2026-09-29T23:01:57,0,15.0,0.0,0.0,aman,aman
2026-09-29T23:01:58,0,15.0,0.0,0.0,aman,aman
2026-09-29T23:02:00,0,15.0,0.0,0.0,aman,aman
2026-09-29T23:02:03,0,15.0,0.0,0.0,aman,aman
2026-09-29T23:02:04,0,15.0,0.0,0.0,aman,aman
2026-09-29T23:02:06,0,15.0,0.0,0.0,aman,aman
2026-09-29T23:02:08,0,15.0,0.0,0.0,aman,aman
2026-09-29T23:02:10,0,15.0,0.0,0.0,aman,aman
2026-09-29T23:02:12,0,15.0,0.0,0.0,aman,aman
2026-09-29T23:02:14,0,15.0,0.0,0.0,aman,aman
2026-09-29T23:02:16,0,15.0,0.0,0.0,aman,aman
2026-09-29T23:02:18,0,15.0,0.0,0.0,aman,aman
2026-09-29T23:02:20,0,15.0,0.0,0.0,aman,aman
2026-09-29T23:02:22,0,15.0,0.0,0.0,aman,aman
2026-09-29T23:02:24,0,15.0,0.0,0.0,aman,aman
2026-09-29T23:02:25,0,15.0,0.0,0.0,aman,aman
2026-09-29T23:02:27,0,15.0,0.0,0.0,aman,aman
2026-09-29T23:02:29,0,15.0,0.0,0.0,aman,aman
2026-09-29T23:02:30,0,15.0,0.0,0.0,aman,aman
2026-09-29T23:02:32,0,15.0,0.0,0.0,aman,aman
2026-09-29T23:02:34,0,15.0,0.0,0.0,aman,aman
2026-09-29T23:02:36,0,15.0,0.0,0.0,aman,aman
2026-09-29T23:02:38,0,15.0,0.0,0.0,aman,aman
2026-09-29T23:02:40,0,15.0,0.0,0.0,aman,aman
2026-09-29T23:02:42,0,15.0,0.0,0.0,aman,aman
2026-09-29T23:02:44,0,15.0,0.0,0.0,aman,aman
2026-09-29T23:02:46,0,15.0,0.0,0.0,aman,aman
2026-09-29T23:02:47,0,15.0,0.0,0.0,aman,aman
2026-09-29T23:02:50,0,15.0,0.0,0.0,aman,aman
2026-09-29T23:02:51,0,15.0,0.0,0.0,aman,aman
2026-09-29T23:02:53,0,15.0,0.0,0.0,aman,aman
2026-09-29T23:02:55,0,15.0,0.0,0.0,aman,aman
2026-09-29T23:02:57,0,15.0,0.0,0.0,aman,aman
2026-09-29T23:02:59,0,15.0,0.0,0.0,aman,aman
2026-09-29T23:03:00,0,15.0,0.0,0.0,aman,aman
2026-09-29T23:03:02,0,15.0,0.0,0.0,aman,aman
2026-09-29T23:03:04,0,15.0,0.0,0.0,aman,aman
2026-09-29T23:03:06,0,15.0,0.0,0.0,aman,aman
2026-09-29T23:03:09,0,15.0,0.0,0.0,aman,aman
2026-09-29T23:03:10,0,15.0,0.0,0.0,aman,aman
2026-09-29T23:03:12,0,15.0,0.0,0.0,aman,aman
2026-09-29T23:03:14,0,15.0,0.0,0.0,aman,aman
2026-09-29T23:03:17,0,15.0,0.0,0.0,aman,aman
2026-09-29T23:03:19,0,15.0,0.0,0.0,aman,aman
2026-09-29T23:03:21,0,15.0,0.0,0.0,aman,aman
2026-09-29T23:03:23,0,15.0,0.0,0.0,aman,aman
2026-09-29T23:03:25,0,15.0,0.0,0.0,aman,aman
2026-09-29T23:03:27,0,15.0,0.0,0.0,aman,aman
2026-09-29T23:03:28,0,15.0,0.0,0.0,aman,aman
2026-09-29T23:03:31,0,15.0,0.0,0.0,aman,aman
2026-09-29T23:03:33,0,15.0,0.0,0.0,aman,aman
2026-09-29T23:03:35,0,15.0,0.0,0.0,aman,aman
2026-09-29T23:03:37,0,15.0,0.0,0.0,aman,aman
2026-09-29T23:03:39,0,15.0,0.0,0.0,aman,aman
2026-09-29T23:03:40,0,15.0,0.0,0.0,aman,aman
2026-09-29T23:03:42,0,15.0,0.0,0.0,aman,aman
2026-09-29T23:03:44,0,15.0,0.0,0.0,aman,aman
2026-09-29T23:03:48,0,15.0,0.0,0.0,aman,aman
2026-09-29T23:03:51,0,15.0,0.0,0.0,aman,aman
2026-09-29T23:03:53,0,15.0,0.0,0.0,aman,aman
2026-09-29T23:03:56,0,15.0,0.0,0.0,aman,aman
2026-09-29T23:04:00,0,15.0,0.0,0.0,aman,aman
2026-09-29T23:06:37,0,15.0,0.0,0.0,aman,aman
2026-09-29T23:06:45,0,15.0,0.0,0.0,aman,aman
2026-09-29T23:06:47,0,15.0,0.0,0.0,aman,aman
2026-09-29T23:06:49,0,15.0,0.0,0.0,aman,aman
2026-09-29T23:06:50,0,15.0,0.0,0.0,aman,aman
2026-09-29T23:06:54,0,15.0,0.0,0.0,aman,aman
2026-09-29T23:06:56,0,15.0,0.0,0.0,aman,aman
2026-09-29T23:06:59,0,15.0,0.0,0.0,aman,aman
2026-09-29T23:07:00,0,15.0,0.0,0.0,aman,aman
2026-09-29T23:07:02,0,15.0,0.0,0.0,aman,aman
2026-09-29T23:07:04,0,15.0,0.0,0.0,aman,aman
2026-09-29T23:07:07,0,15.0,0.0,0.0,aman,aman
2026-09-29T23:07:09,0,15.0,0.0,0.0,aman,aman
2026-09-29T23:07:10,0,15.0,0.0,0.0,aman,aman
2026-09-29T23:07:12,0,15.0,0.0,0.0,aman,aman
2026-09-29T23:07:14,0,15.0,0.0,0.0,aman,aman
2026-09-29T23:07:16,0,15.0,0.0,0.0,aman,aman
2026-09-29T23:07:18,0,15.0,0.0,0.0,aman,aman
2026-09-29T23:07:20,0,15.0,0.0,0.0,aman,aman
2026-09-29T23:07:22,0,15.0,0.0,0.0,aman,aman
2026-09-29T23:07:24,0,15.0,0.0,0.0,aman,aman
2026-09-29T23:07:26,0,15.0,0.0,0.0,aman,aman
2026-09-29T23:07:27,0,15.0,0.0,0.0,aman,aman
2026-09-29T23:07:29,0,15.0,0.0,0.0,aman,aman
2026-09-29T23:07:31,0,15.0,0.0,0.0,aman,aman
2026-09-29T23:07:33,0,15.0,0.0,0.0,aman,aman
2026-09-29T23:07:35,0,15.0,0.0,0.0,aman,aman
2026-09-29T23:07:37,0,15.0,0.0,0.0,aman,aman
2026-09-29T23:07:39,0,15.0,0.0,0.0,aman,aman
2026-09-29T23:07:41,0,15.0,0.0,0.0,aman,aman
2026-09-29T23:07:43,0,15.0,0.0,0.0,aman,aman
2026-09-29T23:07:45,0,15.0,0.0,0.0,aman,aman
2026-09-29T23:07:47,0,15.0,0.0,0.0,aman,aman
2026-09-29T23:07:49,0,15.0,0.0,0.0,aman,aman
2026-09-29T23:07:51,0,15.0,0.0,0.0,aman,aman
2026-09-29T23:07:53,0,15.0,0.0,0.0,aman,aman
2026-09-29T23:07:55,0,15.0,0.0,0.0,aman,aman
2026-09-29T23:07:56,0,15.0,0.0,0.0,aman,aman
2026-09-29T23:07:58,0,15.0,0.0,0.0,aman,aman
2026-09-29T23:08:00,0,15.0,0.0,0.0,aman,aman
2026-09-29T23:08:03,0,15.0,0.0,0.0,aman,aman
2026-09-29T23:08:04,0,15.0,0.0,0.0,aman,aman
2026-09-29T23:08:07,0,15.0,0.0,0.0,aman,aman
2026-09-29T23:08:09,0,15.0,0.0,0.0,aman,aman
2026-09-29T23:08:12,0,15.0,0.0,0.0,aman,aman
2026-09-29T23:08:14,0,15.0,0.0,0.0,aman,aman
2026-09-29T23:08:17,0,15.0,0.0,0.0,aman,aman
2026-09-29T23:08:18,0,15.0,0.0,0.0,aman,aman
2026-09-29T23:08:21,0,15.0,0.0,0.0,aman,aman
2026-09-29T23:08:22,0,15.0,0.0,0.0,aman,aman
2026-09-29T23:08:24,0,15.0,0.0,0.0,aman,aman
2026-09-29T23:08:26,0,15.0,0.0,0.0,aman,aman
2026-09-29T23:08:29,0,15.0,0.0,0.0,aman,aman
2026-09-29T23:08:31,0,15.0,0.0,0.0,aman,aman
2026-09-29T23:08:33,0,15.0,0.0,0.0,aman,aman
2026-09-29T23:08:35,0,15.0,0.0,0.0,aman,aman
2026-09-29T23:08:37,0,15.0,0.0,0.0,aman,aman
2026-09-29T23:08:39,0,15.0,0.0,0.0,aman,aman
2026-09-29T23:08:42,0,15.0,0.0,0.0,aman,aman
2026-09-29T23:08:44,0,15.0,0.0,0.0,aman,aman
2026-09-29T23:08:47,0,15.0,0.0,0.0,aman,aman
2026-09-29T23:08:50,0,15.0,0.0,0.0,aman,aman
2026-09-29T23:08:54,0,15.0,0.0,0.0,aman,aman
2026-09-29T23:08:58,0,15.0,0.0,0.0,aman,aman
2026-09-29T23:09:01,0,15.0,0.0,0.0,aman,aman
2026-09-29T23:09:05,0,15.0,0.0,0.0,aman,aman
2026-09-29T23:09:07,0,15.0,0.0,0.0,aman,aman
2026-09-29T23:09:10,0,15.0,0.0,0.0,aman,aman
2026-09-29T23:09:13,0,15.0,0.0,0.0,aman,aman
2026-09-29T23:09:16,0,15.0,0.0,0.0,aman,aman
2026-09-29T23:09:18,0,15.0,0.0,0.0,aman,aman
2026-09-29T23:09:20,0,15.0,0.0,0.0,aman,aman
2026-09-29T23:09:22,0,15.0,0.0,0.0,aman,aman
2026-09-29T23:09:24,0,15.0,0.0,0.0,aman,aman
2026-09-29T23:09:26,0,15.0,0.0,0.0,aman,aman
2026-09-29T23:09:28,0,15.0,0.0,0.0,aman,aman
2026-09-29T23:09:30,0,15.0,0.0,0.0,aman,aman
2026-09-29T23:09:32,0,15.0,0.0,0.0,aman,aman
2026-09-29T23:09:34,0,15.0,0.0,0.0,aman,aman
2026-09-29T23:09:36,0,15.0,0.0,0.0,aman,aman
2026-09-29T23:09:38,0,15.0,0.0,0.0,aman,aman
2026-09-29T23:09:40,0,15.0,0.0,0.0,aman,aman
2026-09-29T23:09:42,0,15.0,0.0,0.0,aman,aman
2026-09-29T23:09:45,0,15.0,0.0,0.0,aman,aman
2026-09-29T23:09:47,0,15.0,0.0,0.0,aman,aman
2026-09-29T23:09:49,0,15.0,0.0,0.0,aman,aman
2026-09-29T23:09:50,0,15.0,0.0,0.0,aman,aman
2026-09-29T23:09:52,0,15.0,0.0,0.0,aman,aman
2026-09-29T23:09:54,0,15.0,0.0,0.0,aman,aman
2026-09-29T23:09:56,0,15.0,0.0,0.0,aman,aman
2026-09-29T23:09:59,0,15.0,0.0,0.0,aman,aman
2026-09-29T23:10:01,0,15.0,0.0,0.0,aman,aman
2026-09-29T23:10:03,0,15.0,0.0,0.0,aman,aman
2026-09-29T23:10:05,0,15.0,0.0,0.0,aman,aman
2026-09-29T23:10:07,0,15.0,0.0,0.0,aman,aman
2026-09-29T23:10:10,0,15.0,0.0,0.0,aman,aman
2026-09-29T23:10:12,0,15.0,0.0,0.0,aman,aman
2026-09-29T23:10:14,0,15.0,0.0,0.0,aman,aman
2026-09-29T23:10:16,0,15.0,0.0,0.0,aman,aman
2026-09-29T23:10:18,0,15.0,0.0,0.0,aman,aman
2026-09-29T23:10:20,0,15.0,0.0,0.0,aman,aman
2026-09-29T23:10:22,0,15.0,0.0,0.0,aman,aman
2026-09-29T23:10:25,0,15.0,0.0,0.0,aman,aman
2026-09-29T23:10:27,0,15.0,0.0,0.0,aman,aman
2026-09-29T23:10:29,0,15.0,0.0,0.0,aman,aman
2026-09-29T23:10:31,0,15.0,0.0,0.0,aman,aman
2026-09-29T23:10:33,0,15.0,0.0,0.0,aman,aman
2026-09-29T23:10:35,1,2.3,0.0,79.5,bahaya,aman
2026-09-29T23:10:38,2,2.4,0.0,76.9,bahaya,bahaya
2026-09-29T23:10:40,2,2.8,2.9,71.9,bahaya,bahaya
2026-09-29T23:10:43,2,3.0,5.3,67.9,bahaya,bahaya
2026-09-29T23:10:45,2,3.2,7.6,65.6,siaga,bahaya
2026-09-29T23:10:47,2,3.5,9.9,59.4,siaga,bahaya
2026-09-29T23:10:50,2,3.5,11.8,59.4,siaga,siaga
2026-09-29T23:10:52,0,15.0,0.0,0.0,aman,siaga
2026-09-29T23:10:54,2,3.9,0.0,51.9,siaga,siaga
2026-09-29T23:10:56,2,3.9,2.1,52.1,siaga,siaga
2026-09-29T23:10:59,2,3.9,4.0,52.5,siaga,siaga
2026-09-29T23:11:01,2,4.5,6.2,50.0,siaga,siaga
2026-09-29T23:11:03,0,15.0,0.0,0.0,aman,siaga
2026-09-29T23:11:05,0,15.0,0.0,0.0,aman,siaga
2026-09-29T23:11:07,0,15.0,0.0,0.0,aman,aman
2026-09-29T23:11:09,1,4.0,0.0,50.2,siaga,aman
2026-09-29T23:11:11,1,4.0,2.0,50.2,siaga,siaga
2026-09-29T23:11:14,1,3.8,4.0,53.4,siaga,siaga
2026-09-29T23:11:16,1,3.9,6.7,53.0,siaga,siaga
2026-09-29T23:11:18,0,15.0,0.0,0.0,aman,siaga
2026-09-29T23:11:20,1,3.9,0.0,52.7,siaga,siaga
2026-09-29T23:11:22,1,3.9,2.1,52.4,siaga,siaga
2026-09-29T23:11:25,2,3.9,4.3,52.4,siaga,siaga
2026-09-29T23:11:27,1,3.9,7.1,53.1,siaga,siaga
2026-09-29T23:11:30,0,15.0,0.0,0.0,aman,siaga
2026-09-29T23:11:32,0,15.0,0.0,0.0,aman,siaga
2026-09-29T23:11:34,1,4.0,0.0,50.6,siaga,siaga
2026-09-29T23:11:36,0,15.0,0.0,0.0,aman,siaga
2026-09-29T23:11:39,0,15.0,0.0,0.0,aman,siaga
2026-09-29T23:11:41,0,15.0,0.0,0.0,aman,aman
2026-09-29T23:11:44,0,15.0,0.0,0.0,aman,aman
2026-09-29T23:11:46,0,15.0,0.0,0.0,aman,aman
2026-09-29T23:11:48,0,15.0,0.0,0.0,aman,aman
2026-09-29T23:11:51,0,15.0,0.0,0.0,aman,aman
2026-09-29T23:11:53,0,15.0,0.0,0.0,aman,aman
2026-09-29T23:11:55,0,15.0,0.0,0.0,aman,aman
2026-09-29T23:11:57,0,15.0,0.0,0.0,aman,aman
2026-09-29T23:11:59,0,15.0,0.0,0.0,aman,aman
2026-09-29T23:12:01,0,15.0,0.0,0.0,aman,aman
2026-09-29T23:12:03,0,15.0,0.0,0.0,aman,aman
2026-09-29T23:12:05,0,15.0,0.0,0.0,aman,aman
2026-09-29T23:12:07,0,15.0,0.0,0.0,aman,aman
2026-09-29T23:12:09,0,15.0,0.0,0.0,aman,aman
2026-09-29T23:12:11,0,15.0,0.0,0.0,aman,aman
2026-09-29T23:12:13,0,15.0,0.0,0.0,aman,aman
2026-09-29T23:12:16,0,15.0,0.0,0.0,aman,aman
2026-09-29T23:12:18,0,15.0,0.0,0.0,aman,aman
2026-09-29T23:12:20,0,15.0,0.0,0.0,aman,aman
2026-09-29T23:12:22,0,15.0,0.0,0.0,aman,aman
2026-09-29T23:12:24,0,15.0,0.0,0.0,aman,aman
2026-09-29T23:12:26,0,15.0,0.0,0.0,aman,aman
2026-09-29T23:12:29,0,15.0,0.0,0.0,aman,aman
2026-09-29T23:12:31,0,15.0,0.0,0.0,aman,aman
2026-09-29T23:12:33,0,15.0,0.0,0.0,aman,aman
2026-09-29T23:12:35,0,15.0,0.0,0.0,aman,aman
2026-09-29T23:12:36,0,15.0,0.0,0.0,aman,aman
2026-09-29T23:12:38,0,15.0,0.0,0.0,aman,aman
2026-09-29T23:12:40,1,3.8,0.0,53.3,siaga,aman
2026-09-29T23:12:43,1,3.8,2.6,55.0,siaga,siaga
2026-09-29T23:12:45,1,3.6,4.5,57.9,siaga,siaga
2026-09-29T23:12:47,1,3.5,6.5,62.5,siaga,siaga
2026-09-29T23:12:49,0,15.0,0.0,0.0,aman,siaga
2026-09-29T23:12:51,1,3.4,0.0,61.8,siaga,siaga
2026-09-29T23:12:53,1,3.4,2.3,62.2,siaga,siaga
2026-09-29T23:12:56,1,3.4,5.1,61.2,siaga,siaga
2026-09-29T23:12:58,1,3.4,7.2,61.7,siaga,siaga
2026-09-29T23:13:00,1,3.4,9.2,61.3,siaga,siaga
2026-09-29T23:13:02,0,15.0,0.0,0.0,aman,siaga
2026-09-29T23:13:04,1,3.4,0.0,61.5,siaga,siaga
2026-09-29T23:13:07,1,3.4,2.9,62.0,siaga,siaga
2026-09-29T23:13:09,1,3.4,4.8,60.9,siaga,siaga
2026-09-29T23:13:11,1,3.4,6.8,63.4,siaga,siaga
2026-09-29T23:13:13,0,15.0,0.0,0.0,aman,siaga
2026-09-29T23:13:15,0,15.0,0.0,0.0,aman,siaga
2026-09-29T23:13:18,2,3.4,0.0,62.1,siaga,siaga
2026-09-29T23:13:21,2,3.1,2.3,65.8,siaga,siaga
2026-09-29T23:13:23,1,2.9,4.7,69.5,bahaya,siaga
2026-09-29T23:13:25,1,2.8,7.2,68.8,bahaya,bahaya
2026-09-29T23:13:28,1,2.7,9.6,73.6,bahaya,bahaya
2026-09-29T23:13:31,1,2.1,12.4,82.1,bahaya,bahaya
2026-09-29T23:13:33,1,2.2,15.1,81.6,bahaya,bahaya
2026-09-29T23:13:36,1,2.2,17.5,81.1,bahaya,bahaya
2026-09-29T23:13:38,1,2.1,20.0,82.5,bahaya,bahaya
2026-09-29T23:13:41,1,2.1,22.7,82.3,bahaya,bahaya
2026-09-29T23:13:43,1,2.2,24.7,81.6,bahaya,bahaya
2026-09-29T23:13:45,1,2.1,26.7,82.2,bahaya,bahaya
2026-09-29T23:13:47,1,2.1,28.8,82.0,bahaya,bahaya
2026-09-29T23:13:49,1,2.1,30.8,82.2,bahaya,bahaya
2026-09-29T23:13:51,1,2.1,32.9,81.9,bahaya,bahaya
2026-09-29T23:13:53,1,2.0,34.9,84.4,bahaya,bahaya
2026-09-29T23:13:56,1,2.0,0.0,84.4,bahaya,bahaya
2026-09-29T23:13:58,2,2.0,0.0,84.4,bahaya,bahaya
2026-09-29T23:14:00,2,2.0,1.9,84.4,bahaya,bahaya
2026-09-29T23:14:02,0,15.0,0.0,0.0,aman,bahaya
2026-09-29T23:14:04,1,3.0,0.0,68.4,bahaya,bahaya
2026-09-29T23:14:06,1,2.7,2.2,73.0,bahaya,bahaya
2026-09-29T23:14:08,1,2.4,4.8,76.7,bahaya,bahaya
2026-09-29T23:14:11,0,15.0,0.0,0.0,aman,bahaya
2026-09-29T23:14:13,0,15.0,0.0,0.0,aman,bahaya
2026-09-29T23:14:14,0,15.0,0.0,0.0,aman,aman
2026-09-29T23:14:16,0,15.0,0.0,0.0,aman,aman
2026-09-29T23:14:18,0,15.0,0.0,0.0,aman,aman
2026-09-29T23:14:21,0,15.0,0.0,0.0,aman,aman
2026-09-29T23:14:23,0,15.0,0.0,0.0,aman,aman
2026-09-29T23:14:24,0,15.0,0.0,0.0,aman,aman
2026-09-29T23:14:26,0,15.0,0.0,0.0,aman,aman
2026-09-29T23:14:28,0,15.0,0.0,0.0,aman,aman
2026-09-29T23:14:30,0,15.0,0.0,0.0,aman,aman
2026-09-29T23:14:33,0,15.0,0.0,0.0,aman,aman
2026-09-29T23:14:35,0,15.0,0.0,0.0,aman,aman
2026-09-29T23:14:37,0,15.0,0.0,0.0,aman,aman
2026-09-29T23:14:39,0,15.0,0.0,0.0,aman,aman
2026-09-29T23:14:41,0,15.0,0.0,0.0,aman,aman
2026-09-29T23:14:42,0,15.0,0.0,0.0,aman,aman
2026-09-29T23:14:45,0,15.0,0.0,0.0,aman,aman
2026-09-29T23:14:48,0,15.0,0.0,0.0,aman,aman
2026-09-29T23:14:49,0,15.0,0.0,0.0,aman,aman
2026-09-29T23:14:51,0,15.0,0.0,0.0,aman,aman
2026-09-29T23:14:54,0,15.0,0.0,0.0,aman,aman
2026-09-29T23:14:56,0,15.0,0.0,0.0,aman,aman
2026-09-29T23:14:58,0,15.0,0.0,0.0,aman,aman
2026-09-29T23:15:00,0,15.0,0.0,0.0,aman,aman
2026-09-29T23:15:02,0,15.0,0.0,0.0,aman,aman
2026-09-29T23:15:04,0,15.0,0.0,0.0,aman,aman
2026-09-29T23:15:06,0,15.0,0.0,0.0,aman,aman
2026-09-29T23:15:08,0,15.0,0.0,0.0,aman,aman
2026-09-29T23:15:10,0,15.0,0.0,0.0,aman,aman
2026-09-29T23:15:12,0,15.0,0.0,0.0,aman,aman
2026-09-29T23:15:14,0,15.0,0.0,0.0,aman,aman
2026-09-29T23:15:16,0,15.0,0.0,0.0,aman,aman
2026-09-29T23:15:18,0,15.0,0.0,0.0,aman,aman
2026-09-29T23:15:21,0,15.0,0.0,0.0,aman,aman
2026-09-29T23:15:24,0,15.0,0.0,0.0,aman,aman
2026-09-29T23:15:26,0,15.0,0.0,0.0,aman,aman
2026-09-29T23:15:28,0,15.0,0.0,0.0,aman,aman
2026-09-29T23:15:30,0,15.0,0.0,0.0,aman,aman
2026-09-29T23:15:32,0,15.0,0.0,0.0,aman,aman
2026-09-29T23:15:34,0,15.0,0.0,0.0,aman,aman
2026-09-29T23:15:36,0,15.0,0.0,0.0,aman,aman
2026-09-29T23:15:38,0,15.0,0.0,0.0,aman,aman
2026-09-29T23:15:39,0,15.0,0.0,0.0,aman,aman
2026-09-29T23:15:41,0,15.0,0.0,0.0,aman,aman
2026-09-29T23:15:44,0,15.0,0.0,0.0,aman,aman
2026-09-29T23:15:46,0,15.0,0.0,0.0,aman,aman
2026-09-29T23:15:49,0,15.0,0.0,0.0,aman,aman
2026-09-29T23:15:50,0,15.0,0.0,0.0,aman,aman
2026-09-29T23:15:52,0,15.0,0.0,0.0,aman,aman
2026-09-29T23:15:54,0,15.0,0.0,0.0,aman,aman
2026-09-29T23:15:57,0,15.0,0.0,0.0,aman,aman
2026-09-29T23:15:59,0,15.0,0.0,0.0,aman,aman
2026-09-29T23:16:01,0,15.0,0.0,0.0,aman,aman
2026-09-29T23:16:02,0,15.0,0.0,0.0,aman,aman
2026-09-29T23:16:04,0,15.0,0.0,0.0,aman,aman
2026-09-29T23:16:06,0,15.0,0.0,0.0,aman,aman
2026-09-29T23:16:09,0,15.0,0.0,0.0,aman,aman
2026-09-29T23:16:11,0,15.0,0.0,0.0,aman,aman
2026-09-29T23:16:12,0,15.0,0.0,0.0,aman,aman
2026-09-29T23:16:15,0,15.0,0.0,0.0,aman,aman
2026-09-29T23:16:16,0,15.0,0.0,0.0,aman,aman
2026-09-29T23:16:18,0,15.0,0.0,0.0,aman,aman
2026-09-29T23:16:21,0,15.0,0.0,0.0,aman,aman
2026-09-29T23:16:23,0,15.0,0.0,0.0,aman,aman
2026-09-29T23:16:25,0,15.0,0.0,0.0,aman,aman
2026-09-29T23:16:26,0,15.0,0.0,0.0,aman,aman
2026-09-29T23:16:29,0,15.0,0.0,0.0,aman,aman
2026-09-29T23:16:31,0,15.0,0.0,0.0,aman,aman
2026-09-29T23:16:33,0,15.0,0.0,0.0,aman,aman
2026-09-29T23:16:35,0,15.0,0.0,0.0,aman,aman
2026-09-29T23:16:37,0,15.0,0.0,0.0,aman,aman
2026-09-29T23:16:39,0,15.0,0.0,0.0,aman,aman
2026-09-29T23:16:41,0,15.0,0.0,0.0,aman,aman
2026-09-29T23:16:44,0,15.0,0.0,0.0,aman,aman
2026-09-29T23:16:46,0,15.0,0.0,0.0,aman,aman
2026-09-29T23:16:48,0,15.0,0.0,0.0,aman,aman
2026-09-29T23:16:51,0,15.0,0.0,0.0,aman,aman
2026-09-29T23:16:53,0,15.0,0.0,0.0,aman,aman
2026-09-29T23:16:55,0,15.0,0.0,0.0,aman,aman
2026-09-29T23:16:57,0,15.0,0.0,0.0,aman,aman
2026-09-29T23:16:59,0,15.0,0.0,0.0,aman,aman
2026-09-29T23:17:01,0,15.0,0.0,0.0,aman,aman
2026-09-29T23:17:03,0,15.0,0.0,0.0,aman,aman
2026-09-29T23:17:06,0,15.0,0.0,0.0,aman,aman
2026-09-29T23:17:08,0,15.0,0.0,0.0,aman,aman
2026-09-29T23:17:10,0,15.0,0.0,0.0,aman,aman
2026-09-29T23:17:12,0,15.0,0.0,0.0,aman,aman
2026-09-29T23:17:14,0,15.0,0.0,0.0,aman,aman
2026-09-29T23:17:16,0,15.0,0.0,0.0,aman,aman
2026-09-29T23:17:18,0,15.0,0.0,0.0,aman,aman
2026-09-29T23:17:20,0,15.0,0.0,0.0,aman,aman
2026-09-29T23:17:22,0,15.0,0.0,0.0,aman,aman
2026-09-29T23:17:24,0,15.0,0.0,0.0,aman,aman
2026-09-29T23:17:26,0,15.0,0.0,0.0,aman,aman
2026-09-29T23:17:28,0,15.0,0.0,0.0,aman,aman
2026-09-29T23:17:31,0,15.0,0.0,0.0,aman,aman
2026-09-29T23:17:33,0,15.0,0.0,0.0,aman,aman
2026-09-29T23:17:34,0,15.0,0.0,0.0,aman,aman
2026-09-29T23:17:36,0,15.0,0.0,0.0,aman,aman
2026-09-29T23:17:38,0,15.0,0.0,0.0,aman,aman
2026-09-29T23:17:40,0,15.0,0.0,0.0,aman,aman
2026-09-29T23:17:42,0,15.0,0.0,0.0,aman,aman
2026-09-29T23:17:44,0,15.0,0.0,0.0,aman,aman
2026-09-29T23:17:46,0,15.0,0.0,0.0,aman,aman
2026-09-29T23:17:47,0,15.0,0.0,0.0,aman,aman
2026-09-29T23:17:49,0,15.0,0.0,0.0,aman,aman
2026-09-29T23:17:51,0,15.0,0.0,0.0,aman,aman
2026-09-29T23:17:53,0,15.0,0.0,0.0,aman,aman
2026-09-29T23:17:55,0,15.0,0.0,0.0,aman,aman
2026-09-29T23:17:57,0,15.0,0.0,0.0,aman,aman
2026-09-29T23:17:59,0,15.0,0.0,0.0,aman,aman
2026-09-29T23:18:01,0,15.0,0.0,0.0,aman,aman
2026-09-29T23:18:03,0,15.0,0.0,0.0,aman,aman
2026-09-29T23:18:05,0,15.0,0.0,0.0,aman,aman
2026-09-29T23:18:06,0,15.0,0.0,0.0,aman,aman
2026-09-29T23:18:09,0,15.0,0.0,0.0,aman,aman
2026-09-29T23:18:11,0,15.0,0.0,0.0,aman,aman
2026-09-29T23:18:13,0,15.0,0.0,0.0,aman,aman
2026-09-29T23:18:15,0,15.0,0.0,0.0,aman,aman
2026-09-29T23:18:17,0,15.0,0.0,0.0,aman,aman
2026-09-29T23:18:19,0,15.0,0.0,0.0,aman,aman
2026-09-29T23:18:20,0,15.0,0.0,0.0,aman,aman
2026-09-29T23:18:23,0,15.0,0.0,0.0,aman,aman
2026-09-29T23:18:25,0,15.0,0.0,0.0,aman,aman
2026-09-29T23:18:27,0,15.0,0.0,0.0,aman,aman
2026-09-29T23:18:29,0,15.0,0.0,0.0,aman,aman
2026-09-29T23:18:31,0,15.0,0.0,0.0,aman,aman
2026-09-29T23:18:33,0,15.0,0.0,0.0,aman,aman
2026-09-29T23:18:35,0,15.0,0.0,0.0,aman,aman
2026-09-29T23:18:38,0,15.0,0.0,0.0,aman,aman
2026-09-29T23:18:39,0,15.0,0.0,0.0,aman,aman
2026-09-29T23:18:41,0,15.0,0.0,0.0,aman,aman
2026-09-29T23:18:43,0,15.0,0.0,0.0,aman,aman
2026-09-29T23:18:45,0,15.0,0.0,0.0,aman,aman
2026-09-29T23:18:47,0,15.0,0.0,0.0,aman,aman
2026-09-29T23:18:49,0,15.0,0.0,0.0,aman,aman
2026-09-29T23:18:51,0,15.0,0.0,0.0,aman,aman
2026-09-29T23:18:54,0,15.0,0.0,0.0,aman,aman
2026-09-29T23:18:56,0,15.0,0.0,0.0,aman,aman
2026-09-29T23:18:58,0,15.0,0.0,0.0,aman,aman
2026-09-29T23:19:00,0,15.0,0.0,0.0,aman,aman
2026-09-29T23:19:03,0,15.0,0.0,0.0,aman,aman
2026-09-29T23:19:05,0,15.0,0.0,0.0,aman,aman
2026-09-29T23:19:07,0,15.0,0.0,0.0,aman,aman
2026-09-29T23:19:09,0,15.0,0.0,0.0,aman,aman
2026-09-29T23:19:10,0,15.0,0.0,0.0,aman,aman
2026-09-29T23:19:12,0,15.0,0.0,0.0,aman,aman
2026-09-29T23:19:15,0,15.0,0.0,0.0,aman,aman
2026-09-29T23:19:17,0,15.0,0.0,0.0,aman,aman
2026-09-29T23:19:19,0,15.0,0.0,0.0,aman,aman
2026-09-29T23:19:21,0,15.0,0.0,0.0,aman,aman
2026-09-29T23:19:22,0,15.0,0.0,0.0,aman,aman
2026-09-29T23:19:24,0,15.0,0.0,0.0,aman,aman
2026-09-29T23:19:26,0,15.0,0.0,0.0,aman,aman
2026-09-29T23:19:28,0,15.0,0.0,0.0,aman,aman
2026-09-29T23:19:30,0,15.0,0.0,0.0,aman,aman
2026-09-29T23:19:32,0,15.0,0.0,0.0,aman,aman
2026-09-29T23:19:34,0,15.0,0.0,0.0,aman,aman
2026-09-29T23:19:37,0,15.0,0.0,0.0,aman,aman
2026-09-29T23:19:40,0,15.0,0.0,0.0,aman,aman
2026-09-29T23:19:42,0,15.0,0.0,0.0,aman,aman
2026-09-29T23:19:44,0,15.0,0.0,0.0,aman,aman
2026-09-29T23:19:46,0,15.0,0.0,0.0,aman,aman
2026-09-29T23:19:49,0,15.0,0.0,0.0,aman,aman
2026-09-29T23:19:51,0,15.0,0.0,0.0,aman,aman
2026-09-29T23:19:53,0,15.0,0.0,0.0,aman,aman
2026-09-29T23:19:55,0,15.0,0.0,0.0,aman,aman
2026-09-29T23:19:56,0,15.0,0.0,0.0,aman,aman
2026-09-29T23:19:58,0,15.0,0.0,0.0,aman,aman
2026-09-29T23:20:01,0,15.0,0.0,0.0,aman,aman
2026-09-29T23:20:03,0,15.0,0.0,0.0,aman,aman
2026-09-29T23:20:05,0,15.0,0.0,0.0,aman,aman
2026-09-29T23:20:07,0,15.0,0.0,0.0,aman,aman
2026-09-29T23:20:09,0,15.0,0.0,0.0,aman,aman
2026-09-29T23:20:12,0,15.0,0.0,0.0,aman,aman
2026-09-29T23:20:14,0,15.0,0.0,0.0,aman,aman
2026-09-29T23:20:16,0,15.0,0.0,0.0,aman,aman
2026-09-29T23:20:19,0,15.0,0.0,0.0,aman,aman
2026-09-29T23:20:21,0,15.0,0.0,0.0,aman,aman
2026-09-29T23:20:23,0,15.0,0.0,0.0,aman,aman
2026-09-29T23:20:25,0,15.0,0.0,0.0,aman,aman
2026-09-29T23:20:27,0,15.0,0.0,0.0,aman,aman
2026-09-29T23:20:29,0,15.0,0.0,0.0,aman,aman
2026-09-29T23:20:31,0,15.0,0.0,0.0,aman,aman
2026-09-29T23:20:33,0,15.0,0.0,0.0,aman,aman
2026-09-29T23:20:36,0,15.0,0.0,0.0,aman,aman
2026-09-29T23:20:38,0,15.0,0.0,0.0,aman,aman
2026-09-29T23:20:40,0,15.0,0.0,0.0,aman,aman
2026-09-29T23:20:42,0,15.0,0.0,0.0,aman,aman
2026-09-29T23:20:43,0,15.0,0.0,0.0,aman,aman
2026-09-29T23:20:45,0,15.0,0.0,0.0,aman,aman
2026-09-29T23:20:48,0,15.0,0.0,0.0,aman,aman
2026-09-29T23:20:49,0,15.0,0.0,0.0,aman,aman
2026-09-29T23:20:51,0,15.0,0.0,0.0,aman,aman
2026-09-29T23:20:53,0,15.0,0.0,0.0,aman,aman
2026-09-29T23:20:55,0,15.0,0.0,0.0,aman,aman
2026-09-29T23:20:57,0,15.0,0.0,0.0,aman,aman
2026-09-29T23:20:59,0,15.0,0.0,0.0,aman,aman
2026-09-29T23:21:02,0,15.0,0.0,0.0,aman,aman
2026-09-29T23:21:04,0,15.0,0.0,0.0,aman,aman
2026-09-29T23:21:06,0,15.0,0.0,0.0,aman,aman
2026-09-29T23:21:08,0,15.0,0.0,0.0,aman,aman
2026-09-29T23:21:10,0,15.0,0.0,0.0,aman,aman
2026-09-29T23:21:14,0,15.0,0.0,0.0,aman,aman
2026-09-29T23:21:18,0,15.0,0.0,0.0,aman,aman
2026-09-29T23:21:22,0,15.0,0.0,0.0,aman,aman
2026-09-29T23:21:26,0,15.0,0.0,0.0,aman,aman
2026-09-29T23:21:28,0,15.0,0.0,0.0,aman,aman
2026-09-29T23:21:31,0,15.0,0.0,0.0,aman,aman
2026-09-29T23:21:34,0,15.0,0.0,0.0,aman,aman
2026-09-29T23:21:36,0,15.0,0.0,0.0,aman,aman
2026-09-29T23:21:38,0,15.0,0.0,0.0,aman,aman
2026-09-29T23:21:41,0,15.0,0.0,0.0,aman,aman
2026-09-29T23:21:43,0,15.0,0.0,0.0,aman,aman
2026-09-29T23:21:46,0,15.0,0.0,0.0,aman,aman
2026-09-29T23:21:48,0,15.0,0.0,0.0,aman,aman
2026-09-29T23:21:49,0,15.0,0.0,0.0,aman,aman
2026-09-29T23:21:51,0,15.0,0.0,0.0,aman,aman
2026-09-29T23:21:53,0,15.0,0.0,0.0,aman,aman
2026-09-29T23:21:56,0,15.0,0.0,0.0,aman,aman
2026-09-29T23:21:58,0,15.0,0.0,0.0,aman,aman
2026-09-29T23:22:00,0,15.0,0.0,0.0,aman,aman
2026-09-29T23:22:02,0,15.0,0.0,0.0,aman,aman
2026-09-29T23:22:04,0,15.0,0.0,0.0,aman,aman
2026-09-29T23:22:06,0,15.0,0.0,0.0,aman,aman
2026-09-29T23:22:10,0,15.0,0.0,0.0,aman,aman
2026-09-29T23:22:13,0,15.0,0.0,0.0,aman,aman
2026-09-29T23:22:15,0,15.0,0.0,0.0,aman,aman
2026-09-29T23:22:17,0,15.0,0.0,0.0,aman,aman
2026-09-29T23:22:19,0,15.0,0.0,0.0,aman,aman
2026-09-29T23:22:21,0,15.0,0.0,0.0,aman,aman
2026-09-29T23:22:24,0,15.0,0.0,0.0,aman,aman
2026-09-29T23:22:27,0,15.0,0.0,0.0,aman,aman
2026-09-29T23:22:30,0,15.0,0.0,0.0,aman,aman
2026-09-29T23:22:33,0,15.0,0.0,0.0,aman,aman
2026-09-29T23:22:35,0,15.0,0.0,0.0,aman,aman
2026-09-29T23:22:38,0,15.0,0.0,0.0,aman,aman
2026-09-29T23:22:41,0,15.0,0.0,0.0,aman,aman
2026-09-29T23:22:43,0,15.0,0.0,0.0,aman,aman
2026-09-29T23:22:45,0,15.0,0.0,0.0,aman,aman
2026-09-29T23:22:47,0,15.0,0.0,0.0,aman,aman
2026-09-29T23:22:49,0,15.0,0.0,0.0,aman,aman
2026-09-29T23:22:51,0,15.0,0.0,0.0,aman,aman
2026-09-29T23:22:53,0,15.0,0.0,0.0,aman,aman
2026-09-29T23:22:55,0,15.0,0.0,0.0,aman,aman
2026-09-29T23:22:57,0,15.0,0.0,0.0,aman,aman
2026-09-29T23:22:59,0,15.0,0.0,0.0,aman,aman
2026-09-29T23:23:01,0,15.0,0.0,0.0,aman,aman
2026-09-29T23:23:03,0,15.0,0.0,0.0,aman,aman
2026-09-29T23:23:05,0,15.0,0.0,0.0,aman,aman
2026-09-29T23:23:07,0,15.0,0.0,0.0,aman,aman
2026-09-29T23:23:09,0,15.0,0.0,0.0,aman,aman
2026-09-29T23:23:11,0,15.0,0.0,0.0,aman,aman
2026-09-29T23:23:13,0,15.0,0.0,0.0,aman,aman
2026-09-29T23:23:15,0,15.0,0.0,0.0,aman,aman
2026-09-29T23:23:17,0,15.0,0.0,0.0,aman,aman
2026-09-29T23:23:19,0,15.0,0.0,0.0,aman,aman
2026-09-29T23:23:21,0,15.0,0.0,0.0,aman,aman
2026-09-29T23:23:23,0,15.0,0.0,0.0,aman,aman
2026-09-29T23:23:25,0,15.0,0.0,0.0,aman,aman
2026-09-29T23:23:28,0,15.0,0.0,0.0,aman,aman
2026-09-29T23:23:30,0,15.0,0.0,0.0,aman,aman
2026-09-29T23:23:32,0,15.0,0.0,0.0,aman,aman
2026-09-29T23:23:34,0,15.0,0.0,0.0,aman,aman
2026-09-29T23:23:36,0,15.0,0.0,0.0,aman,aman
2026-09-29T23:23:38,0,15.0,0.0,0.0,aman,aman
2026-09-29T23:23:41,0,15.0,0.0,0.0,aman,aman
2026-09-29T23:23:43,0,15.0,0.0,0.0,aman,aman
2026-09-29T23:23:45,0,15.0,0.0,0.0,aman,aman
2026-09-29T23:23:47,0,15.0,0.0,0.0,aman,aman
2026-09-29T23:23:49,0,15.0,0.0,0.0,aman,aman
2026-09-29T23:23:51,0,15.0,0.0,0.0,aman,aman
2026-09-29T23:23:53,0,15.0,0.0,0.0,aman,aman
2026-09-29T23:23:55,0,15.0,0.0,0.0,aman,aman
2026-09-29T23:23:57,0,15.0,0.0,0.0,aman,aman
2026-09-29T23:23:59,0,15.0,0.0,0.0,aman,aman
2026-09-29T23:24:01,0,15.0,0.0,0.0,aman,aman
2026-09-29T23:24:04,0,15.0,0.0,0.0,aman,aman
2026-09-29T23:24:06,0,15.0,0.0,0.0,aman,aman
2026-09-29T23:24:08,0,15.0,0.0,0.0,aman,aman
2026-09-29T23:24:10,0,15.0,0.0,0.0,aman,aman
2026-09-29T23:24:13,0,15.0,0.0,0.0,aman,aman
2026-09-29T23:24:15,0,15.0,0.0,0.0,aman,aman
2026-09-29T23:24:17,0,15.0,0.0,0.0,aman,aman
2026-09-29T23:24:19,0,15.0,0.0,0.0,aman,aman
2026-09-29T23:24:21,0,15.0,0.0,0.0,aman,aman
2026-09-29T23:24:23,0,15.0,0.0,0.0,aman,aman
2026-09-29T23:24:27,0,15.0,0.0,0.0,aman,aman
2026-09-29T23:24:29,0,15.0,0.0,0.0,aman,aman
2026-09-29T23:24:32,0,15.0,0.0,0.0,aman,aman
2026-09-29T23:24:34,0,15.0,0.0,0.0,aman,aman
2026-09-29T23:24:36,0,15.0,0.0,0.0,aman,aman
2026-09-29T23:24:38,0,15.0,0.0,0.0,aman,aman
2026-09-29T23:24:40,0,15.0,0.0,0.0,aman,aman
2026-09-29T23:24:42,0,15.0,0.0,0.0,aman,aman
2026-09-29T23:24:44,0,15.0,0.0,0.0,aman,aman
2026-09-29T23:24:46,0,15.0,0.0,0.0,aman,aman
2026-09-29T23:24:48,0,15.0,0.0,0.0,aman,aman
2026-09-29T23:24:51,0,15.0,0.0,0.0,aman,aman
2026-09-29T23:24:53,0,15.0,0.0,0.0,aman,aman
2026-09-29T23:24:55,0,15.0,0.0,0.0,aman,aman
2026-09-29T23:24:57,0,15.0,0.0,0.0,aman,aman
2026-09-29T23:24:59,0,15.0,0.0,0.0,aman,aman
2026-09-29T23:25:02,0,15.0,0.0,0.0,aman,aman
2026-09-29T23:25:04,0,15.0,0.0,0.0,aman,aman
2026-09-29T23:25:06,0,15.0,0.0,0.0,aman,aman
2026-09-29T23:25:08,0,15.0,0.0,0.0,aman,aman
2026-09-29T23:25:10,0,15.0,0.0,0.0,aman,aman
2026-09-29T23:25:13,0,15.0,0.0,0.0,aman,aman
2026-09-29T23:25:15,0,15.0,0.0,0.0,aman,aman
2026-09-29T23:25:17,0,15.0,0.0,0.0,aman,aman
2026-09-29T23:25:19,0,15.0,0.0,0.0,aman,aman
2026-09-29T23:25:21,0,15.0,0.0,0.0,aman,aman
2026-09-29T23:25:23,0,15.0,0.0,0.0,aman,aman
2026-09-29T23:25:26,0,15.0,0.0,0.0,aman,aman
2026-09-29T23:25:28,0,15.0,0.0,0.0,aman,aman
2026-09-29T23:25:30,0,15.0,0.0,0.0,aman,aman
2026-09-29T23:25:31,0,15.0,0.0,0.0,aman,aman
2026-09-29T23:25:34,0,15.0,0.0,0.0,aman,aman
2026-09-29T23:25:36,0,15.0,0.0,0.0,aman,aman
2026-09-29T23:25:38,0,15.0,0.0,0.0,aman,aman
2026-09-29T23:25:40,0,15.0,0.0,0.0,aman,aman
2026-09-29T23:25:42,0,15.0,0.0,0.0,aman,aman
2026-09-29T23:25:45,0,15.0,0.0,0.0,aman,aman
2026-09-29T23:25:47,0,15.0,0.0,0.0,aman,aman
2026-09-29T23:25:49,0,15.0,0.0,0.0,aman,aman
2026-09-29T23:25:52,0,15.0,0.0,0.0,aman,aman
2026-09-29T23:25:54,0,15.0,0.0,0.0,aman,aman
2026-09-29T23:25:57,0,15.0,0.0,0.0,aman,aman
2026-09-29T23:25:59,0,15.0,0.0,0.0,aman,aman
2026-09-29T23:26:01,0,15.0,0.0,0.0,aman,aman
2026-09-29T23:26:03,0,15.0,0.0,0.0,aman,aman
2026-09-29T23:26:05,0,15.0,0.0,0.0,aman,aman
2026-09-29T23:26:08,0,15.0,0.0,0.0,aman,aman
2026-09-29T23:26:11,0,15.0,0.0,0.0,aman,aman
2026-09-29T23:26:13,0,15.0,0.0,0.0,aman,aman
2026-09-29T23:26:15,0,15.0,0.0,0.0,aman,aman
2026-09-29T23:26:18,0,15.0,0.0,0.0,aman,aman
2026-09-29T23:26:20,0,15.0,0.0,0.0,aman,aman
2026-09-29T23:26:22,0,15.0,0.0,0.0,aman,aman
2026-09-29T23:26:25,0,15.0,0.0,0.0,aman,aman
2026-09-29T23:26:27,0,15.0,0.0,0.0,aman,aman
2026-09-29T23:26:29,0,15.0,0.0,0.0,aman,aman
2026-09-29T23:26:31,0,15.0,0.0,0.0,aman,aman
2026-09-29T23:26:33,0,15.0,0.0,0.0,aman,aman
2026-09-29T23:26:35,0,15.0,0.0,0.0,aman,aman
2026-09-29T23:26:37,0,15.0,0.0,0.0,aman,aman
2026-09-29T23:26:40,0,15.0,0.0,0.0,aman,aman
2026-09-29T23:26:42,0,15.0,0.0,0.0,aman,aman
2026-09-29T23:26:44,0,15.0,0.0,0.0,aman,aman
2026-09-29T23:26:46,0,15.0,0.0,0.0,aman,aman
2026-09-29T23:26:48,0,15.0,0.0,0.0,aman,aman
2026-09-29T23:26:52,0,15.0,0.0,0.0,aman,aman
2026-09-29T23:26:54,0,15.0,0.0,0.0,aman,aman
2026-09-29T23:26:56,0,15.0,0.0,0.0,aman,aman
2026-09-29T23:26:58,0,15.0,0.0,0.0,aman,aman
2026-09-29T23:27:00,0,15.0,0.0,0.0,aman,aman
2026-09-29T23:27:03,0,15.0,0.0,0.0,aman,aman
2026-09-29T23:27:05,0,15.0,0.0,0.0,aman,aman
2026-09-29T23:27:07,0,15.0,0.0,0.0,aman,aman
2026-09-29T23:27:09,0,15.0,0.0,0.0,aman,aman
2026-09-29T23:27:11,0,15.0,0.0,0.0,aman,aman
2026-09-29T23:27:14,0,15.0,0.0,0.0,aman,aman
2026-09-29T23:27:16,0,15.0,0.0,0.0,aman,aman
2026-09-29T23:27:18,0,15.0,0.0,0.0,aman,aman
2026-09-29T23:27:20,0,15.0,0.0,0.0,aman,aman
2026-09-29T23:27:22,0,15.0,0.0,0.0,aman,aman
2026-09-29T23:27:25,0,15.0,0.0,0.0,aman,aman
2026-09-29T23:27:27,0,15.0,0.0,0.0,aman,aman
2026-09-29T23:27:29,0,15.0,0.0,0.0,aman,aman
2026-09-29T23:27:31,0,15.0,0.0,0.0,aman,aman
2026-09-29T23:27:33,0,15.0,0.0,0.0,aman,aman
2026-09-29T23:27:36,0,15.0,0.0,0.0,aman,aman
2026-09-29T23:27:38,0,15.0,0.0,0.0,aman,aman
2026-09-29T23:27:40,0,15.0,0.0,0.0,aman,aman
2026-09-29T23:27:43,0,15.0,0.0,0.0,aman,aman
2026-09-29T23:27:46,0,15.0,0.0,0.0,aman,aman
2026-09-29T23:27:48,0,15.0,0.0,0.0,aman,aman
2026-09-29T23:27:51,0,15.0,0.0,0.0,aman,aman
2026-09-29T23:27:54,0,15.0,0.0,0.0,aman,aman
2026-09-29T23:27:57,0,15.0,0.0,0.0,aman,aman
2026-09-29T23:28:00,0,15.0,0.0,0.0,aman,aman
2026-09-29T23:28:03,0,15.0,0.0,0.0,aman,aman
2026-09-29T23:28:05,0,15.0,0.0,0.0,aman,aman
2026-09-29T23:28:08,0,15.0,0.0,0.0,aman,aman
2026-09-29T23:28:10,0,15.0,0.0,0.0,aman,aman
2026-09-29T23:28:12,0,15.0,0.0,0.0,aman,aman
2026-09-29T23:28:14,0,15.0,0.0,0.0,aman,aman
2026-09-29T23:28:16,0,15.0,0.0,0.0,aman,aman
2026-09-29T23:28:19,0,15.0,0.0,0.0,aman,aman
2026-09-29T23:28:23,0,15.0,0.0,0.0,aman,aman
2026-09-29T23:28:25,0,15.0,0.0,0.0,aman,aman
2026-09-29T23:28:28,0,15.0,0.0,0.0,aman,aman
2026-09-29T23:28:30,0,15.0,0.0,0.0,aman,aman
2026-09-29T23:28:32,0,15.0,0.0,0.0,aman,aman
2026-09-29T23:28:34,0,15.0,0.0,0.0,aman,aman
2026-09-29T23:28:36,0,15.0,0.0,0.0,aman,aman
2026-09-29T23:28:39,0,15.0,0.0,0.0,aman,aman
2026-09-29T23:28:41,0,15.0,0.0,0.0,aman,aman
2026-09-29T23:28:43,0,15.0,0.0,0.0,aman,aman
2026-09-29T23:28:45,0,15.0,0.0,0.0,aman,aman
2026-09-29T23:28:47,0,15.0,0.0,0.0,aman,aman
2026-09-29T23:28:50,0,15.0,0.0,0.0,aman,aman
2026-09-29T23:28:52,0,15.0,0.0,0.0,aman,aman
2026-09-29T23:28:54,0,15.0,0.0,0.0,aman,aman
2026-09-29T23:28:56,0,15.0,0.0,0.0,aman,aman
2026-09-29T23:28:58,0,15.0,0.0,0.0,aman,aman
2026-09-29T23:29:01,0,15.0,0.0,0.0,aman,aman
2026-09-29T23:29:03,0,15.0,0.0,0.0,aman,aman
2026-09-29T23:29:05,0,15.0,0.0,0.0,aman,aman
2026-09-29T23:29:07,0,15.0,0.0,0.0,aman,aman
2026-09-29T23:29:09,0,15.0,0.0,0.0,aman,aman
2026-09-29T23:29:11,0,15.0,0.0,0.0,aman,aman
2026-09-29T23:29:13,0,15.0,0.0,0.0,aman,aman
2026-09-29T23:29:15,0,15.0,0.0,0.0,aman,aman
2026-09-29T23:29:17,0,15.0,0.0,0.0,aman,aman
2026-09-29T23:29:20,0,15.0,0.0,0.0,aman,aman
2026-09-29T23:29:22,0,15.0,0.0,0.0,aman,aman
2026-09-29T23:29:25,0,15.0,0.0,0.0,aman,aman
2026-09-29T23:29:27,0,15.0,0.0,0.0,aman,aman
2026-09-29T23:29:29,0,15.0,0.0,0.0,aman,aman
2026-09-29T23:29:31,0,15.0,0.0,0.0,aman,aman
2026-09-29T23:29:33,0,15.0,0.0,0.0,aman,aman
2026-09-29T23:29:36,0,15.0,0.0,0.0,aman,aman
2026-09-29T23:29:38,0,15.0,0.0,0.0,aman,aman
2026-09-29T23:29:41,0,15.0,0.0,0.0,aman,aman
2026-09-29T23:29:43,0,15.0,0.0,0.0,aman,aman
2026-09-29T23:29:45,0,15.0,0.0,0.0,aman,aman
2026-09-29T23:29:48,0,15.0,0.0,0.0,aman,aman
2026-09-29T23:29:50,0,15.0,0.0,0.0,aman,aman
2026-09-29T23:29:52,0,15.0,0.0,0.0,aman,aman
2026-09-29T23:29:54,0,15.0,0.0,0.0,aman,aman
2026-09-29T23:29:57,0,15.0,0.0,0.0,aman,aman
2026-09-29T23:29:59,0,15.0,0.0,0.0,aman,aman
2026-09-29T23:30:02,0,15.0,0.0,0.0,aman,aman
2026-09-29T23:30:04,0,15.0,0.0,0.0,aman,aman
2026-09-29T23:30:06,0,15.0,0.0,0.0,aman,aman
2026-09-29T23:30:08,0,15.0,0.0,0.0,aman,aman
2026-09-29T23:30:11,0,15.0,0.0,0.0,aman,aman
2026-09-29T23:30:13,0,15.0,0.0,0.0,aman,aman
2026-09-29T23:30:15,0,15.0,0.0,0.0,aman,aman
2026-09-29T23:30:17,0,15.0,0.0,0.0,aman,aman
2026-09-29T23:30:20,0,15.0,0.0,0.0,aman,aman
2026-09-29T23:30:22,0,15.0,0.0,0.0,aman,aman
2026-09-29T23:30:24,0,15.0,0.0,0.0,aman,aman
2026-09-29T23:30:27,0,15.0,0.0,0.0,aman,aman
2026-09-29T23:30:31,0,15.0,0.0,0.0,aman,aman
2026-09-29T23:30:33,0,15.0,0.0,0.0,aman,aman
2026-09-29T23:30:35,0,15.0,0.0,0.0,aman,aman
2026-09-29T23:30:37,0,15.0,0.0,0.0,aman,aman
2026-09-29T23:30:40,0,15.0,0.0,0.0,aman,aman
2026-09-29T23:30:42,0,15.0,0.0,0.0,aman,aman
2026-09-29T23:30:44,0,15.0,0.0,0.0,aman,aman
2026-09-29T23:30:47,0,15.0,0.0,0.0,aman,aman
2026-09-29T23:30:49,0,15.0,0.0,0.0,aman,aman
2026-09-29T23:30:52,0,15.0,0.0,0.0,aman,aman
2026-09-29T23:30:54,0,15.0,0.0,0.0,aman,aman
2026-09-29T23:30:56,0,15.0,0.0,0.0,aman,aman
2026-09-29T23:30:58,0,15.0,0.0,0.0,aman,aman
2026-09-29T23:31:01,0,15.0,0.0,0.0,aman,aman
2026-09-29T23:31:05,0,15.0,0.0,0.0,aman,aman
2026-09-29T23:31:07,0,15.0,0.0,0.0,aman,aman
2026-09-29T23:31:09,0,15.0,0.0,0.0,aman,aman
2026-09-29T23:31:12,0,15.0,0.0,0.0,aman,aman
2026-09-29T23:31:15,0,15.0,0.0,0.0,aman,aman
2026-09-29T23:31:17,0,15.0,0.0,0.0,aman,aman
2026-09-29T23:31:19,0,15.0,0.0,0.0,aman,aman
2026-09-29T23:31:22,0,15.0,0.0,0.0,aman,aman
2026-09-29T23:31:24,0,15.0,0.0,0.0,aman,aman
2026-09-29T23:31:27,0,15.0,0.0,0.0,aman,aman
2026-09-29T23:31:29,0,15.0,0.0,0.0,aman,aman
2026-09-29T23:31:31,0,15.0,0.0,0.0,aman,aman
2026-09-29T23:31:34,0,15.0,0.0,0.0,aman,aman
2026-09-29T23:31:36,0,15.0,0.0,0.0,aman,aman
2026-09-29T23:31:38,0,15.0,0.0,0.0,aman,aman
2026-09-29T23:31:40,0,15.0,0.0,0.0,aman,aman
2026-09-29T23:31:43,0,15.0,0.0,0.0,aman,aman
2026-09-29T23:31:46,0,15.0,0.0,0.0,aman,aman
2026-09-29T23:31:48,0,15.0,0.0,0.0,aman,aman
2026-09-29T23:31:50,0,15.0,0.0,0.0,aman,aman
2026-09-29T23:31:52,0,15.0,0.0,0.0,aman,aman
2026-09-29T23:31:55,0,15.0,0.0,0.0,aman,aman
2026-09-29T23:31:57,0,15.0,0.0,0.0,aman,aman
2026-09-29T23:32:00,0,15.0,0.0,0.0,aman,aman
2026-09-29T23:32:02,0,15.0,0.0,0.0,aman,aman
2026-09-29T23:32:05,0,15.0,0.0,0.0,aman,aman
2026-09-29T23:32:07,0,15.0,0.0,0.0,aman,aman
2026-09-29T23:32:09,0,15.0,0.0,0.0,aman,aman
2026-09-29T23:32:11,0,15.0,0.0,0.0,aman,aman
2026-09-29T23:32:13,0,15.0,0.0,0.0,aman,aman
2026-09-29T23:32:16,0,15.0,0.0,0.0,aman,aman
2026-09-29T23:32:19,0,15.0,0.0,0.0,aman,aman
2026-09-29T23:32:21,0,15.0,0.0,0.0,aman,aman
2026-09-29T23:32:23,0,15.0,0.0,0.0,aman,aman
2026-09-29T23:32:26,0,15.0,0.0,0.0,aman,aman
2026-09-29T23:32:28,0,15.0,0.0,0.0,aman,aman
2026-09-29T23:32:30,0,15.0,0.0,0.0,aman,aman
2026-09-29T23:32:32,0,15.0,0.0,0.0,aman,aman
2026-09-29T23:32:34,0,15.0,0.0,0.0,aman,aman
2026-09-29T23:32:36,0,15.0,0.0,0.0,aman,aman
2026-09-30T12:42:49,0,15.0,0.0,0.0,aman,aman
2026-09-30T12:42:51,0,15.0,0.0,0.0,aman,aman
2026-09-30T12:42:53,0,15.0,0.0,0.0,aman,aman
2026-09-30T12:42:55,0,15.0,0.0,0.0,aman,aman
2026-09-30T12:42:56,0,15.0,0.0,0.0,aman,aman
2026-09-30T12:42:58,0,15.0,0.0,0.0,aman,aman
2026-09-30T12:43:00,0,15.0,0.0,0.0,aman,aman
2026-09-30T12:43:02,0,15.0,0.0,0.0,aman,aman
2026-09-30T12:43:04,0,15.0,0.0,0.0,aman,aman
2026-09-30T12:43:06,0,15.0,0.0,0.0,aman,aman
2026-09-30T12:43:08,0,15.0,0.0,0.0,aman,aman
2026-09-30T12:43:10,0,15.0,0.0,0.0,aman,aman
2026-09-30T12:43:11,0,15.0,0.0,0.0,aman,aman
2026-09-30T12:43:13,0,15.0,0.0,0.0,aman,aman
2026-09-30T12:43:16,0,15.0,0.0,0.0,aman,aman
2026-09-30T12:43:17,0,15.0,0.0,0.0,aman,aman
2026-09-30T12:43:19,0,15.0,0.0,0.0,aman,aman
2026-09-30T12:43:21,0,15.0,0.0,0.0,aman,aman
2026-09-30T12:43:22,0,15.0,0.0,0.0,aman,aman
2026-09-30T12:43:24,0,15.0,0.0,0.0,aman,aman
2026-09-30T12:43:27,0,15.0,0.0,0.0,aman,aman
2026-09-30T12:43:29,0,15.0,0.0,0.0,aman,aman
2026-09-30T12:43:30,0,15.0,0.0,0.0,aman,aman
2026-09-30T12:43:32,0,15.0,0.0,0.0,aman,aman
2026-09-30T12:43:34,0,15.0,0.0,0.0,aman,aman
2026-09-30T12:43:36,0,15.0,0.0,0.0,aman,aman
2026-09-30T12:43:38,0,15.0,0.0,0.0,aman,aman
2026-09-30T12:43:39,0,15.0,0.0,0.0,aman,aman
2026-09-30T12:43:41,0,15.0,0.0,0.0,aman,aman
2026-09-30T12:43:43,0,15.0,0.0,0.0,aman,aman
2026-09-30T12:43:45,0,15.0,0.0,0.0,aman,aman
2026-09-30T12:43:47,0,15.0,0.0,0.0,aman,aman
2026-09-30T12:43:49,0,15.0,0.0,0.0,aman,aman
2026-09-30T12:43:51,0,15.0,0.0,0.0,aman,aman
2026-09-30T12:43:53,0,15.0,0.0,0.0,aman,aman
2026-09-30T12:43:54,0,15.0,0.0,0.0,aman,aman
2026-09-30T12:43:57,0,15.0,0.0,0.0,aman,aman
2026-09-30T12:43:59,0,15.0,0.0,0.0,aman,aman
2026-09-30T12:44:00,0,15.0,0.0,0.0,aman,aman
2026-09-30T12:44:02,0,15.0,0.0,0.0,aman,aman
2026-09-30T12:44:04,0,15.0,0.0,0.0,aman,aman
2026-09-30T12:44:06,0,15.0,0.0,0.0,aman,aman
2026-09-30T12:44:08,0,15.0,0.0,0.0,aman,aman
2026-09-30T12:44:10,0,15.0,0.0,0.0,aman,aman
2026-09-30T12:44:12,0,15.0,0.0,0.0,aman,aman
2026-09-30T12:44:13,0,15.0,0.0,0.0,aman,aman
2026-09-30T12:44:15,0,15.0,0.0,0.0,aman,aman
2026-09-30T12:44:17,0,15.0,0.0,0.0,aman,aman
2026-09-30T12:44:20,0,15.0,0.0,0.0,aman,aman
2026-09-30T12:44:21,0,15.0,0.0,0.0,aman,aman
2026-09-30T12:44:23,0,15.0,0.0,0.0,aman,aman
2026-09-30T12:44:25,0,15.0,0.0,0.0,aman,aman
2026-09-30T12:44:27,0,15.0,0.0,0.0,aman,aman
2026-09-30T12:44:29,0,15.0,0.0,0.0,aman,aman
2026-09-30T12:44:31,0,15.0,0.0,0.0,aman,aman
2026-09-30T12:44:32,0,15.0,0.0,0.0,aman,aman
2026-09-30T12:44:34,0,15.0,0.0,0.0,aman,aman
2026-09-30T12:44:36,0,15.0,0.0,0.0,aman,aman
2026-09-30T12:44:38,0,15.0,0.0,0.0,aman,aman
2026-09-30T12:44:40,0,15.0,0.0,0.0,aman,aman
2026-09-30T12:44:41,0,15.0,0.0,0.0,aman,aman
2026-09-30T12:44:43,0,15.0,0.0,0.0,aman,aman
2026-09-30T12:44:45,0,15.0,0.0,0.0,aman,aman
2026-09-30T12:44:47,0,15.0,0.0,0.0,aman,aman
2026-09-30T12:44:49,0,15.0,0.0,0.0,aman,aman
2026-09-30T12:44:51,0,15.0,0.0,0.0,aman,aman
2026-09-30T12:44:53,0,15.0,0.0,0.0,aman,aman
2026-09-30T12:44:55,0,15.0,0.0,0.0,aman,aman
2026-09-30T12:44:57,0,15.0,0.0,0.0,aman,aman
2026-09-30T12:44:58,0,15.0,0.0,0.0,aman,aman
2026-09-30T12:45:00,0,15.0,0.0,0.0,aman,aman
2026-09-30T12:45:02,0,15.0,0.0,0.0,aman,aman
2026-09-30T12:45:04,0,15.0,0.0,0.0,aman,aman
2026-09-30T12:45:05,0,15.0,0.0,0.0,aman,aman
2026-09-30T12:45:07,0,15.0,0.0,0.0,aman,aman
2026-09-30T12:45:09,0,15.0,0.0,0.0,aman,aman
2026-09-30T12:45:11,0,15.0,0.0,0.0,aman,aman
2026-09-30T12:45:13,0,15.0,0.0,0.0,aman,aman
2026-09-30T12:45:15,0,15.0,0.0,0.0,aman,aman
2026-09-30T12:45:17,0,15.0,0.0,0.0,aman,aman
2026-09-30T12:45:18,0,15.0,0.0,0.0,aman,aman
2026-09-30T12:45:20,0,15.0,0.0,0.0,aman,aman
2026-09-30T12:45:22,0,15.0,0.0,0.0,aman,aman
2026-09-30T12:45:24,0,15.0,0.0,0.0,aman,aman
2026-09-30T12:45:26,0,15.0,0.0,0.0,aman,aman
2026-09-30T12:45:27,0,15.0,0.0,0.0,aman,aman
2026-09-30T12:45:29,0,15.0,0.0,0.0,aman,aman
2026-09-30T12:45:31,0,15.0,0.0,0.0,aman,aman
2026-09-30T12:45:33,0,15.0,0.0,0.0,aman,aman
2026-09-30T12:45:35,0,15.0,0.0,0.0,aman,aman
2026-09-30T12:45:37,0,15.0,0.0,0.0,aman,aman
2026-09-30T12:45:38,0,15.0,0.0,0.0,aman,aman
2026-09-30T12:45:40,0,15.0,0.0,0.0,aman,aman
2026-09-30T12:45:42,0,15.0,0.0,0.0,aman,aman
2026-09-30T12:45:43,0,15.0,0.0,0.0,aman,aman
2026-09-30T12:45:46,0,15.0,0.0,0.0,aman,aman
2026-09-30T12:45:48,0,15.0,0.0,0.0,aman,aman
2026-09-30T12:45:50,0,15.0,0.0,0.0,aman,aman
2026-09-30T12:45:51,0,15.0,0.0,0.0,aman,aman
2026-09-30T12:45:53,0,15.0,0.0,0.0,aman,aman
2026-09-30T12:45:56,0,15.0,0.0,0.0,aman,aman
2026-09-30T12:45:57,0,15.0,0.0,0.0,aman,aman
2026-09-30T12:45:59,0,15.0,0.0,0.0,aman,aman
2026-09-30T12:46:00,0,15.0,0.0,0.0,aman,aman
2026-09-30T12:46:02,0,15.0,0.0,0.0,aman,aman
2026-09-30T12:46:04,0,15.0,0.0,0.0,aman,aman
2026-09-30T12:46:07,0,15.0,0.0,0.0,aman,aman
2026-09-30T12:46:08,0,15.0,0.0,0.0,aman,aman
2026-09-30T12:46:10,0,15.0,0.0,0.0,aman,aman
2026-09-30T12:46:12,0,15.0,0.0,0.0,aman,aman
2026-09-30T12:46:13,0,15.0,0.0,0.0,aman,aman
2026-09-30T12:46:15,0,15.0,0.0,0.0,aman,aman
2026-09-30T12:46:18,0,15.0,0.0,0.0,aman,aman
2026-09-30T12:46:19,0,15.0,0.0,0.0,aman,aman
2026-09-30T12:46:21,0,15.0,0.0,0.0,aman,aman
2026-09-30T12:46:23,0,15.0,0.0,0.0,aman,aman
2026-09-30T12:46:25,0,15.0,0.0,0.0,aman,aman
2026-09-30T12:46:27,0,15.0,0.0,0.0,aman,aman
2026-09-30T12:46:29,0,15.0,0.0,0.0,aman,aman
2026-09-30T12:46:31,0,15.0,0.0,0.0,aman,aman
2026-09-30T12:46:32,0,15.0,0.0,0.0,aman,aman
2026-09-30T12:46:34,0,15.0,0.0,0.0,aman,aman
2026-09-30T12:46:36,0,15.0,0.0,0.0,aman,aman
2026-09-30T12:46:39,0,15.0,0.0,0.0,aman,aman
2026-09-30T12:46:40,0,15.0,0.0,0.0,aman,aman
2026-09-30T12:46:42,0,15.0,0.0,0.0,aman,aman
2026-09-30T12:46:44,0,15.0,0.0,0.0,aman,aman
2026-09-30T12:46:45,0,15.0,0.0,0.0,aman,aman
2026-09-30T12:46:48,0,15.0,0.0,0.0,aman,aman
2026-09-30T12:46:50,0,15.0,0.0,0.0,aman,aman
2026-09-30T12:46:52,0,15.0,0.0,0.0,aman,aman
2026-09-30T12:46:53,0,15.0,0.0,0.0,aman,aman
2026-09-30T12:46:55,0,15.0,0.0,0.0,aman,aman
2026-09-30T12:46:57,0,15.0,0.0,0.0,aman,aman
2026-09-30T12:46:59,0,15.0,0.0,0.0,aman,aman
2026-09-30T12:47:01,0,15.0,0.0,0.0,aman,aman
2026-09-30T12:47:03,0,15.0,0.0,0.0,aman,aman
2026-09-30T12:47:05,0,15.0,0.0,0.0,aman,aman
2026-09-30T12:47:07,0,15.0,0.0,0.0,aman,aman
2026-09-30T12:47:08,0,15.0,0.0,0.0,aman,aman
2026-09-30T12:47:11,0,15.0,0.0,0.0,aman,aman
2026-09-30T12:47:12,0,15.0,0.0,0.0,aman,aman
2026-09-30T12:47:14,0,15.0,0.0,0.0,aman,aman
2026-09-30T12:47:16,0,15.0,0.0,0.0,aman,aman
2026-09-30T12:47:17,0,15.0,0.0,0.0,aman,aman
2026-09-30T12:47:19,0,15.0,0.0,0.0,aman,aman
2026-09-30T12:47:22,0,15.0,0.0,0.0,aman,aman
2026-09-30T12:47:24,0,15.0,0.0,0.0,aman,aman
2026-09-30T12:47:25,0,15.0,0.0,0.0,aman,aman
2026-09-30T12:47:27,0,15.0,0.0,0.0,aman,aman
2026-09-30T12:47:29,0,15.0,0.0,0.0,aman,aman
2026-09-30T12:47:31,0,15.0,0.0,0.0,aman,aman
2026-09-30T12:47:33,0,15.0,0.0,0.0,aman,aman
2026-09-30T12:47:34,0,15.0,0.0,0.0,aman,aman
2026-09-30T12:47:36,0,15.0,0.0,0.0,aman,aman
2026-09-30T12:47:38,0,15.0,0.0,0.0,aman,aman
2026-09-30T12:47:41,0,15.0,0.0,0.0,aman,aman
2026-09-30T12:47:42,0,15.0,0.0,0.0,aman,aman
2026-09-30T12:47:44,0,15.0,0.0,0.0,aman,aman
2026-09-30T12:47:46,0,15.0,0.0,0.0,aman,aman
2026-09-30T12:47:48,0,15.0,0.0,0.0,aman,aman
2026-09-30T12:47:50,0,15.0,0.0,0.0,aman,aman
2026-09-30T12:47:52,0,15.0,0.0,0.0,aman,aman
2026-09-30T12:47:54,0,15.0,0.0,0.0,aman,aman
2026-09-30T12:47:55,0,15.0,0.0,0.0,aman,aman
2026-09-30T12:47:57,0,15.0,0.0,0.0,aman,aman
2026-09-30T12:47:59,0,15.0,0.0,0.0,aman,aman
2026-09-30T12:48:01,0,15.0,0.0,0.0,aman,aman
2026-09-30T12:48:03,0,15.0,0.0,0.0,aman,aman
2026-09-30T12:48:05,0,15.0,0.0,0.0,aman,aman
2026-09-30T12:48:07,0,15.0,0.0,0.0,aman,aman
2026-09-30T12:48:08,0,15.0,0.0,0.0,aman,aman
2026-09-30T12:48:10,0,15.0,0.0,0.0,aman,aman
2026-09-30T12:48:13,0,15.0,0.0,0.0,aman,aman
2026-09-30T12:48:14,0,15.0,0.0,0.0,aman,aman
2026-09-30T12:48:16,0,15.0,0.0,0.0,aman,aman
2026-09-30T12:48:18,0,15.0,0.0,0.0,aman,aman
2026-09-30T12:48:20,0,15.0,0.0,0.0,aman,aman
2026-09-30T12:48:21,0,15.0,0.0,0.0,aman,aman
2026-09-30T12:48:24,0,15.0,0.0,0.0,aman,aman
2026-09-30T12:48:26,0,15.0,0.0,0.0,aman,aman
2026-09-30T12:48:27,0,15.0,0.0,0.0,aman,aman
2026-09-30T12:48:29,0,15.0,0.0,0.0,aman,aman
2026-09-30T15:35:51,0,15.0,0.0,0.0,aman,aman
2026-09-30T15:35:52,0,15.0,0.0,0.0,aman,aman
2026-09-30T15:35:53,0,15.0,0.0,0.0,aman,aman
2026-09-30T15:35:55,0,15.0,0.0,0.0,aman,aman
2026-09-30T15:35:57,0,15.0,0.0,0.0,aman,aman
2026-09-30T15:48:12,0,15.0,0.0,0.0,aman,aman
2026-09-30T15:48:13,0,15.0,0.0,0.0,aman,aman
2026-09-30T15:48:16,0,15.0,0.0,0.0,aman,aman
2026-09-30T15:48:17,0,15.0,0.0,0.0,aman,aman
2026-09-30T15:48:18,0,15.0,0.0,0.0,aman,aman
2026-09-30T15:48:58,0,15.0,0.0,0.0,aman,aman
2026-09-30T15:49:00,0,15.0,0.0,0.0,aman,aman
2026-09-30T15:49:01,0,15.0,0.0,0.0,aman,aman
2026-09-30T15:49:02,0,15.0,0.0,0.0,aman,aman
2026-09-30T15:49:04,0,15.0,0.0,0.0,aman,aman
2026-09-30T15:49:05,0,15.0,0.0,0.0,aman,aman
2026-09-30T15:49:07,0,15.0,0.0,0.0,aman,aman
2026-09-30T15:49:08,0,15.0,0.0,0.0,aman,aman
2026-09-30T15:49:10,0,15.0,0.0,0.0,aman,aman
2026-09-30T15:49:11,0,15.0,0.0,0.0,aman,aman
2026-09-30T15:49:13,0,15.0,0.0,0.0,aman,aman
2026-09-30T15:49:14,0,15.0,0.0,0.0,aman,aman
2026-09-30T15:49:16,0,15.0,0.0,0.0,aman,aman
2026-09-30T15:49:18,0,15.0,0.0,0.0,aman,aman
2026-09-30T15:49:19,0,15.0,0.0,0.0,aman,aman
2026-09-30T15:49:20,0,15.0,0.0,0.0,aman,aman
2026-09-30T15:49:22,0,15.0,0.0,0.0,aman,aman
2026-09-30T15:49:23,0,15.0,0.0,0.0,aman,aman
2026-09-30T15:49:24,0,15.0,0.0,0.0,aman,aman
2026-09-30T15:49:26,0,15.0,0.0,0.0,aman,aman
2026-09-30T15:49:28,0,15.0,0.0,0.0,aman,aman
2026-09-30T15:49:29,0,15.0,0.0,0.0,aman,aman
2026-09-30T15:49:30,0,15.0,0.0,0.0,aman,aman
2026-09-30T15:49:32,0,15.0,0.0,0.0,aman,aman
2026-09-30T15:49:34,0,15.0,0.0,0.0,aman,aman
2026-09-30T15:49:35,0,15.0,0.0,0.0,aman,aman
2026-09-30T15:49:37,0,15.0,0.0,0.0,aman,aman
2026-09-30T15:49:38,0,15.0,0.0,0.0,aman,aman
2026-09-30T15:49:40,0,15.0,0.0,0.0,aman,aman
2026-09-30T18:19:40,0,15.0,0.0,0.0,aman,aman
2026-09-30T18:19:41,0,15.0,0.0,0.0,aman,aman
2026-09-30T18:19:42,0,15.0,0.0,0.0,aman,aman
2026-09-30T18:19:43,0,15.0,0.0,0.0,aman,aman
2026-09-30T18:19:44,0,15.0,0.0,0.0,aman,aman
2026-09-30T18:19:45,0,15.0,0.0,0.0,aman,aman
2026-09-30T18:19:46,0,15.0,0.0,0.0,aman,aman
2026-09-30T18:19:47,0,15.0,0.0,0.0,aman,aman
2026-09-30T18:19:48,0,15.0,0.0,0.0,aman,aman
2026-09-30T18:19:49,0,15.0,0.0,0.0,aman,aman
2026-09-30T18:19:51,0,15.0,0.0,0.0,aman,aman
2026-09-30T18:19:52,0,15.0,0.0,0.0,aman,aman
2026-09-30T18:19:53,0,15.0,0.0,0.0,aman,aman
2026-09-30T18:19:54,0,15.0,0.0,0.0,aman,aman
2026-09-30T18:19:55,0,15.0,0.0,0.0,aman,aman
2026-09-30T18:19:56,0,15.0,0.0,0.0,aman,aman
2026-09-30T18:19:58,0,15.0,0.0,0.0,aman,aman
2026-09-30T18:19:59,0,15.0,0.0,0.0,aman,aman
2026-09-30T18:20:00,0,15.0,0.0,0.0,aman,aman
2026-09-30T18:20:01,0,15.0,0.0,0.0,aman,aman
2026-09-30T18:20:02,0,15.0,0.0,0.0,aman,aman
2026-09-30T18:20:03,0,15.0,0.0,0.0,aman,aman
2026-09-30T18:20:04,0,15.0,0.0,0.0,aman,aman
2026-09-30T18:20:05,0,15.0,0.0,0.0,aman,aman
2026-09-30T18:20:06,0,15.0,0.0,0.0,aman,aman
2026-09-30T18:20:08,0,15.0,0.0,0.0,aman,aman
2026-09-30T18:20:09,0,15.0,0.0,0.0,aman,aman
2026-09-30T18:20:10,0,15.0,0.0,0.0,aman,aman
2026-09-30T18:20:11,0,15.0,0.0,0.0,aman,aman
2026-09-30T18:20:12,0,15.0,0.0,0.0,aman,aman
2026-09-30T18:20:13,0,15.0,0.0,0.0,aman,aman
2026-09-30T18:20:14,0,15.0,0.0,0.0,aman,aman
2026-09-30T18:20:15,0,15.0,0.0,0.0,aman,aman
2026-09-30T18:20:16,0,15.0,0.0,0.0,aman,aman
2026-09-30T18:20:17,0,15.0,0.0,0.0,aman,aman
2026-09-30T18:20:18,0,15.0,0.0,0.0,aman,aman
2026-09-30T18:20:19,0,15.0,0.0,0.0,aman,aman
2026-09-30T18:20:21,0,15.0,0.0,0.0,aman,aman
2026-09-30T18:20:22,0,15.0,0.0,0.0,aman,aman
2026-09-30T18:20:23,0,15.0,0.0,0.0,aman,aman
2026-09-30T18:20:24,0,15.0,0.0,0.0,aman,aman
2026-09-30T18:20:25,0,15.0,0.0,0.0,aman,aman
2026-09-30T18:20:26,0,15.0,0.0,0.0,aman,aman
2026-09-30T18:20:27,0,15.0,0.0,0.0,aman,aman
2026-09-30T18:20:28,0,15.0,0.0,0.0,aman,aman
2026-09-30T18:20:29,0,15.0,0.0,0.0,aman,aman
2026-09-30T18:20:30,0,15.0,0.0,0.0,aman,aman
2026-09-30T18:20:31,0,15.0,0.0,0.0,aman,aman
2026-09-30T18:20:32,0,15.0,0.0,0.0,aman,aman
2026-09-30T18:20:34,0,15.0,0.0,0.0,aman,aman
2026-09-30T18:20:35,0,15.0,0.0,0.0,aman,aman
2026-09-30T18:20:36,0,15.0,0.0,0.0,aman,aman
2026-09-30T18:20:37,0,15.0,0.0,0.0,aman,aman
2026-09-30T18:20:38,0,15.0,0.0,0.0,aman,aman
2026-09-30T18:20:39,0,15.0,0.0,0.0,aman,aman
2026-09-30T18:20:40,0,15.0,0.0,0.0,aman,aman
2026-09-30T18:20:41,0,15.0,0.0,0.0,aman,aman
2026-09-30T18:20:42,0,15.0,0.0,0.0,aman,aman
2026-09-30T18:20:43,0,15.0,0.0,0.0,aman,aman
2026-09-30T18:20:44,0,15.0,0.0,0.0,aman,aman
2026-09-30T18:20:46,0,15.0,0.0,0.0,aman,aman
2026-09-30T18:20:47,0,15.0,0.0,0.0,aman,aman
2026-09-30T18:20:48,0,15.0,0.0,0.0,aman,aman
2026-09-30T18:20:49,0,15.0,0.0,0.0,aman,aman
2026-09-30T18:20:50,0,15.0,0.0,0.0,aman,aman
2026-09-30T18:20:51,0,15.0,0.0,0.0,aman,aman
2026-09-30T18:20:52,0,15.0,0.0,0.0,aman,aman
2026-09-30T18:20:53,0,15.0,0.0,0.0,aman,aman
2026-09-30T18:20:54,0,15.0,0.0,0.0,aman,aman
2026-09-30T18:20:55,0,15.0,0.0,0.0,aman,aman
2026-09-30T18:20:56,0,15.0,0.0,0.0,aman,aman
2026-09-30T18:20:57,0,15.0,0.0,0.0,aman,aman
2026-09-30T18:20:58,0,15.0,0.0,0.0,aman,aman
2026-09-30T18:20:59,0,15.0,0.0,0.0,aman,aman
2026-09-30T18:21:00,0,15.0,0.0,0.0,aman,aman
2026-09-30T18:21:01,0,15.0,0.0,0.0,aman,aman
2026-09-30T18:21:03,0,15.0,0.0,0.0,aman,aman
2026-09-30T18:21:04,0,15.0,0.0,0.0,aman,aman
2026-09-30T18:21:05,0,15.0,0.0,0.0,aman,aman
2026-09-30T18:21:06,0,15.0,0.0,0.0,aman,aman
2026-09-30T18:21:07,0,15.0,0.0,0.0,aman,aman
2026-09-30T18:21:08,0,15.0,0.0,0.0,aman,aman
2026-09-30T18:21:09,0,15.0,0.0,0.0,aman,aman
2026-09-30T18:21:10,0,15.0,0.0,0.0,aman,aman
2026-09-30T18:21:11,0,15.0,0.0,0.0,aman,aman
2026-09-30T18:21:12,0,15.0,0.0,0.0,aman,aman
2026-09-30T18:21:13,0,15.0,0.0,0.0,aman,aman
2026-09-30T18:21:14,0,15.0,0.0,0.0,aman,aman
2026-09-30T18:21:15,0,15.0,0.0,0.0,aman,aman
2026-09-30T18:21:16,0,15.0,0.0,0.0,aman,aman
2026-09-30T18:21:17,0,15.0,0.0,0.0,aman,aman
2026-09-30T18:21:19,0,15.0,0.0,0.0,aman,aman
2026-09-30T18:21:20,0,15.0,0.0,0.0,aman,aman
2026-09-30T18:21:21,0,15.0,0.0,0.0,aman,aman
2026-09-30T18:21:22,0,15.0,0.0,0.0,aman,aman
2026-09-30T18:21:23,0,15.0,0.0,0.0,aman,aman
2026-09-30T18:21:24,0,15.0,0.0,0.0,aman,aman
2026-09-30T18:21:25,0,15.0,0.0,0.0,aman,aman
2026-09-30T18:21:26,0,15.0,0.0,0.0,aman,aman
2026-09-30T18:21:27,0,15.0,0.0,0.0,aman,aman
2026-09-30T18:21:28,0,15.0,0.0,0.0,aman,aman
2026-09-30T18:21:29,0,15.0,0.0,0.0,aman,aman
2026-09-30T18:21:30,0,15.0,0.0,0.0,aman,aman
2026-09-30T18:21:31,0,15.0,0.0,0.0,aman,aman
2026-09-30T18:21:32,0,15.0,0.0,0.0,aman,aman
2026-09-30T18:21:33,0,15.0,0.0,0.0,aman,aman
2026-09-30T18:21:34,0,15.0,0.0,0.0,aman,aman
2026-09-30T18:21:36,0,15.0,0.0,0.0,aman,aman
2026-09-30T18:21:37,0,15.0,0.0,0.0,aman,aman
2026-09-30T18:21:38,0,15.0,0.0,0.0,aman,aman
2026-09-30T18:21:39,0,15.0,0.0,0.0,aman,aman
2026-09-30T18:21:40,0,15.0,0.0,0.0,aman,aman
2026-09-30T18:21:41,0,15.0,0.0,0.0,aman,aman
2026-09-30T18:21:42,0,15.0,0.0,0.0,aman,aman
2026-09-30T18:21:43,0,15.0,0.0,0.0,aman,aman
2026-09-30T18:21:44,0,15.0,0.0,0.0,aman,aman
2026-09-30T18:21:45,0,15.0,0.0,0.0,aman,aman
2026-09-30T18:21:46,0,15.0,0.0,0.0,aman,aman
2026-09-30T18:21:47,0,15.0,0.0,0.0,aman,aman
2026-09-30T18:21:49,1,2.0,0.0,84.4,bahaya,aman
2026-09-30T18:21:50,1,2.0,1.1,84.4,bahaya,bahaya
2026-09-30T18:21:51,1,2.0,2.5,84.4,bahaya,bahaya
2026-09-30T18:21:52,1,2.0,3.6,84.0,bahaya,bahaya
2026-09-30T18:21:53,0,15.0,0.0,0.0,aman,bahaya
2026-09-30T18:21:54,0,15.0,0.0,0.0,aman,bahaya
2026-09-30T18:21:55,0,15.0,0.0,0.0,aman,aman
2026-09-30T18:21:56,0,15.0,0.0,0.0,aman,aman
2026-09-30T18:21:57,0,15.0,0.0,0.0,aman,aman
2026-09-30T18:21:58,0,15.0,0.0,0.0,aman,aman
2026-09-30T18:22:00,0,15.0,0.0,0.0,aman,aman
2026-09-30T18:22:01,0,15.0,0.0,0.0,aman,aman
2026-09-30T18:22:02,0,15.0,0.0,0.0,aman,aman
2026-09-30T18:22:03,0,15.0,0.0,0.0,aman,aman
2026-09-30T18:22:04,0,15.0,0.0,0.0,aman,aman
2026-09-30T18:22:05,0,15.0,0.0,0.0,aman,aman
2026-09-30T18:22:06,0,15.0,0.0,0.0,aman,aman
2026-09-30T18:22:07,0,15.0,0.0,0.0,aman,aman
2026-09-30T18:22:09,0,15.0,0.0,0.0,aman,aman
2026-09-30T18:22:10,0,15.0,0.0,0.0,aman,aman
2026-09-30T18:22:11,0,15.0,0.0,0.0,aman,aman
2026-09-30T18:22:12,0,15.0,0.0,0.0,aman,aman
2026-09-30T18:22:13,0,15.0,0.0,0.0,aman,aman
2026-09-30T18:22:14,0,15.0,0.0,0.0,aman,aman
2026-09-30T18:22:15,0,15.0,0.0,0.0,aman,aman
2026-09-30T18:22:16,0,15.0,0.0,0.0,aman,aman
2026-09-30T18:22:17,0,15.0,0.0,0.0,aman,aman
2026-09-30T18:22:18,0,15.0,0.0,0.0,aman,aman
2026-09-30T18:22:19,0,15.0,0.0,0.0,aman,aman
2026-09-30T18:22:21,0,15.0,0.0,0.0,aman,aman
2026-09-30T18:39:48,0,15.0,0.0,0.0,aman,aman
2026-09-30T18:39:49,0,15.0,0.0,0.0,aman,aman
2026-09-30T18:39:51,0,15.0,0.0,0.0,aman,aman
2026-09-30T18:39:52,0,15.0,0.0,0.0,aman,aman
2026-09-30T18:39:53,0,15.0,0.0,0.0,aman,aman
2026-09-30T18:39:54,0,15.0,0.0,0.0,aman,aman
2026-09-30T18:39:55,0,15.0,0.0,0.0,aman,aman
2026-09-30T18:39:56,0,15.0,0.0,0.0,aman,aman
2026-09-30T18:39:57,0,15.0,0.0,0.0,aman,aman
2026-09-30T18:39:58,0,15.0,0.0,0.0,aman,aman
2026-09-30T18:40:00,0,15.0,0.0,0.0,aman,aman
2026-09-30T18:40:01,0,15.0,0.0,0.0,aman,aman
2026-09-30T18:40:02,0,15.0,0.0,0.0,aman,aman
2026-09-30T18:40:03,0,15.0,0.0,0.0,aman,aman
2026-09-30T18:40:04,0,15.0,0.0,0.0,aman,aman
2026-09-30T18:40:05,0,15.0,0.0,0.0,aman,aman
2026-09-30T18:40:06,0,15.0,0.0,0.0,aman,aman
2026-09-30T18:40:08,0,15.0,0.0,0.0,aman,aman
2026-09-30T18:40:09,0,15.0,0.0,0.0,aman,aman
2026-09-30T18:40:10,0,15.0,0.0,0.0,aman,aman
2026-09-30T18:40:11,0,15.0,0.0,0.0,aman,aman
2026-09-30T18:40:12,0,15.0,0.0,0.0,aman,aman
2026-09-30T18:40:13,0,15.0,0.0,0.0,aman,aman
2026-09-30T18:40:14,0,15.0,0.0,0.0,aman,aman
2026-09-30T18:40:15,0,15.0,0.0,0.0,aman,aman
2026-09-30T18:40:16,0,15.0,0.0,0.0,aman,aman
2026-09-30T18:40:17,0,15.0,0.0,0.0,aman,aman
2026-09-30T18:40:18,0,15.0,0.0,0.0,aman,aman
2026-09-30T18:40:19,0,15.0,0.0,0.0,aman,aman
2026-09-30T18:40:21,0,15.0,0.0,0.0,aman,aman
2026-09-30T18:40:22,0,15.0,0.0,0.0,aman,aman
2026-09-30T18:40:23,0,15.0,0.0,0.0,aman,aman
2026-09-30T18:40:24,0,15.0,0.0,0.0,aman,aman
2026-09-30T18:40:25,0,15.0,0.0,0.0,aman,aman
2026-09-30T18:40:26,0,15.0,0.0,0.0,aman,aman
2026-09-30T18:40:27,0,15.0,0.0,0.0,aman,aman
2026-09-30T18:40:28,0,15.0,0.0,0.0,aman,aman
2026-09-30T18:40:29,0,15.0,0.0,0.0,aman,aman
2026-09-30T18:40:30,0,15.0,0.0,0.0,aman,aman
2026-09-30T18:40:32,0,15.0,0.0,0.0,aman,aman
2026-09-30T18:40:33,0,15.0,0.0,0.0,aman,aman
2026-09-30T18:40:34,0,15.0,0.0,0.0,aman,aman
2026-09-30T18:40:35,0,15.0,0.0,0.0,aman,aman
2026-09-30T18:40:36,0,15.0,0.0,0.0,aman,aman
2026-09-30T18:40:37,0,15.0,0.0,0.0,aman,aman
2026-09-30T18:40:38,0,15.0,0.0,0.0,aman,aman
2026-09-30T18:40:40,0,15.0,0.0,0.0,aman,aman
2026-09-30T18:40:41,0,15.0,0.0,0.0,aman,aman
2026-09-30T18:40:42,0,15.0,0.0,0.0,aman,aman
2026-09-30T18:40:43,0,15.0,0.0,0.0,aman,aman
2026-09-30T18:40:44,0,15.0,0.0,0.0,aman,aman
2026-09-30T18:40:45,0,15.0,0.0,0.0,aman,aman
2026-09-30T18:40:46,0,15.0,0.0,0.0,aman,aman
2026-09-30T18:40:47,0,15.0,0.0,0.0,aman,aman
2026-09-30T18:40:48,0,15.0,0.0,0.0,aman,aman
2026-09-30T18:40:49,0,15.0,0.0,0.0,aman,aman
2026-09-30T18:40:50,0,15.0,0.0,0.0,aman,aman
2026-09-30T18:40:51,0,15.0,0.0,0.0,aman,aman
2026-09-30T18:40:53,0,15.0,0.0,0.0,aman,aman
2026-09-30T18:40:54,0,15.0,0.0,0.0,aman,aman
2026-09-30T18:40:55,0,15.0,0.0,0.0,aman,aman
2026-09-30T18:40:56,0,15.0,0.0,0.0,aman,aman
2026-09-30T18:40:57,0,15.0,0.0,0.0,aman,aman
2026-09-30T18:40:58,0,15.0,0.0,0.0,aman,aman
2026-09-30T18:40:59,0,15.0,0.0,0.0,aman,aman
2026-09-30T18:41:00,0,15.0,0.0,0.0,aman,aman
2026-09-30T18:41:01,0,15.0,0.0,0.0,aman,aman
2026-09-30T18:41:02,0,15.0,0.0,0.0,aman,aman
2026-09-30T18:41:04,0,15.0,0.0,0.0,aman,aman
2026-09-30T18:41:05,0,15.0,0.0,0.0,aman,aman
2026-09-30T18:41:06,0,15.0,0.0,0.0,aman,aman
2026-09-30T18:41:07,0,15.0,0.0,0.0,aman,aman
2026-09-30T18:41:08,0,15.0,0.0,0.0,aman,aman
2026-09-30T18:41:09,0,15.0,0.0,0.0,aman,aman
2026-09-30T18:41:10,0,15.0,0.0,0.0,aman,aman
2026-09-30T18:41:11,0,15.0,0.0,0.0,aman,aman
2026-09-30T18:41:12,0,15.0,0.0,0.0,aman,aman
2026-09-30T18:41:13,0,15.0,0.0,0.0,aman,aman
2026-09-30T18:41:14,0,15.0,0.0,0.0,aman,aman
2026-09-30T18:41:15,0,15.0,0.0,0.0,aman,aman
2026-09-30T18:41:17,0,15.0,0.0,0.0,aman,aman
2026-09-30T18:41:18,0,15.0,0.0,0.0,aman,aman
2026-09-30T18:41:19,0,15.0,0.0,0.0,aman,aman
