timestamp,status_mesin,status_idle,durasi_idle_s,getaran_g,sw420_terdeteksi,gps_fix,gps_lat,gps_lon
2026-09-25T18:26:31,MATI,AMAN,0,0.0149,0,0,0.0,0.0
2026-09-25T18:30:33,MATI,AMAN,0,0.016,0,0,0.0,0.0
2026-09-25T18:30:50,MATI,AMAN,0,0.0152,0,0,0.0,0.0
2026-09-25T19:22:23,MATI,AMAN,0,0.0157,0,0,0.0,0.0
2026-09-25T19:22:44,MATI,AMAN,0,0.0146,0,0,0.0,0.0
2026-09-25T19:23:00,MATI,AMAN,0,0.0264,0,0,0.0,0.0
2026-09-25T19:23:17,MATI,AMAN,0,0.0146,0,0,0.0,0.0
2026-09-25T19:23:33,MATI,AMAN,0,0.0168,0,0,0.0,0.0
2026-09-25T19:23:49,MATI,AMAN,0,0.0163,0,0,0.0,0.0
2026-09-25T19:24:06,MATI,AMAN,0,0.0151,0,0,0.0,0.0
2026-09-25T19:24:22,MATI,AMAN,0,0.0147,0,0,0.0,0.0
2026-09-25T19:24:39,MATI,AMAN,0,0.0174,0,0,0.0,0.0
2026-09-25T19:24:56,MATI,AMAN,0,0.0161,0,0,0.0,0.0
2026-09-25T19:25:12,MATI,AMAN,0,0.0161,0,0,0.0,0.0
2026-09-25T19:25:28,MATI,AMAN,0,0.0161,0,0,0.0,0.0
2026-09-25T19:25:45,MATI,AMAN,0,0.0159,0,0,0.0,0.0
2026-09-25T19:26:01,MATI,AMAN,0,0.0166,0,0,0.0,0.0
2026-09-25T19:26:18,MATI,AMAN,0,0.0153,0,0,0.0,0.0
2026-09-25T19:26:34,MATI,AMAN,0,0.0136,0,0,0.0,0.0
2026-09-25T19:26:51,MATI,AMAN,0,0.0165,0,0,0.0,0.0
2026-09-25T19:27:07,MATI,AMAN,0,0.0158,0,0,0.0,0.0
2026-09-25T19:27:24,MATI,AMAN,0,0.0163,0,0,0.0,0.0
2026-09-25T20:24:58,MATI,AMAN,0,0.0164,0,0,0.0,0.0
2026-09-25T20:25:05,MATI,AMAN,0,0.0162,0,0,0.0,0.0
2026-09-25T20:25:08,MATI,AMAN,0,0.0163,0,0,0.0,0.0
2026-09-25T20:25:10,MATI,AMAN,0,0.0171,0,0,0.0,0.0
2026-09-25T20:25:13,MATI,AMAN,0,0.0168,0,0,0.0,0.0
2026-09-25T20:25:15,MATI,AMAN,0,0.0169,0,0,0.0,0.0
2026-09-25T20:25:17,MATI,AMAN,0,0.0168,0,0,0.0,0.0
2026-09-25T20:25:20,MATI,AMAN,0,0.0157,0,0,0.0,0.0
2026-09-25T20:25:23,MATI,AMAN,0,0.0159,0,0,0.0,0.0
2026-09-25T20:25:27,MATI,AMAN,0,0.0171,0,0,0.0,0.0
2026-09-25T20:25:30,MATI,AMAN,0,0.0161,0,0,0.0,0.0
2026-09-25T20:25:33,MATI,AMAN,0,0.0166,0,0,0.0,0.0
2026-09-25T20:25:35,MATI,AMAN,0,0.0159,0,0,0.0,0.0
2026-09-25T20:25:38,MATI,AMAN,0,0.0159,0,0,0.0,0.0
2026-09-25T20:25:40,MATI,AMAN,0,0.0159,0,0,0.0,0.0
2026-09-25T20:25:43,MATI,AMAN,0,0.0155,0,0,0.0,0.0
2026-09-25T20:25:45,MATI,AMAN,0,0.0155,0,0,0.0,0.0
2026-09-25T20:25:48,MATI,AMAN,0,0.0178,0,0,0.0,0.0
2026-09-25T20:25:50,MATI,AMAN,0,0.015,0,0,0.0,0.0
2026-09-25T20:25:53,MATI,AMAN,0,0.0154,0,0,0.0,0.0
2026-09-25T20:25:55,MATI,AMAN,0,0.0162,0,0,0.0,0.0
2026-09-25T20:25:58,MATI,AMAN,0,0.017,0,0,0.0,0.0
2026-09-25T20:29:17,MATI,AMAN,0,0.0168,0,0,0.0,0.0
2026-09-25T20:29:21,MATI,AMAN,0,0.0162,0,0,0.0,0.0
2026-09-25T20:29:24,MATI,AMAN,0,0.0155,0,0,0.0,0.0
2026-09-25T20:29:26,MATI,AMAN,0,0.0164,0,0,0.0,0.0
2026-09-25T20:29:28,MATI,AMAN,0,0.016,0,0,0.0,0.0
2026-09-25T20:29:31,MATI,AMAN,0,0.0171,0,0,0.0,0.0
2026-09-25T20:29:33,MATI,AMAN,0,0.0155,0,0,0.0,0.0
2026-09-25T20:29:36,MATI,AMAN,0,0.016,0,0,0.0,0.0
2026-09-25T20:29:38,MATI,AMAN,0,0.0157,0,0,0.0,0.0
2026-09-25T20:29:41,MATI,AMAN,0,0.0159,0,0,0.0,0.0
2026-09-25T20:29:43,MATI,AMAN,0,0.0168,0,0,0.0,0.0
2026-09-25T20:29:45,MATI,AMAN,0,0.0165,0,0,0.0,0.0
2026-09-25T20:29:48,MATI,AMAN,0,0.0162,0,0,0.0,0.0
2026-09-25T20:29:50,MATI,AMAN,0,0.0165,0,0,0.0,0.0
2026-09-25T20:29:53,MATI,AMAN,0,0.0153,0,0,0.0,0.0
2026-09-25T20:29:55,MATI,AMAN,0,0.0172,0,0,0.0,0.0
2026-09-25T20:29:58,MATI,AMAN,0,0.0165,0,0,0.0,0.0
2026-09-25T20:30:00,MATI,AMAN,0,0.0173,0,0,0.0,0.0
2026-09-25T20:30:03,MATI,AMAN,0,0.0159,0,0,0.0,0.0
2026-09-25T20:30:05,MATI,AMAN,0,0.0155,0,0,0.0,0.0
2026-09-25T20:30:07,MATI,AMAN,0,0.0164,0,0,0.0,0.0
2026-09-25T20:30:10,MATI,AMAN,0,0.0158,0,0,0.0,0.0
2026-09-25T20:30:12,MATI,AMAN,0,0.0165,0,0,0.0,0.0
2026-09-25T20:30:15,MATI,AMAN,0,0.0172,0,0,0.0,0.0
2026-09-25T20:30:17,MATI,AMAN,0,0.016,0,0,0.0,0.0
2026-09-25T20:30:19,MATI,AMAN,0,0.0162,0,0,0.0,0.0
2026-09-25T20:30:22,MATI,AMAN,0,0.0166,0,0,0.0,0.0
2026-09-25T20:30:24,MATI,AMAN,0,0.0165,0,0,0.0,0.0
2026-09-25T20:30:27,MATI,AMAN,0,0.0178,0,0,0.0,0.0
2026-09-25T20:30:29,MATI,AMAN,0,0.0144,0,0,0.0,0.0
2026-09-25T20:30:31,MATI,AMAN,0,0.016,0,0,0.0,0.0
2026-09-25T20:30:34,MATI,AMAN,0,0.0174,0,0,0.0,0.0
2026-09-25T20:30:36,MATI,AMAN,0,0.0163,0,0,0.0,0.0
2026-09-25T20:30:39,MATI,AMAN,0,0.0169,0,0,0.0,0.0
2026-09-25T20:30:41,MATI,AMAN,0,0.0158,0,0,0.0,0.0
2026-09-25T20:30:43,MATI,AMAN,0,0.0173,0,0,0.0,0.0
2026-09-25T20:30:46,MATI,AMAN,0,0.0167,0,0,0.0,0.0
2026-09-25T20:30:48,MATI,AMAN,0,0.016,0,0,0.0,0.0
2026-09-25T20:30:51,MATI,AMAN,0,0.0175,0,0,0.0,0.0
2026-09-25T20:30:53,MATI,AMAN,0,0.0134,0,0,0.0,0.0
2026-09-25T20:30:55,MATI,AMAN,0,0.0174,0,0,0.0,0.0
2026-09-25T20:30:58,MATI,AMAN,0,0.015,0,0,0.0,0.0
2026-09-25T20:31:00,MATI,AMAN,0,0.0166,0,0,0.0,0.0
2026-09-25T20:31:03,MATI,AMAN,0,0.0174,0,0,0.0,0.0
2026-09-25T20:31:06,MATI,AMAN,0,0.0152,0,0,0.0,0.0
2026-09-25T20:31:08,MATI,AMAN,0,0.0168,0,0,0.0,0.0
2026-09-25T20:31:10,MATI,AMAN,0,0.0177,0,0,0.0,0.0
2026-09-25T20:31:13,MATI,AMAN,0,0.0174,0,0,0.0,0.0
2026-09-25T20:31:15,MATI,AMAN,0,0.0165,0,0,0.0,0.0
2026-09-25T20:31:18,MATI,AMAN,0,0.0169,0,0,0.0,0.0
2026-09-25T20:31:20,MATI,AMAN,0,0.0173,0,0,0.0,0.0
2026-09-25T20:31:23,MATI,AMAN,0,0.0167,0,0,0.0,0.0
2026-09-25T20:31:25,MATI,AMAN,0,0.0163,0,0,0.0,0.0
2026-09-25T20:31:27,MATI,AMAN,0,0.0162,0,0,0.0,0.0
2026-09-25T20:31:30,MATI,AMAN,0,0.0174,0,0,0.0,0.0
2026-09-25T20:31:32,MATI,AMAN,0,0.0168,0,0,0.0,0.0
2026-09-25T20:31:35,MATI,AMAN,0,0.0159,0,0,0.0,0.0
2026-09-25T20:31:37,MATI,AMAN,0,0.0193,0,0,0.0,0.0
2026-09-25T20:31:40,MATI,AMAN,0,0.0168,0,0,0.0,0.0
2026-09-25T20:31:42,MATI,AMAN,0,0.0169,0,0,0.0,0.0
2026-09-25T20:31:44,MATI,AMAN,0,0.0176,0,0,0.0,0.0
2026-09-25T20:31:47,MATI,AMAN,0,0.0168,0,0,0.0,0.0
2026-09-25T20:31:49,MATI,AMAN,0,0.0173,0,0,0.0,0.0
2026-09-25T20:31:52,MATI,AMAN,0,0.0157,0,0,0.0,0.0
2026-09-25T20:31:54,MATI,AMAN,0,0.0159,0,0,0.0,0.0
2026-09-25T20:31:56,MATI,AMAN,0,0.0177,0,0,0.0,0.0
2026-09-25T20:31:59,MATI,AMAN,0,0.0167,0,0,0.0,0.0
2026-09-25T20:32:01,MATI,AMAN,0,0.0158,0,0,0.0,0.0
2026-09-25T20:32:04,MATI,AMAN,0,0.018,0,0,0.0,0.0
2026-09-25T20:32:06,MATI,AMAN,0,0.0159,0,0,0.0,0.0
2026-09-25T20:32:08,MATI,AMAN,0,0.0164,0,0,0.0,0.0
2026-09-25T20:32:11,MATI,AMAN,0,0.016,0,0,0.0,0.0
2026-09-25T20:32:13,MATI,AMAN,0,0.0173,0,0,0.0,0.0
2026-09-25T20:32:15,MATI,AMAN,0,0.0174,0,0,0.0,0.0
2026-09-25T20:32:18,MATI,AMAN,0,0.0171,0,0,0.0,0.0
2026-09-25T20:32:20,MATI,AMAN,0,0.0159,0,0,0.0,0.0
2026-09-25T20:32:23,MATI,AMAN,0,0.0157,0,0,0.0,0.0
2026-09-25T20:32:25,MATI,AMAN,0,0.0151,0,0,0.0,0.0
2026-09-25T20:32:27,MATI,AMAN,0,0.0188,0,0,0.0,0.0
2026-09-25T20:32:30,MATI,AMAN,0,0.0163,0,0,0.0,0.0
2026-09-25T20:32:32,MATI,AMAN,0,0.0165,0,0,0.0,0.0
2026-09-25T20:32:35,MATI,AMAN,0,0.0168,0,0,0.0,0.0
2026-09-25T20:32:37,MATI,AMAN,0,0.0159,0,0,0.0,0.0
2026-09-25T20:32:39,MATI,AMAN,0,0.0158,0,0,0.0,0.0
2026-09-25T20:32:42,MATI,AMAN,0,0.0165,0,0,0.0,0.0
2026-09-25T20:32:44,MATI,AMAN,0,0.0169,0,0,0.0,0.0
2026-09-25T20:32:46,MATI,AMAN,0,0.0158,0,0,0.0,0.0
2026-09-25T20:32:49,MATI,AMAN,0,0.0169,0,0,0.0,0.0
2026-09-25T20:32:51,MATI,AMAN,0,0.0165,0,0,0.0,0.0
2026-09-25T20:32:54,MATI,AMAN,0,0.0162,0,0,0.0,0.0
2026-09-25T20:32:56,MATI,AMAN,0,0.0165,0,0,0.0,0.0
2026-09-25T20:32:58,MATI,AMAN,0,0.0135,0,0,0.0,0.0
2026-09-25T20:33:01,MATI,AMAN,0,0.0165,0,0,0.0,0.0
2026-09-25T20:33:03,MATI,AMAN,0,0.0169,0,0,0.0,0.0
2026-09-25T20:33:05,MATI,AMAN,0,0.0175,0,0,0.0,0.0
2026-09-25T20:33:08,MATI,AMAN,0,0.0163,0,0,0.0,0.0
2026-09-25T20:33:10,MATI,AMAN,0,0.0189,0,0,0.0,0.0
2026-09-25T20:33:13,MATI,AMAN,0,0.0189,0,0,0.0,0.0
2026-09-25T20:33:15,MATI,AMAN,0,0.0187,0,0,0.0,0.0
2026-09-25T20:33:18,MATI,AMAN,0,0.0146,0,0,0.0,0.0
2026-09-25T20:33:20,MATI,AMAN,0,0.0175,0,0,0.0,0.0
2026-09-25T20:33:22,MATI,AMAN,0,0.0174,0,0,0.0,0.0
2026-09-25T20:33:25,MATI,AMAN,0,0.018,0,0,0.0,0.0
2026-09-25T20:33:27,MATI,AMAN,0,0.0153,0,0,0.0,0.0
2026-09-25T20:33:30,MATI,AMAN,0,0.0167,0,0,0.0,0.0
2026-09-25T20:33:32,MATI,AMAN,0,0.017,0,0,0.0,0.0
2026-09-25T20:33:34,MATI,AMAN,0,0.0165,0,0,0.0,0.0
2026-09-25T20:33:37,MATI,AMAN,0,0.0157,0,0,0.0,0.0
2026-09-25T20:33:39,MATI,AMAN,0,0.0164,0,0,0.0,0.0
2026-09-25T20:33:41,MATI,AMAN,0,0.0172,0,0,0.0,0.0
2026-09-25T20:33:44,MATI,AMAN,0,0.016,0,0,0.0,0.0
2026-09-25T20:33:46,MATI,AMAN,0,0.018,0,0,0.0,0.0
2026-09-25T20:33:49,MATI,AMAN,0,0.0161,0,0,0.0,0.0
2026-09-25T20:33:51,MATI,AMAN,0,0.0173,0,0,0.0,0.0
2026-09-25T20:33:53,MATI,AMAN,0,0.0156,0,0,0.0,0.0
2026-09-25T20:33:56,MATI,AMAN,0,0.017,0,0,0.0,0.0
2026-09-25T20:33:58,MATI,AMAN,0,0.0162,0,0,0.0,0.0
2026-09-25T20:34:01,MATI,AMAN,0,0.0159,0,0,0.0,0.0
2026-09-25T20:34:03,MATI,AMAN,0,0.0187,0,0,0.0,0.0
2026-09-25T20:34:05,MATI,AMAN,0,0.0164,0,0,0.0,0.0
2026-09-25T20:34:08,MATI,AMAN,0,0.0172,0,0,0.0,0.0
2026-09-25T20:34:11,MATI,AMAN,0,0.0167,0,0,0.0,0.0
2026-09-25T20:34:13,MATI,AMAN,0,0.0167,0,0,0.0,0.0
2026-09-25T20:34:15,MATI,AMAN,0,0.0163,0,0,0.0,0.0
2026-09-25T20:34:18,MATI,AMAN,0,0.0174,0,0,0.0,0.0
2026-09-25T20:34:20,MATI,AMAN,0,0.0167,0,0,0.0,0.0
2026-09-25T20:34:23,MATI,AMAN,0,0.0189,0,0,0.0,0.0
2026-09-25T20:34:25,MATI,AMAN,0,0.0165,0,0,0.0,0.0
2026-09-25T20:34:27,MATI,AMAN,0,0.0162,0,0,0.0,0.0
2026-09-25T20:34:30,MATI,AMAN,0,0.0166,0,0,0.0,0.0
2026-09-25T20:34:32,MATI,AMAN,0,0.0165,0,0,0.0,0.0
2026-09-25T20:34:35,MATI,AMAN,0,0.0177,0,0,0.0,0.0
2026-09-25T20:34:37,MATI,AMAN,0,0.0171,0,0,0.0,0.0
2026-09-25T20:34:39,MATI,AMAN,0,0.0166,0,0,0.0,0.0
2026-09-25T20:34:42,MATI,AMAN,0,0.0161,0,0,0.0,0.0
2026-09-25T20:34:44,MATI,AMAN,0,0.0168,0,0,0.0,0.0
2026-09-25T20:34:47,MATI,AMAN,0,0.017,0,0,0.0,0.0
2026-09-25T20:34:49,MATI,AMAN,0,0.016,0,0,0.0,0.0
2026-09-25T20:34:52,MATI,AMAN,0,0.0161,0,0,0.0,0.0
2026-09-25T20:34:54,MATI,AMAN,0,0.0163,0,0,0.0,0.0
2026-09-25T20:34:56,MATI,AMAN,0,0.0159,0,0,0.0,0.0
2026-09-25T20:34:59,MATI,AMAN,0,0.0154,0,0,0.0,0.0
2026-09-25T20:35:01,MATI,AMAN,0,0.0173,0,0,0.0,0.0
2026-09-25T20:35:03,MATI,AMAN,0,0.0171,0,0,0.0,0.0
2026-09-25T20:35:06,MATI,AMAN,0,0.0128,0,0,0.0,0.0
2026-09-25T20:35:08,MATI,AMAN,0,0.0158,0,0,0.0,0.0
2026-09-25T20:35:11,MATI,AMAN,0,0.017,0,0,0.0,0.0
2026-09-25T20:35:13,MATI,AMAN,0,0.0173,0,0,0.0,0.0
2026-09-25T20:35:16,MATI,AMAN,0,0.0189,0,0,0.0,0.0
2026-09-25T20:35:18,MATI,AMAN,0,0.0168,0,0,0.0,0.0
2026-09-25T20:35:20,MATI,AMAN,0,0.0175,0,0,0.0,0.0
2026-09-25T20:35:23,MATI,AMAN,0,0.0171,0,0,0.0,0.0
2026-09-25T20:35:25,MATI,AMAN,0,0.015,0,0,0.0,0.0
2026-09-25T20:35:28,MATI,AMAN,0,0.016,0,0,0.0,0.0
2026-09-25T20:35:30,MATI,AMAN,0,0.0169,0,0,0.0,0.0
2026-09-25T20:35:32,MATI,AMAN,0,0.0179,0,0,0.0,0.0
2026-09-25T20:35:35,MATI,AMAN,0,0.0161,0,0,0.0,0.0
2026-09-25T20:35:37,MATI,AMAN,0,0.0163,0,0,0.0,0.0
2026-09-25T20:35:40,MATI,AMAN,0,0.0166,0,0,0.0,0.0
2026-09-25T20:35:42,MATI,AMAN,0,0.0167,0,0,0.0,0.0
2026-09-25T20:35:44,ON,IDLE,0,0.038,0,0,0.0,0.0
2026-09-25T20:35:47,ON,IDLE,2,0.1242,0,0,0.0,0.0
2026-09-25T20:35:49,ON,IDLE,4,0.1211,0,0,0.0,0.0
2026-09-25T20:35:52,ON,AMAN,0,0.2017,0,0,0.0,0.0
2026-09-25T20:35:54,ON,AMAN,0,0.1965,0,0,0.0,0.0
2026-09-25T20:35:56,ON,IDLE,0,0.1773,0,0,0.0,0.0
2026-09-25T20:35:59,ON,IDLE,2,0.1741,0,0,0.0,0.0
2026-09-25T20:36:01,ON,AMAN,0,0.2917,0,0,0.0,0.0
2026-09-25T20:36:04,ON,IDLE,0,0.0654,0,0,0.0,0.0
2026-09-25T20:36:06,MATI,AMAN,0,0.0164,0,0,0.0,0.0
2026-09-25T20:36:08,MATI,AMAN,0,0.0154,0,0,0.0,0.0
2026-09-25T20:36:11,MATI,AMAN,0,0.0168,0,0,0.0,0.0
2026-09-25T20:36:13,MATI,AMAN,0,0.0163,0,0,0.0,0.0
2026-09-25T20:36:15,MATI,AMAN,0,0.0178,0,0,0.0,0.0
2026-09-25T20:36:18,MATI,AMAN,0,0.0168,0,0,0.0,0.0
2026-09-25T20:36:20,MATI,AMAN,0,0.0169,0,0,0.0,0.0
2026-09-25T20:36:23,MATI,AMAN,0,0.0161,0,0,0.0,0.0
2026-09-25T20:36:25,MATI,AMAN,0,0.0168,0,0,0.0,0.0
2026-09-25T20:36:27,MATI,AMAN,0,0.0181,0,0,0.0,0.0
2026-09-25T20:36:30,MATI,AMAN,0,0.0171,0,0,0.0,0.0
2026-09-25T20:36:32,MATI,AMAN,0,0.0174,0,0,0.0,0.0
2026-09-25T20:36:35,MATI,AMAN,0,0.0173,0,0,0.0,0.0
2026-09-25T20:36:37,ON,IDLE,0,0.1219,0,0,0.0,0.0
2026-09-25T20:36:39,MATI,AMAN,0,0.0156,0,0,0.0,0.0
2026-09-25T20:36:42,MATI,AMAN,0,0.017,0,0,0.0,0.0
2026-09-25T20:36:44,MATI,AMAN,0,0.0196,0,0,0.0,0.0
2026-09-25T20:36:46,MATI,AMAN,0,0.0198,0,0,0.0,0.0
2026-09-25T20:36:49,MATI,AMAN,0,0.013,0,0,0.0,0.0
2026-09-25T20:36:52,MATI,AMAN,0,0.0202,0,0,0.0,0.0
2026-09-25T20:36:54,MATI,AMAN,0,0.0177,0,0,0.0,0.0
2026-09-25T20:36:56,MATI,AMAN,0,0.0162,0,0,0.0,0.0
2026-09-25T20:36:59,MATI,AMAN,0,0.0193,0,0,0.0,0.0
2026-09-25T20:37:01,ON,IDLE,0,0.0918,0,0,0.0,0.0
2026-09-25T20:37:03,MATI,AMAN,0,0.0158,0,0,0.0,0.0
2026-09-25T20:37:06,MATI,AMAN,0,0.0155,0,0,0.0,0.0
2026-09-25T20:37:08,MATI,AMAN,0,0.0147,0,0,0.0,0.0
2026-09-25T20:37:11,MATI,AMAN,0,0.0167,0,0,0.0,0.0
2026-09-25T20:37:13,MATI,AMAN,0,0.0143,0,0,0.0,0.0
2026-09-25T20:37:15,MATI,AMAN,0,0.0187,0,0,0.0,0.0
2026-09-25T20:37:18,MATI,AMAN,0,0.0155,0,0,0.0,0.0
2026-09-25T20:37:20,MATI,AMAN,0,0.0168,0,0,0.0,0.0
2026-09-25T20:37:22,MATI,AMAN,0,0.0164,0,0,0.0,0.0
2026-09-25T20:37:25,MATI,AMAN,0,0.016,0,0,0.0,0.0
2026-09-25T20:37:27,MATI,AMAN,0,0.0167,0,0,0.0,0.0
2026-09-25T20:37:30,MATI,AMAN,0,0.0165,0,0,0.0,0.0
2026-09-25T20:37:32,MATI,AMAN,0,0.0154,0,0,0.0,0.0
2026-09-25T20:37:34,MATI,AMAN,0,0.0176,0,0,0.0,0.0
2026-09-25T20:37:37,MATI,AMAN,0,0.016,0,0,0.0,0.0
2026-09-25T20:37:39,MATI,AMAN,0,0.0167,0,0,0.0,0.0
2026-09-25T20:37:41,MATI,AMAN,0,0.0154,0,0,0.0,0.0
2026-09-25T20:37:44,MATI,AMAN,0,0.0173,0,0,0.0,0.0
2026-09-25T20:37:46,MATI,AMAN,0,0.0161,0,0,0.0,0.0
2026-09-25T20:37:48,MATI,AMAN,0,0.0154,0,0,0.0,0.0
2026-09-25T20:37:51,MATI,AMAN,0,0.0167,0,0,0.0,0.0
2026-09-25T20:37:53,MATI,AMAN,0,0.0159,0,0,0.0,0.0
2026-09-25T20:37:56,MATI,AMAN,0,0.0167,0,0,0.0,0.0
2026-09-25T20:37:58,MATI,AMAN,0,0.0161,0,0,0.0,0.0
2026-09-25T20:38:00,MATI,AMAN,0,0.0175,0,0,0.0,0.0
2026-09-25T20:38:03,MATI,AMAN,0,0.0168,0,0,0.0,0.0
2026-09-25T20:38:06,MATI,AMAN,0,0.0172,0,0,0.0,0.0
2026-09-25T20:38:08,MATI,AMAN,0,0.0163,0,0,0.0,0.0
2026-09-25T20:38:10,MATI,AMAN,0,0.0165,0,0,0.0,0.0
2026-09-25T20:38:13,MATI,AMAN,0,0.0172,0,0,0.0,0.0
2026-09-25T20:38:15,MATI,AMAN,0,0.0151,0,0,0.0,0.0
2026-09-25T20:38:18,MATI,AMAN,0,0.0167,0,0,0.0,0.0
2026-09-25T20:38:20,MATI,AMAN,0,0.0173,0,0,0.0,0.0
2026-09-25T20:38:23,MATI,AMAN,0,0.0174,0,0,0.0,0.0
2026-09-25T20:38:26,MATI,AMAN,0,0.0168,0,0,0.0,0.0
2026-09-25T20:38:28,MATI,AMAN,0,0.0167,0,0,0.0,0.0
2026-09-25T20:38:30,MATI,AMAN,0,0.0183,0,0,0.0,0.0
2026-09-25T20:38:33,MATI,AMAN,0,0.0161,0,0,0.0,0.0
2026-09-25T20:38:35,MATI,AMAN,0,0.0175,0,0,0.0,0.0
2026-09-25T20:38:37,MATI,AMAN,0,0.0169,0,0,0.0,0.0
2026-09-25T20:38:40,MATI,AMAN,0,0.0154,0,0,0.0,0.0
2026-09-26T23:13:08,MATI,AMAN,0,0.0149,0,0,0.0,0.0,87.2,0.8,MIRING
2026-09-26T23:31:09,MATI,AMAN,0,0.017,0,0,0.0,0.0,87.1,0.9,MIRING
2026-09-26T23:31:11,MATI,AMAN,0,0.0178,0,0,0.0,0.0,87.1,0.9,MIRING
2026-09-26T23:31:13,MATI,AMAN,0,0.0174,0,0,0.0,0.0,87.0,1.0,MIRING
2026-09-26T23:31:16,MATI,AMAN,0,0.0166,0,0,0.0,0.0,87.1,0.9,MIRING
2026-09-26T23:31:18,MATI,AMAN,0,0.0166,0,0,0.0,0.0,87.0,0.9,MIRING
2026-09-26T23:31:20,ON,AMAN,0,0.2727,0,0,0.0,0.0,87.6,1.5,MIRING
2026-09-26T23:31:23,ON,AMAN,0,0.2476,0,0,0.0,0.0,87.4,1.5,MIRING
2026-09-26T23:31:25,ON,AMAN,0,0.1824,0,0,0.0,0.0,86.7,1.6,MIRING
2026-09-26T23:31:27,ON,AMAN,0,0.1925,0,0,0.0,0.0,87.8,0.6,MIRING
2026-09-26T23:31:30,ON,AMAN,0,0.2211,0,0,0.0,0.0,86.9,1.5,MIRING
2026-09-26T23:31:32,ON,AMAN,0,0.4719,0,0,0.0,0.0,87.9,0.7,MIRING
2026-09-26T23:31:35,ON,AMAN,0,0.3439,0,0,0.0,0.0,86.2,0.4,MIRING
2026-09-26T23:31:37,ON,IDLE,0,0.0399,0,0,0.0,0.0,87.1,0.2,MIRING
2026-09-26T23:31:39,MATI,AMAN,0,0.016,0,0,0.0,0.0,87.1,0.8,MIRING
2026-09-26T23:31:42,MATI,AMAN,0,0.0158,0,0,0.0,0.0,87.1,0.9,MIRING
2026-09-26T23:31:44,MATI,AMAN,0,0.0153,0,0,0.0,0.0,87.0,0.9,MIRING
2026-09-26T23:31:47,MATI,AMAN,0,0.0158,0,0,0.0,0.0,87.1,0.9,MIRING
2026-09-26T23:31:49,MATI,AMAN,0,0.016,0,0,0.0,0.0,87.0,0.9,MIRING
2026-09-26T23:31:51,MATI,AMAN,0,0.0157,0,0,0.0,0.0,87.0,1.0,MIRING
2026-09-26T23:31:53,MATI,AMAN,0,0.0159,0,0,0.0,0.0,87.0,0.9,MIRING
2026-09-26T23:31:56,MATI,AMAN,0,0.0166,0,0,0.0,0.0,87.0,0.9,MIRING
2026-09-26T23:31:58,ON,IDLE,0,0.1649,0,0,0.0,0.0,86.8,0.1,MIRING
2026-09-26T23:32:01,ON,AMAN,0,0.4423,0,0,0.0,0.0,87.6,0.3,MIRING
2026-09-26T23:32:03,ON,AMAN,0,0.1932,0,0,0.0,0.0,87.7,0.5,MIRING
2026-09-26T23:32:05,ON,AMAN,0,0.2031,0,0,0.0,0.0,87.3,0.9,MIRING
2026-09-26T23:32:08,MATI,AMAN,0,0.0186,0,0,0.0,0.0,87.1,0.9,MIRING
2026-09-26T23:32:10,MATI,AMAN,0,0.0155,0,0,0.0,0.0,87.0,0.9,MIRING
2026-09-26T23:32:12,MATI,AMAN,0,0.0162,0,0,0.0,0.0,87.1,0.8,MIRING
2026-09-26T23:32:15,MATI,AMAN,0,0.0183,0,0,0.0,0.0,87.1,0.9,MIRING
2026-09-26T23:32:17,MATI,AMAN,0,0.0159,0,0,0.0,0.0,87.0,0.9,MIRING
2026-09-26T23:32:20,MATI,AMAN,0,0.0183,0,0,0.0,0.0,87.0,0.9,MIRING
2026-09-26T23:32:22,MATI,AMAN,0,0.0162,0,0,0.0,0.0,87.0,1.0,MIRING
2026-09-26T23:32:24,MATI,AMAN,0,0.0159,0,0,0.0,0.0,87.0,0.9,MIRING
2026-09-26T23:32:27,MATI,AMAN,0,0.0253,0,0,0.0,0.0,87.5,0.8,MIRING
2026-09-26T23:32:29,MATI,AMAN,0,0.025,0,0,0.0,0.0,83.0,-6.9,MIRING
2026-09-26T23:32:31,MATI,AMAN,0,0.0221,0,0,0.0,0.0,78.6,-11.2,MIRING
2026-09-26T23:32:34,MATI,AMAN,0,0.016,0,0,0.0,0.0,77.1,-12.7,MIRING
2026-09-26T23:32:36,MATI,AMAN,0,0.0183,0,0,0.0,0.0,77.4,-12.4,MIRING
2026-09-26T23:32:38,MATI,AMAN,0,0.0262,0,0,0.0,0.0,85.2,-4.8,MIRING
2026-09-26T23:32:41,MATI,AMAN,0,0.0174,0,0,0.0,0.0,88.8,0.7,MIRING
2026-09-26T23:32:43,MATI,AMAN,0,0.0155,0,0,0.0,0.0,88.8,0.7,MIRING
2026-09-26T23:32:45,MATI,AMAN,0,0.017,0,0,0.0,0.0,88.8,0.7,MIRING
2026-09-26T23:32:48,MATI,AMAN,0,0.0167,0,0,0.0,0.0,88.8,0.8,MIRING
2026-09-26T23:32:50,MATI,AMAN,0,0.0161,0,0,0.0,0.0,88.8,0.7,MIRING
2026-09-26T23:32:52,MATI,AMAN,0,0.015,0,0,0.0,0.0,88.8,0.8,MIRING
2026-09-26T23:32:55,MATI,AMAN,0,0.0163,0,0,0.0,0.0,88.7,0.7,MIRING
2026-09-26T23:32:57,MATI,AMAN,0,0.0166,0,0,0.0,0.0,88.8,0.8,MIRING
2026-09-26T23:32:59,MATI,AMAN,0,0.0168,0,0,0.0,0.0,88.8,0.8,MIRING
2026-09-26T23:33:02,MATI,AMAN,0,0.0161,0,0,0.0,0.0,88.7,0.8,MIRING
2026-09-26T23:33:04,MATI,AMAN,0,0.0173,0,0,0.0,0.0,88.7,0.8,MIRING
2026-09-26T23:33:07,MATI,AMAN,0,0.0148,0,0,0.0,0.0,88.8,0.8,MIRING
2026-09-26T23:33:09,MATI,AMAN,0,0.0168,0,0,0.0,0.0,88.7,0.7,MIRING
2026-09-26T23:33:12,MATI,AMAN,0,0.0169,0,0,0.0,0.0,88.8,0.8,MIRING
2026-09-26T23:33:14,MATI,AMAN,0,0.0156,0,0,0.0,0.0,88.7,0.8,MIRING
2026-09-26T23:33:16,MATI,AMAN,0,0.0155,0,0,0.0,0.0,88.7,0.8,MIRING
2026-09-26T23:33:19,MATI,AMAN,0,0.0168,0,0,0.0,0.0,88.8,0.8,MIRING
2026-09-26T23:33:21,MATI,AMAN,0,0.0159,0,0,0.0,0.0,88.8,0.8,MIRING
2026-09-26T23:33:23,MATI,AMAN,0,0.0144,0,0,0.0,0.0,88.7,0.8,MIRING
2026-09-26T23:33:26,MATI,AMAN,0,0.0129,0,0,0.0,0.0,88.7,0.8,MIRING
2026-09-26T23:33:28,MATI,AMAN,0,0.0178,0,0,0.0,0.0,88.7,0.8,MIRING
2026-09-26T23:33:30,MATI,AMAN,0,0.0151,0,0,0.0,0.0,88.7,0.8,MIRING
2026-09-26T23:33:33,MATI,AMAN,0,0.0163,0,0,0.0,0.0,88.7,0.8,MIRING
2026-09-26T23:33:35,MATI,AMAN,0,0.0178,0,0,0.0,0.0,88.7,0.8,MIRING
2026-09-26T23:33:37,MATI,AMAN,0,0.0171,0,0,0.0,0.0,88.7,0.8,MIRING
2026-09-26T23:33:40,MATI,AMAN,0,0.0157,0,0,0.0,0.0,88.8,0.8,MIRING
2026-09-26T23:33:42,MATI,AMAN,0,0.0172,0,0,0.0,0.0,88.8,0.8,MIRING
2026-09-26T23:33:44,MATI,AMAN,0,0.0153,0,0,0.0,0.0,88.6,0.8,MIRING
2026-09-26T23:33:47,MATI,AMAN,0,0.0165,0,0,0.0,0.0,88.8,0.6,MIRING
2026-09-26T23:33:49,MATI,AMAN,0,0.0163,0,0,0.0,0.0,88.7,0.8,MIRING
2026-09-26T23:33:51,MATI,AMAN,0,0.0165,0,0,0.0,0.0,88.8,0.7,MIRING
2026-09-26T23:33:54,MATI,AMAN,0,0.0173,0,0,0.0,0.0,88.7,0.8,MIRING
2026-09-26T23:33:56,MATI,AMAN,0,0.0165,0,0,0.0,0.0,88.7,0.7,MIRING
2026-09-26T23:33:58,MATI,AMAN,0,0.0152,0,0,0.0,0.0,88.8,0.8,MIRING
2026-09-26T23:34:01,MATI,AMAN,0,0.0169,0,0,0.0,0.0,88.7,0.8,MIRING
2026-09-26T23:34:04,MATI,AMAN,0,0.0176,0,0,0.0,0.0,88.7,0.8,MIRING
2026-09-26T23:34:06,MATI,AMAN,0,0.0162,0,0,0.0,0.0,88.8,0.8,MIRING
2026-09-26T23:34:08,MATI,AMAN,0,0.0159,0,0,0.0,0.0,88.7,0.8,MIRING
2026-09-26T23:34:11,MATI,AMAN,0,0.017,0,0,0.0,0.0,88.8,0.8,MIRING
2026-09-26T23:34:13,MATI,AMAN,0,0.0156,0,0,0.0,0.0,88.7,0.8,MIRING
2026-09-26T23:34:15,MATI,AMAN,0,0.0159,0,0,0.0,0.0,88.8,0.8,MIRING
2026-09-26T23:34:18,MATI,AMAN,0,0.0165,0,0,0.0,0.0,88.8,0.7,MIRING
2026-09-26T23:34:20,MATI,AMAN,0,0.0163,0,0,0.0,0.0,88.7,0.7,MIRING
2026-09-26T23:34:22,MATI,AMAN,0,0.0154,0,0,0.0,0.0,88.8,0.7,MIRING
2026-09-26T23:34:25,MATI,AMAN,0,0.0154,0,0,0.0,0.0,88.8,0.7,MIRING
2026-09-26T23:34:27,MATI,AMAN,0,0.0173,0,0,0.0,0.0,88.7,0.8,MIRING
2026-09-26T23:34:30,MATI,AMAN,0,0.0167,0,0,0.0,0.0,88.7,0.8,MIRING
2026-09-26T23:34:32,MATI,AMAN,0,0.017,0,0,0.0,0.0,88.8,0.8,MIRING
2026-09-26T23:34:34,MATI,AMAN,0,0.0177,0,0,0.0,0.0,88.7,0.8,MIRING
2026-09-26T23:34:37,MATI,AMAN,0,0.0168,0,0,0.0,0.0,88.7,0.8,MIRING
2026-09-26T23:34:39,MATI,AMAN,0,0.0161,0,0,0.0,0.0,88.8,0.7,MIRING
2026-09-26T23:34:41,MATI,AMAN,0,0.0165,0,0,0.0,0.0,88.8,0.8,MIRING
2026-09-26T23:34:44,MATI,AMAN,0,0.0173,0,0,0.0,0.0,88.7,0.7,MIRING
2026-09-26T23:34:46,ON,IDLE,0,0.0331,0,0,0.0,0.0,88.8,0.8,MIRING
2026-09-26T23:34:49,MATI,AMAN,0,0.0168,0,0,0.0,0.0,88.8,0.7,MIRING
2026-09-26T23:34:51,MATI,AMAN,0,0.0162,0,0,0.0,0.0,88.7,0.8,MIRING
2026-09-26T23:34:54,MATI,AMAN,0,0.0158,0,0,0.0,0.0,88.7,0.8,MIRING
2026-09-26T23:34:56,MATI,AMAN,0,0.0164,0,0,0.0,0.0,88.8,0.7,MIRING
2026-09-26T23:34:58,MATI,AMAN,0,0.0163,0,0,0.0,0.0,88.8,0.7,MIRING
2026-09-26T23:35:01,MATI,AMAN,0,0.0164,0,0,0.0,0.0,88.8,0.7,MIRING
2026-09-26T23:35:03,MATI,AMAN,0,0.0158,0,0,0.0,0.0,88.8,0.8,MIRING
2026-09-26T23:35:06,MATI,AMAN,0,0.0168,0,0,0.0,0.0,88.7,0.8,MIRING
2026-09-26T23:35:08,MATI,AMAN,0,0.0167,0,0,0.0,0.0,88.8,0.7,MIRING
2026-09-26T23:35:11,MATI,AMAN,0,0.016,0,0,0.0,0.0,88.7,0.8,MIRING
2026-09-26T23:35:13,MATI,AMAN,0,0.0163,0,0,0.0,0.0,88.7,0.8,MIRING
2026-09-26T23:35:15,MATI,AMAN,0,0.0165,0,0,0.0,0.0,88.8,0.7,MIRING
2026-09-26T23:35:18,MATI,AMAN,0,0.0169,0,0,0.0,0.0,88.7,0.7,MIRING
2026-09-26T23:35:20,MATI,AMAN,0,0.0162,0,0,0.0,0.0,88.8,0.8,MIRING
2026-09-26T23:35:22,MATI,AMAN,0,0.0153,0,0,0.0,0.0,88.8,0.8,MIRING
2026-09-26T23:35:25,MATI,AMAN,0,0.0162,0,0,0.0,0.0,88.8,0.8,MIRING
2026-09-26T23:35:27,MATI,AMAN,0,0.0167,0,0,0.0,0.0,88.8,0.7,MIRING
2026-09-26T23:35:29,MATI,AMAN,0,0.0162,0,0,0.0,0.0,88.7,0.8,MIRING
2026-09-26T23:35:32,MATI,AMAN,0,0.0165,0,0,0.0,0.0,88.7,0.8,MIRING
2026-09-26T23:35:34,MATI,AMAN,0,0.0167,0,0,0.0,0.0,88.8,0.7,MIRING
2026-09-26T23:35:37,MATI,AMAN,0,0.017,0,0,0.0,0.0,88.7,0.8,MIRING
2026-09-26T23:35:39,MATI,AMAN,0,0.0167,0,0,0.0,0.0,88.7,0.8,MIRING
2026-09-26T23:35:42,MATI,AMAN,0,0.0171,0,0,0.0,0.0,88.9,0.8,MIRING
2026-09-26T23:35:44,MATI,AMAN,0,0.0173,0,0,0.0,0.0,88.7,0.8,MIRING
2026-09-26T23:35:47,MATI,AMAN,0,0.0159,0,0,0.0,0.0,88.7,0.7,MIRING
2026-09-26T23:35:49,MATI,AMAN,0,0.0164,0,0,0.0,0.0,88.8,0.8,MIRING
2026-09-26T23:35:51,MATI,AMAN,0,0.015,0,0,0.0,0.0,88.8,0.7,MIRING
2026-09-26T23:35:55,MATI,AMAN,0,0.0259,0,0,0.0,0.0,88.9,0.8,MIRING
2026-09-26T23:35:58,MATI,AMAN,0,0.0167,0,0,0.0,0.0,88.7,0.8,MIRING
2026-09-26T23:36:02,MATI,AMAN,0,0.017,0,0,0.0,0.0,88.7,0.9,MIRING
2026-09-26T23:36:04,MATI,AMAN,0,0.0156,0,0,0.0,0.0,88.8,0.8,MIRING
2026-09-26T23:36:07,MATI,AMAN,0,0.0167,0,0,0.0,0.0,88.8,0.7,MIRING
2026-09-26T23:36:09,MATI,AMAN,0,0.0158,0,0,0.0,0.0,88.7,0.8,MIRING
2026-09-26T23:36:12,MATI,AMAN,0,0.0153,0,0,0.0,0.0,88.8,0.7,MIRING
2026-09-26T23:36:15,MATI,AMAN,0,0.0168,0,0,0.0,0.0,88.7,0.7,MIRING
2026-09-26T23:36:20,MATI,AMAN,0,0.0164,0,0,0.0,0.0,88.9,0.7,MIRING
2026-09-26T23:36:25,MATI,AMAN,0,0.0177,0,0,0.0,0.0,88.7,0.9,MIRING
2026-09-26T23:36:30,MATI,AMAN,0,0.0171,0,0,0.0,0.0,88.7,0.7,MIRING
2026-09-26T23:36:35,MATI,AMAN,0,0.0161,0,0,0.0,0.0,88.7,0.8,MIRING
2026-09-26T23:36:40,MATI,AMAN,0,0.0146,0,0,0.0,0.0,87.8,1.1,MIRING
2026-09-26T23:36:45,MATI,AMAN,0,0.0156,0,0,0.0,0.0,87.1,1.4,MIRING
2026-09-26T23:36:50,MATI,AMAN,0,0.0137,0,0,0.0,0.0,87.6,1.3,MIRING
2026-09-26T23:36:55,MATI,AMAN,0,0.0167,0,0,0.0,0.0,88.5,0.8,MIRING
2026-09-26T23:37:00,MATI,AMAN,0,0.0162,0,0,0.0,0.0,88.6,0.8,MIRING
2026-09-26T23:37:05,MATI,AMAN,0,0.0157,0,0,0.0,0.0,88.6,0.8,MIRING
2026-09-26T23:37:11,MATI,AMAN,0,0.018,0,0,0.0,0.0,88.6,0.8,MIRING
2026-09-26T23:37:15,MATI,AMAN,0,0.0164,0,0,0.0,0.0,88.6,0.9,MIRING
2026-09-26T23:37:18,MATI,AMAN,0,0.0174,0,0,0.0,0.0,88.6,0.9,MIRING
2026-09-26T23:37:20,MATI,AMAN,0,0.0162,0,0,0.0,0.0,88.6,0.8,MIRING
2026-09-26T23:37:23,MATI,AMAN,0,0.0149,0,0,0.0,0.0,88.7,0.8,MIRING
2026-09-26T23:37:25,MATI,AMAN,0,0.0162,0,0,0.0,0.0,88.6,0.8,MIRING
2026-09-26T23:37:28,MATI,AMAN,0,0.0163,0,0,0.0,0.0,88.7,0.8,MIRING
2026-09-26T23:37:31,MATI,AMAN,0,0.0227,0,0,0.0,0.0,88.7,0.8,MIRING
2026-09-26T23:37:33,MATI,AMAN,0,0.0171,0,0,0.0,0.0,88.6,0.8,MIRING
2026-09-26T23:37:36,MATI,AMAN,0,0.0158,0,0,0.0,0.0,88.6,0.8,MIRING
2026-09-26T23:37:39,MATI,AMAN,0,0.0167,0,0,0.0,0.0,88.3,1.0,MIRING
2026-09-26T23:37:42,MATI,AMAN,0,0.0158,0,0,0.0,0.0,88.6,0.8,MIRING
2026-09-26T23:37:44,MATI,AMAN,0,0.0144,0,0,0.0,0.0,88.6,0.8,MIRING
2026-09-26T23:37:47,MATI,AMAN,0,0.0166,0,0,0.0,0.0,88.6,0.9,MIRING
2026-09-26T23:37:50,MATI,AMAN,0,0.0172,0,0,0.0,0.0,88.2,0.8,MIRING
2026-09-26T23:37:52,MATI,AMAN,0,0.0174,0,0,0.0,0.0,88.7,0.8,MIRING
2026-09-26T23:37:54,MATI,AMAN,0,0.0151,0,0,0.0,0.0,88.7,0.9,MIRING
2026-09-26T23:37:57,MATI,AMAN,0,0.0165,0,0,0.0,0.0,88.6,0.8,MIRING
2026-09-26T23:37:59,MATI,AMAN,0,0.0156,0,0,0.0,0.0,88.7,0.8,MIRING
2026-09-26T23:38:02,MATI,AMAN,0,0.0164,0,0,0.0,0.0,88.6,0.8,MIRING
2026-09-26T23:38:04,MATI,AMAN,0,0.0164,0,0,0.0,0.0,88.6,0.8,MIRING
2026-09-26T23:38:06,MATI,AMAN,0,0.0171,0,0,0.0,0.0,88.6,0.8,MIRING
2026-09-26T23:38:09,MATI,AMAN,0,0.0156,0,0,0.0,0.0,88.6,0.8,MIRING
2026-09-26T23:38:11,MATI,AMAN,0,0.0151,0,0,0.0,0.0,88.6,0.7,MIRING
2026-09-26T23:38:14,MATI,AMAN,0,0.0145,0,0,0.0,0.0,88.6,0.9,MIRING
2026-09-26T23:38:16,ON,IDLE,0,0.0311,0,0,0.0,0.0,88.6,0.8,MIRING
2026-09-26T23:38:19,MATI,AMAN,0,0.016,0,0,0.0,0.0,88.6,0.8,MIRING
2026-09-26T23:38:21,MATI,AMAN,0,0.0163,0,0,0.0,0.0,88.6,0.8,MIRING
2026-09-26T23:38:23,MATI,AMAN,0,0.015,0,0,0.0,0.0,88.7,0.8,MIRING
2026-09-26T23:38:26,MATI,AMAN,0,0.0169,0,0,0.0,0.0,88.7,0.8,MIRING
2026-09-26T23:38:28,MATI,AMAN,0,0.0286,0,0,0.0,0.0,88.7,0.8,MIRING
2026-09-26T23:38:31,MATI,AMAN,0,0.0288,0,0,0.0,0.0,88.6,0.8,MIRING
2026-09-26T23:38:33,MATI,AMAN,0,0.0159,0,0,0.0,0.0,88.6,0.7,MIRING
2026-09-26T23:38:35,MATI,AMAN,0,0.016,0,0,0.0,0.0,88.6,0.8,MIRING
2026-09-26T23:38:38,MATI,AMAN,0,0.0238,0,0,0.0,0.0,88.7,0.8,MIRING
2026-09-26T23:38:40,MATI,AMAN,0,0.0169,0,0,0.0,0.0,88.6,0.8,MIRING
2026-09-26T23:38:43,MATI,AMAN,0,0.0167,0,0,0.0,0.0,88.7,0.8,MIRING
2026-09-26T23:38:45,MATI,AMAN,0,0.0167,0,0,0.0,0.0,88.6,0.8,MIRING
2026-09-26T23:38:47,MATI,AMAN,0,0.0159,0,0,0.0,0.0,88.7,0.8,MIRING
2026-09-26T23:38:50,MATI,AMAN,0,0.0127,0,0,0.0,0.0,88.7,0.8,MIRING
2026-09-26T23:38:52,MATI,AMAN,0,0.0156,0,0,0.0,0.0,88.7,0.8,MIRING
2026-09-26T23:38:54,MATI,AMAN,0,0.0169,0,0,0.0,0.0,88.7,0.8,MIRING
2026-09-26T23:38:57,MATI,AMAN,0,0.0159,0,0,0.0,0.0,88.6,0.8,MIRING
2026-09-26T23:38:59,MATI,AMAN,0,0.0173,0,0,0.0,0.0,88.6,0.8,MIRING
2026-09-26T23:39:02,ON,IDLE,0,0.0788,0,0,0.0,0.0,88.6,0.8,MIRING
2026-09-26T23:39:04,MATI,AMAN,0,0.0166,0,0,0.0,0.0,88.6,0.8,MIRING
2026-09-26T23:39:06,MATI,AMAN,0,0.0164,0,0,0.0,0.0,88.6,0.8,MIRING
2026-09-26T23:39:09,MATI,AMAN,0,0.016,0,0,0.0,0.0,88.6,0.8,MIRING
2026-09-26T23:39:11,MATI,AMAN,0,0.0169,0,0,0.0,0.0,88.6,0.9,MIRING
2026-09-26T23:39:13,MATI,AMAN,0,0.0173,0,0,0.0,0.0,88.7,0.8,MIRING
2026-09-26T23:39:16,MATI,AMAN,0,0.016,0,0,0.0,0.0,88.7,0.8,MIRING
2026-09-26T23:39:18,MATI,AMAN,0,0.0164,0,0,0.0,0.0,88.6,0.8,MIRING
2026-09-26T23:39:20,MATI,AMAN,0,0.015,0,0,0.0,0.0,88.7,0.5,MIRING
2026-09-26T23:39:23,MATI,AMAN,0,0.0155,0,0,0.0,0.0,88.8,0.7,MIRING
2026-09-26T23:39:25,MATI,AMAN,0,0.0154,0,0,0.0,0.0,88.4,1.3,MIRING
2026-09-26T23:39:27,MATI,AMAN,0,0.0176,0,0,0.0,0.0,88.5,0.8,MIRING
2026-09-26T23:39:30,MATI,AMAN,0,0.0168,0,0,0.0,0.0,88.8,0.3,MIRING
2026-09-26T23:39:32,MATI,AMAN,0,0.0172,0,0,0.0,0.0,88.6,0.7,MIRING
2026-09-26T23:39:35,MATI,AMAN,0,0.0158,0,0,0.0,0.0,88.8,0.7,MIRING
2026-09-26T23:39:37,MATI,AMAN,0,0.0157,0,0,0.0,0.0,88.9,0.5,MIRING
2026-09-26T23:39:39,MATI,AMAN,0,0.015,0,0,0.0,0.0,88.8,0.6,MIRING
2026-09-26T23:39:42,MATI,AMAN,0,0.0157,0,0,0.0,0.0,88.8,0.4,MIRING
2026-09-26T23:39:44,MATI,AMAN,0,0.0174,0,0,0.0,0.0,88.8,0.4,MIRING
2026-09-26T23:39:47,MATI,AMAN,0,0.017,0,0,0.0,0.0,88.7,0.8,MIRING
2026-09-26T23:39:49,MATI,AMAN,0,0.0163,0,0,0.0,0.0,88.6,0.8,MIRING
2026-09-26T23:39:51,MATI,AMAN,0,0.015,0,0,0.0,0.0,88.7,0.8,MIRING
2026-09-26T23:39:54,MATI,AMAN,0,0.0154,0,0,0.0,0.0,88.6,0.9,MIRING
2026-09-26T23:39:56,MATI,AMAN,0,0.0164,0,0,0.0,0.0,88.7,0.8,MIRING
2026-09-27T00:20:36,MATI,AMAN,0,0.0153,0,0,0.0,0.0,0.1,-0.0,NORMAL
2026-09-27T00:20:38,MATI,AMAN,0,0.0173,0,0,0.0,0.0,0.1,0.0,NORMAL
2026-09-27T00:20:40,MATI,AMAN,0,0.0158,0,0,0.0,0.0,0.1,-0.1,NORMAL
2026-09-27T00:20:41,MATI,AMAN,0,0.0163,0,0,0.0,0.0,0.1,-0.0,NORMAL
2026-09-27T00:20:43,MATI,AMAN,0,0.0163,0,0,0.0,0.0,0.0,0.1,NORMAL
2026-09-27T00:20:45,MATI,AMAN,0,0.0154,0,0,0.0,0.0,0.1,0.0,NORMAL
2026-09-27T00:20:46,MATI,AMAN,0,0.0169,0,0,0.0,0.0,0.1,0.0,NORMAL
2026-09-27T00:20:48,MATI,AMAN,0,0.0159,0,0,0.0,0.0,0.1,0.0,NORMAL
2026-09-27T00:20:49,MATI,AMAN,0,0.0155,0,0,0.0,0.0,0.2,0.0,NORMAL
2026-09-27T00:20:51,MATI,AMAN,0,0.0172,0,0,0.0,0.0,0.1,-0.0,NORMAL
2026-09-27T00:20:53,MATI,AMAN,0,0.0165,0,0,0.0,0.0,0.1,0.0,NORMAL
2026-09-27T00:20:54,MATI,AMAN,0,0.0165,0,0,0.0,0.0,0.1,0.0,NORMAL
2026-09-27T00:20:56,ON,IDLE,0,0.0314,0,0,0.0,0.0,0.2,-0.1,NORMAL
2026-09-27T00:20:58,MATI,AMAN,0,0.0174,0,0,0.0,0.0,0.1,0.1,NORMAL
2026-09-27T00:20:59,MATI,AMAN,0,0.0162,0,0,0.0,0.0,0.1,0.0,NORMAL
2026-09-27T00:21:01,MATI,AMAN,0,0.0168,0,0,0.0,0.0,0.1,0.0,NORMAL
2026-09-27T00:21:03,MATI,AMAN,0,0.015,0,0,0.0,0.0,0.1,0.1,NORMAL
2026-09-27T00:21:04,MATI,AMAN,0,0.0154,0,0,0.0,0.0,0.1,0.0,NORMAL
2026-09-27T00:21:06,MATI,AMAN,0,0.0165,0,0,0.0,0.0,0.2,-0.0,NORMAL
2026-09-27T00:21:08,MATI,AMAN,0,0.0143,0,0,0.0,0.0,0.2,-0.1,NORMAL
2026-09-27T00:21:09,MATI,AMAN,0,0.0156,0,0,0.0,0.0,0.1,-0.0,NORMAL
2026-09-27T00:21:11,MATI,AMAN,0,0.0149,0,0,0.0,0.0,0.1,-0.0,NORMAL
2026-09-27T00:21:13,MATI,AMAN,0,0.0159,0,0,0.0,0.0,0.1,0.0,NORMAL
2026-09-27T00:21:14,MATI,AMAN,0,0.0158,0,0,0.0,0.0,0.1,0.0,NORMAL
2026-09-27T00:21:16,MATI,AMAN,0,0.0162,0,0,0.0,0.0,0.2,-0.1,NORMAL
2026-09-27T00:21:18,MATI,AMAN,0,0.0157,0,0,0.0,0.0,0.2,-0.0,NORMAL
2026-09-27T00:21:19,ON,AMAN,0,0.3486,0,0,0.0,0.0,-0.0,-0.0,NORMAL
2026-09-27T00:21:21,ON,AMAN,0,0.4935,0,0,0.0,0.0,-0.1,-0.1,NORMAL
2026-09-27T00:21:23,MATI,AMAN,0,0.0163,0,0,0.0,0.0,0.1,-0.0,NORMAL
2026-09-27T00:21:24,MATI,AMAN,0,0.0169,0,0,0.0,0.0,0.1,-0.0,NORMAL
2026-09-27T00:21:26,MATI,AMAN,0,0.0162,0,0,0.0,0.0,0.1,0.1,NORMAL
2026-09-27T00:21:28,MATI,AMAN,0,0.0169,0,0,0.0,0.0,0.1,0.0,NORMAL
2026-09-27T00:21:29,MATI,AMAN,0,0.0169,0,0,0.0,0.0,0.1,0.1,NORMAL
2026-09-27T00:21:31,ON,IDLE,0,0.0782,0,0,0.0,0.0,-0.0,0.2,NORMAL
2026-09-27T00:21:33,ON,AMAN,0,0.3821,0,0,0.0,0.0,0.0,-0.0,NORMAL
2026-09-27T00:21:34,ON,IDLE,0,0.1796,0,0,0.0,0.0,-0.0,0.0,NORMAL
2026-09-27T00:21:36,ON,AMAN,0,0.2814,0,0,0.0,0.0,-0.1,0.1,NORMAL
2026-09-27T00:21:38,ON,AMAN,0,0.3737,0,0,0.0,0.0,0.1,0.1,NORMAL
2026-09-27T00:21:39,ON,AMAN,0,0.5284,0,0,0.0,0.0,0.1,0.0,NORMAL
2026-09-27T00:21:41,ON,AMAN,0,0.4939,0,0,0.0,0.0,-0.3,0.0,NORMAL
2026-09-27T00:21:43,ON,AMAN,0,0.6812,0,0,0.0,0.0,0.1,0.0,NORMAL
2026-09-27T00:21:44,ON,AMAN,0,0.5426,0,0,0.0,0.0,0.1,-0.0,NORMAL
2026-09-27T00:21:46,ON,IDLE,0,0.0385,0,0,0.0,0.0,-0.1,0.2,NORMAL
2026-09-27T00:21:48,MATI,AMAN,0,0.0219,0,0,0.0,0.0,0.1,0.0,NORMAL
2026-09-27T00:21:49,MATI,AMAN,0,0.0157,0,0,0.0,0.0,0.1,0.0,NORMAL
2026-09-27T00:21:51,MATI,AMAN,0,0.0172,0,0,0.0,0.0,0.1,0.0,NORMAL
2026-09-27T00:21:52,ON,AMAN,0,0.4548,0,0,0.0,0.0,-0.3,0.2,NORMAL
2026-09-27T00:21:54,ON,AMAN,0,0.7952,0,0,0.0,0.0,0.1,-0.2,NORMAL
2026-09-27T00:21:56,ON,AMAN,0,0.3576,0,0,0.0,0.0,0.2,0.0,NORMAL
2026-09-27T00:21:57,MATI,AMAN,0,0.0166,0,0,0.0,0.0,0.1,0.1,NORMAL
2026-09-27T00:21:59,MATI,AMAN,0,0.0174,0,0,0.0,0.0,0.0,0.1,NORMAL
2026-09-27T00:22:01,MATI,AMAN,0,0.0176,0,0,0.0,0.0,0.1,-0.3,NORMAL
2026-09-27T00:22:02,MATI,AMAN,0,0.0221,0,0,0.0,0.0,-4.4,-6.6,NORMAL
2026-09-27T00:22:04,MATI,AMAN,0,0.0252,0,0,0.0,0.0,-10.5,-12.7,MIRING
2026-09-27T00:22:06,MATI,AMAN,0,0.0168,0,0,0.0,0.0,-12.1,-14.1,MIRING
2026-09-27T00:22:07,MATI,AMAN,0,0.0154,0,0,0.0,0.0,-12.2,-14.2,MIRING
2026-09-27T00:22:09,MATI,AMAN,0,0.0238,0,0,0.0,0.0,-13.3,-15.1,MIRING
2026-09-27T00:22:11,MATI,AMAN,0,0.0154,0,0,0.0,0.0,-7.5,-9.5,NORMAL
2026-09-27T00:22:12,MATI,AMAN,0,0.0188,0,0,0.0,0.0,-1.0,-3.2,NORMAL
2026-09-27T00:22:14,MATI,AMAN,0,0.0169,0,0,0.0,0.0,-1.1,0.4,NORMAL
2026-09-27T00:22:16,MATI,AMAN,0,0.0162,0,0,0.0,0.0,-1.1,0.4,NORMAL
2026-09-27T00:22:18,MATI,AMAN,0,0.0156,0,0,0.0,0.0,-1.0,0.3,NORMAL
2026-09-27T00:22:19,MATI,AMAN,0,0.0165,0,0,0.0,0.0,-0.9,0.3,NORMAL
2026-09-27T00:22:21,MATI,AMAN,0,0.0218,0,0,0.0,0.0,-1.0,0.3,NORMAL
2026-09-27T00:22:22,MATI,AMAN,0,0.0169,0,0,0.0,0.0,-0.9,0.3,NORMAL
2026-09-27T00:22:24,MATI,AMAN,0,0.0182,0,0,0.0,0.0,-1.0,0.4,NORMAL
2026-09-27T00:22:26,MATI,AMAN,0,0.0164,0,0,0.0,0.0,-1.0,0.4,NORMAL
2026-09-27T00:22:28,MATI,AMAN,0,0.0134,0,0,0.0,0.0,-1.0,0.4,NORMAL
2026-09-27T00:22:30,MATI,AMAN,0,0.0294,0,0,0.0,0.0,-1.0,0.3,NORMAL
2026-09-27T00:22:31,MATI,AMAN,0,0.0166,0,0,0.0,0.0,-1.0,0.4,NORMAL
2026-09-27T00:22:33,MATI,AMAN,0,0.0162,0,0,0.0,0.0,-0.9,0.3,NORMAL
2026-09-27T00:22:34,MATI,AMAN,0,0.0162,0,0,0.0,0.0,-1.0,0.3,NORMAL
2026-09-27T00:22:36,MATI,AMAN,0,0.0239,0,0,0.0,0.0,-0.9,0.4,NORMAL
2026-09-27T00:22:38,MATI,AMAN,0,0.017,0,0,0.0,0.0,-1.0,0.3,NORMAL
2026-09-27T00:22:39,MATI,AMAN,0,0.0174,0,0,0.0,0.0,-0.9,0.3,NORMAL
2026-09-27T00:22:41,MATI,AMAN,0,0.0163,0,0,0.0,0.0,-1.0,0.4,NORMAL
2026-09-27T00:22:43,MATI,AMAN,0,0.0155,0,0,0.0,0.0,-0.9,0.3,NORMAL
2026-09-27T00:22:44,MATI,AMAN,0,0.0181,0,0,0.0,0.0,-1.0,0.3,NORMAL
2026-09-27T00:22:46,MATI,AMAN,0,0.0169,0,0,0.0,0.0,-1.0,0.4,NORMAL
2026-09-27T00:22:48,MATI,AMAN,0,0.0164,0,0,0.0,0.0,-1.0,0.3,NORMAL
2026-09-27T00:22:49,MATI,AMAN,0,0.0172,0,0,0.0,0.0,-1.0,0.4,NORMAL
2026-09-27T00:22:51,MATI,AMAN,0,0.0164,0,0,0.0,0.0,-0.9,0.3,NORMAL
2026-09-27T00:22:53,MATI,AMAN,0,0.0165,0,0,0.0,0.0,-1.0,0.4,NORMAL
2026-09-27T00:22:54,MATI,AMAN,0,0.0173,0,0,0.0,0.0,-1.0,0.4,NORMAL
2026-09-27T00:22:56,MATI,AMAN,0,0.0166,0,0,0.0,0.0,-1.0,0.4,NORMAL
2026-09-27T00:22:58,MATI,AMAN,0,0.0161,0,0,0.0,0.0,-1.0,0.4,NORMAL
2026-09-27T00:22:59,MATI,AMAN,0,0.0165,0,0,0.0,0.0,-1.0,0.3,NORMAL
2026-09-27T00:23:01,MATI,AMAN,0,0.0151,0,0,0.0,0.0,-1.0,0.4,NORMAL
2026-09-27T00:23:03,MATI,AMAN,0,0.0174,0,0,0.0,0.0,-1.0,0.4,NORMAL
2026-09-27T00:23:04,MATI,AMAN,0,0.0121,0,0,0.0,0.0,-1.0,0.3,NORMAL
2026-09-27T00:23:06,MATI,AMAN,0,0.0165,0,0,0.0,0.0,-0.9,0.4,NORMAL
2026-09-27T00:23:08,MATI,AMAN,0,0.0174,0,0,0.0,0.0,-1.0,0.4,NORMAL
2026-09-27T00:23:10,MATI,AMAN,0,0.0158,0,0,0.0,0.0,-1.0,0.3,NORMAL
2026-09-27T00:23:11,MATI,AMAN,0,0.0161,0,0,0.0,0.0,-1.0,0.4,NORMAL
2026-09-27T00:23:13,MATI,AMAN,0,0.0159,0,0,0.0,0.0,-1.0,0.3,NORMAL
2026-09-27T00:23:15,MATI,AMAN,0,0.0148,0,0,0.0,0.0,-1.0,0.4,NORMAL
2026-09-27T00:23:16,MATI,AMAN,0,0.0177,0,0,0.0,0.0,-1.0,0.4,NORMAL
2026-09-27T00:23:18,MATI,AMAN,0,0.0155,0,0,0.0,0.0,-1.0,0.4,NORMAL
2026-09-27T00:23:20,MATI,AMAN,0,0.0166,0,0,0.0,0.0,-1.0,0.4,NORMAL
2026-09-27T00:23:21,MATI,AMAN,0,0.0168,0,0,0.0,0.0,-0.9,0.3,NORMAL
2026-09-27T00:23:23,MATI,AMAN,0,0.0235,0,0,0.0,0.0,-1.0,0.4,NORMAL
2026-09-27T00:23:24,MATI,AMAN,0,0.016,0,0,0.0,0.0,-1.0,0.4,NORMAL
2026-09-27T00:23:26,MATI,AMAN,0,0.0173,0,0,0.0,0.0,-1.0,0.4,NORMAL
2026-09-27T00:23:28,MATI,AMAN,0,0.0264,0,0,0.0,0.0,-1.0,0.4,NORMAL
2026-09-27T00:23:29,MATI,AMAN,0,0.0168,0,0,0.0,0.0,-0.9,0.4,NORMAL
2026-09-27T00:23:31,MATI,AMAN,0,0.0173,0,0,0.0,0.0,-1.0,0.3,NORMAL
2026-09-27T00:23:33,MATI,AMAN,0,0.017,0,0,0.0,0.0,-1.0,0.3,NORMAL
2026-09-27T00:23:34,MATI,AMAN,0,0.0116,0,0,0.0,0.0,-0.9,0.3,NORMAL
2026-09-27T00:23:36,MATI,AMAN,0,0.0169,0,0,0.0,0.0,-1.0,0.4,NORMAL
2026-09-27T00:23:38,MATI,AMAN,0,0.0177,0,0,0.0,0.0,-0.9,0.3,NORMAL
2026-09-27T00:23:39,MATI,AMAN,0,0.015,0,0,0.0,0.0,-1.0,0.4,NORMAL
2026-09-27T00:23:41,MATI,AMAN,0,0.0179,0,0,0.0,0.0,-1.0,0.3,NORMAL
2026-09-27T00:23:43,MATI,AMAN,0,0.0171,0,0,0.0,0.0,-1.0,0.3,NORMAL
2026-09-27T00:23:44,MATI,AMAN,0,0.0176,0,0,0.0,0.0,-0.9,0.3,NORMAL
2026-09-27T00:23:46,MATI,AMAN,0,0.0156,0,0,0.0,0.0,-0.9,0.3,NORMAL
2026-09-27T00:23:48,MATI,AMAN,0,0.0153,0,0,0.0,0.0,-1.0,0.4,NORMAL
2026-09-27T00:23:49,MATI,AMAN,0,0.0166,0,0,0.0,0.0,-1.0,0.3,NORMAL
2026-09-27T00:23:51,MATI,AMAN,0,0.0141,0,0,0.0,0.0,-1.0,0.3,NORMAL
2026-09-27T00:23:53,MATI,AMAN,0,0.0145,0,0,0.0,0.0,-1.0,0.4,NORMAL
2026-09-27T00:23:54,MATI,AMAN,0,0.0165,0,0,0.0,0.0,-1.0,0.4,NORMAL
2026-09-27T00:23:56,MATI,AMAN,0,0.0236,0,0,0.0,0.0,-1.0,0.4,NORMAL
2026-09-27T00:23:58,MATI,AMAN,0,0.0177,0,0,0.0,0.0,-1.0,0.4,NORMAL
2026-09-27T00:23:59,MATI,AMAN,0,0.0165,0,0,0.0,0.0,-1.0,0.4,NORMAL
2026-09-27T00:24:01,MATI,AMAN,0,0.0166,0,0,0.0,0.0,-1.0,0.3,NORMAL
2026-09-27T00:24:03,MATI,AMAN,0,0.0158,0,0,0.0,0.0,-1.0,0.4,NORMAL
2026-09-27T00:24:04,MATI,AMAN,0,0.0166,0,0,0.0,0.0,-0.9,0.4,NORMAL
2026-09-27T00:24:06,MATI,AMAN,0,0.0158,0,0,0.0,0.0,-1.0,0.4,NORMAL
2026-09-27T00:24:07,MATI,AMAN,0,0.016,0,0,0.0,0.0,-1.0,0.4,NORMAL
2026-09-27T00:24:09,MATI,AMAN,0,0.0169,0,0,0.0,0.0,-1.0,0.3,NORMAL
2026-09-27T00:24:11,MATI,AMAN,0,0.0281,0,0,0.0,0.0,-1.0,0.3,NORMAL
2026-09-27T00:24:12,MATI,AMAN,0,0.0158,0,0,0.0,0.0,-1.0,0.4,NORMAL
2026-09-27T00:24:14,MATI,AMAN,0,0.0181,0,0,0.0,0.0,-0.9,0.4,NORMAL
2026-09-27T00:24:16,MATI,AMAN,0,0.0292,0,0,0.0,0.0,-1.0,0.4,NORMAL
2026-09-27T00:24:17,MATI,AMAN,0,0.0174,0,0,0.0,0.0,-1.0,0.4,NORMAL
2026-09-27T00:24:19,MATI,AMAN,0,0.0152,0,0,0.0,0.0,-1.0,0.4,NORMAL
2026-09-27T00:24:20,MATI,AMAN,0,0.0146,0,0,0.0,0.0,-1.0,0.3,NORMAL
2026-09-27T00:24:22,ON,IDLE,0,0.0324,0,0,0.0,0.0,-0.9,0.3,NORMAL
2026-09-27T00:24:24,MATI,AMAN,0,0.0162,0,0,0.0,0.0,-1.0,0.4,NORMAL
2026-09-27T00:24:25,MATI,AMAN,0,0.0165,0,0,0.0,0.0,-1.0,0.3,NORMAL
2026-09-27T00:24:27,MATI,AMAN,0,0.0168,0,0,0.0,0.0,-1.0,0.3,NORMAL
2026-09-27T00:24:29,MATI,AMAN,0,0.0159,0,0,0.0,0.0,-1.0,0.4,NORMAL
2026-09-27T00:24:31,MATI,AMAN,0,0.0171,0,0,0.0,0.0,-1.1,0.4,NORMAL
2026-09-27T00:24:32,MATI,AMAN,0,0.0168,0,0,0.0,0.0,-1.0,0.3,NORMAL
2026-09-27T00:24:34,MATI,AMAN,0,0.0178,0,0,0.0,0.0,-1.0,0.3,NORMAL
2026-09-27T00:24:35,MATI,AMAN,0,0.0148,0,0,0.0,0.0,-1.0,0.4,NORMAL
2026-09-27T00:24:37,MATI,AMAN,0,0.0182,0,0,0.0,0.0,-1.0,0.4,NORMAL
2026-09-27T00:24:39,MATI,AMAN,0,0.0165,0,0,0.0,0.0,-1.0,0.4,NORMAL
2026-09-27T00:24:41,MATI,AMAN,0,0.0163,0,0,0.0,0.0,-1.0,0.4,NORMAL
2026-09-27T00:24:42,MATI,AMAN,0,0.0164,0,0,0.0,0.0,-0.9,0.3,NORMAL
2026-09-27T00:24:44,MATI,AMAN,0,0.0131,0,0,0.0,0.0,-1.0,0.3,NORMAL
2026-09-27T00:24:46,MATI,AMAN,0,0.0147,0,0,0.0,0.0,-1.0,0.2,NORMAL
2026-09-27T00:24:48,MATI,AMAN,0,0.0272,0,0,0.0,0.0,-1.2,0.7,NORMAL
2026-09-27T00:24:49,MATI,AMAN,0,0.0168,0,0,0.0,0.0,-1.1,0.5,NORMAL
2026-09-27T00:24:51,MATI,AMAN,0,0.0179,0,0,0.0,0.0,-0.9,0.2,NORMAL
2026-09-27T00:24:53,MATI,AMAN,0,0.0164,0,0,0.0,0.0,-0.9,0.1,NORMAL
2026-09-27T00:24:54,MATI,AMAN,0,0.0166,0,0,0.0,0.0,-0.7,-0.2,NORMAL
2026-09-27T00:24:56,MATI,AMAN,0,0.0151,0,0,0.0,0.0,-1.0,0.5,NORMAL
2026-09-27T00:24:58,MATI,AMAN,0,0.0156,0,0,0.0,0.0,-0.9,0.4,NORMAL
2026-09-27T00:24:59,MATI,AMAN,0,0.019,0,0,0.0,0.0,-1.3,0.8,NORMAL
2026-09-27T00:25:01,MATI,AMAN,0,0.0177,0,0,0.0,0.0,-1.1,0.3,NORMAL
2026-09-27T00:25:03,MATI,AMAN,0,0.0176,0,0,0.0,0.0,-1.0,0.3,NORMAL
2026-09-27T00:25:05,MATI,AMAN,0,0.0169,0,0,0.0,0.0,-1.1,0.3,NORMAL
2026-09-27T00:25:06,MATI,AMAN,0,0.0159,0,0,0.0,0.0,-1.0,0.3,NORMAL
2026-09-27T00:25:08,MATI,AMAN,0,0.0171,0,0,0.0,0.0,-1.0,0.3,NORMAL
2026-09-27T00:25:09,MATI,AMAN,0,0.0181,0,0,0.0,0.0,-1.0,0.3,NORMAL
2026-09-27T00:25:11,MATI,AMAN,0,0.0154,0,0,0.0,0.0,-1.1,0.4,NORMAL
2026-09-27T00:25:13,MATI,AMAN,0,0.0162,0,0,0.0,0.0,-1.0,0.3,NORMAL
2026-09-27T00:25:14,MATI,AMAN,0,0.0155,0,0,0.0,0.0,-1.0,0.3,NORMAL
2026-09-27T00:25:16,MATI,AMAN,0,0.0121,0,0,0.0,0.0,-1.0,0.3,NORMAL
2026-09-27T00:25:18,MATI,AMAN,0,0.0155,0,0,0.0,0.0,-0.9,0.4,NORMAL
2026-09-27T00:25:19,MATI,AMAN,0,0.017,0,0,0.0,0.0,-1.1,0.4,NORMAL
2026-09-27T00:25:21,MATI,AMAN,0,0.0295,0,0,0.0,0.0,-1.0,0.3,NORMAL
2026-09-27T00:25:22,MATI,AMAN,0,0.0164,0,0,0.0,0.0,-0.9,0.3,NORMAL
2026-09-27T00:25:24,MATI,AMAN,0,0.0156,0,0,0.0,0.0,-1.1,0.4,NORMAL
2026-09-27T00:25:26,MATI,AMAN,0,0.0172,0,0,0.0,0.0,-1.0,0.3,NORMAL
2026-09-27T00:25:27,MATI,AMAN,0,0.0158,0,0,0.0,0.0,-1.0,0.4,NORMAL
2026-09-27T00:25:29,MATI,AMAN,0,0.0158,0,0,0.0,0.0,-1.1,0.4,NORMAL
2026-09-27T00:25:31,MATI,AMAN,0,0.0169,0,0,0.0,0.0,-1.0,0.4,NORMAL
2026-09-27T00:25:33,MATI,AMAN,0,0.017,0,0,0.0,0.0,-1.0,0.4,NORMAL
2026-09-27T00:25:34,MATI,AMAN,0,0.0167,0,0,0.0,0.0,-1.0,0.4,NORMAL
2026-09-27T00:25:36,MATI,AMAN,0,0.0167,0,0,0.0,0.0,-1.1,0.4,NORMAL
2026-09-27T00:25:38,MATI,AMAN,0,0.0179,0,0,0.0,0.0,-1.0,0.3,NORMAL
2026-09-27T00:25:39,MATI,AMAN,0,0.0171,0,0,0.0,0.0,-1.0,0.4,NORMAL
2026-09-27T00:25:41,MATI,AMAN,0,0.0164,0,0,0.0,0.0,-1.0,0.4,NORMAL
2026-09-27T00:25:43,MATI,AMAN,0,0.0164,0,0,0.0,0.0,-0.9,0.4,NORMAL
2026-09-27T00:25:44,MATI,AMAN,0,0.0175,0,0,0.0,0.0,-1.0,0.3,NORMAL
2026-09-27T00:25:46,MATI,AMAN,0,0.0165,0,0,0.0,0.0,-1.0,0.3,NORMAL
2026-09-27T00:25:48,MATI,AMAN,0,0.017,0,0,0.0,0.0,-1.0,0.4,NORMAL
2026-09-27T00:25:49,MATI,AMAN,0,0.0174,0,0,0.0,0.0,-1.0,0.3,NORMAL
2026-09-27T00:25:51,MATI,AMAN,0,0.0142,0,0,0.0,0.0,-1.0,0.4,NORMAL
2026-09-27T00:25:53,MATI,AMAN,0,0.017,0,0,0.0,0.0,-1.0,0.3,NORMAL
2026-09-27T00:25:54,MATI,AMAN,0,0.024,0,0,0.0,0.0,-1.0,0.3,NORMAL
2026-09-27T00:25:56,MATI,AMAN,0,0.0163,0,0,0.0,0.0,-1.1,0.5,NORMAL
2026-09-27T00:25:58,MATI,AMAN,0,0.0168,0,0,0.0,0.0,-1.0,0.4,NORMAL
2026-09-27T00:25:59,MATI,AMAN,0,0.0174,0,0,0.0,0.0,-1.0,0.3,NORMAL
2026-09-27T00:26:01,MATI,AMAN,0,0.0178,0,0,0.0,0.0,-1.1,0.4,NORMAL
2026-09-27T00:26:03,MATI,AMAN,0,0.0153,0,0,0.0,0.0,-1.1,0.3,NORMAL
2026-09-27T00:26:05,MATI,AMAN,0,0.0173,0,0,0.0,0.0,-1.0,0.4,NORMAL
2026-09-27T00:26:06,MATI,AMAN,0,0.0174,0,0,0.0,0.0,-1.1,0.4,NORMAL
2026-09-27T00:26:08,MATI,AMAN,0,0.0167,0,0,0.0,0.0,-1.0,0.3,NORMAL
2026-09-27T18:47:41,MATI,AMAN,0,0.0211,0,0,0.0,0.0,-1.5,2.0,NORMAL
2026-09-27T18:47:43,MATI,AMAN,0,0.0154,0,0,0.0,0.0,-1.5,2.0,NORMAL
2026-09-27T18:47:45,MATI,AMAN,0,0.0167,0,0,0.0,0.0,-1.5,2.0,NORMAL
2026-09-27T18:47:46,MATI,AMAN,0,0.0128,0,0,0.0,0.0,-1.5,2.0,NORMAL
2026-09-27T18:47:48,MATI,AMAN,0,0.0179,0,0,0.0,0.0,-1.6,2.1,NORMAL
2026-09-27T18:47:50,MATI,AMAN,0,0.0134,0,0,0.0,0.0,-1.5,1.9,NORMAL
2026-09-27T18:47:51,MATI,AMAN,0,0.0143,0,0,0.0,0.0,-1.5,2.0,NORMAL
2026-09-27T18:47:53,MATI,AMAN,0,0.0152,0,0,0.0,0.0,-1.6,2.0,NORMAL
2026-09-27T18:47:55,MATI,AMAN,0,0.0167,0,0,0.0,0.0,-1.5,2.0,NORMAL
2026-09-27T18:47:56,MATI,AMAN,0,0.0182,0,0,0.0,0.0,-1.5,2.0,NORMAL
2026-09-27T18:47:58,MATI,AMAN,0,0.0169,0,0,0.0,0.0,-1.4,1.9,NORMAL
2026-09-27T18:48:00,MATI,AMAN,0,0.0166,0,0,0.0,0.0,-1.5,1.9,NORMAL
2026-09-27T18:48:01,MATI,AMAN,0,0.0225,0,0,0.0,0.0,-1.5,2.0,NORMAL
2026-09-27T18:48:03,MATI,AMAN,0,0.0206,0,0,0.0,0.0,-1.5,2.0,NORMAL
2026-09-27T18:48:05,MATI,AMAN,0,0.0245,0,0,0.0,0.0,-1.5,2.0,NORMAL
2026-09-27T18:48:07,MATI,AMAN,0,0.0161,0,0,0.0,0.0,-1.5,2.0,NORMAL
2026-09-27T18:48:08,MATI,AMAN,0,0.0233,0,0,0.0,0.0,-1.6,2.0,NORMAL
2026-09-27T18:48:10,MATI,AMAN,0,0.0143,0,0,0.0,0.0,-1.6,2.0,NORMAL
2026-09-27T18:48:12,MATI,AMAN,0,0.0145,0,0,0.0,0.0,-1.5,2.0,NORMAL
2026-09-27T18:48:13,ON,AMAN,0,0.2127,0,0,0.0,0.0,-1.7,2.2,NORMAL
2026-09-27T18:48:15,ON,AMAN,0,0.2714,0,0,0.0,0.0,-2.0,2.3,NORMAL
2026-09-27T18:48:17,ON,AMAN,0,0.303,0,0,0.0,0.0,-1.2,1.7,NORMAL
2026-09-27T18:48:18,ON,AMAN,0,0.3367,0,0,0.0,0.0,-1.8,2.2,NORMAL
2026-09-27T18:48:20,ON,IDLE,0,0.1524,0,0,0.0,0.0,-1.7,2.1,NORMAL
2026-09-27T18:48:22,ON,AMAN,0,0.1924,0,0,0.0,0.0,-1.1,1.6,NORMAL
2026-09-27T18:48:24,ON,AMAN,0,0.1991,0,0,0.0,0.0,-1.9,2.0,NORMAL
2026-09-27T18:48:25,ON,AMAN,0,0.255,0,0,0.0,0.0,-1.6,2.2,NORMAL
2026-09-27T18:48:27,ON,IDLE,0,0.1758,0,0,0.0,0.0,-1.6,2.1,NORMAL
2026-09-27T18:48:29,ON,IDLE,1,0.0875,0,0,0.0,0.0,-1.3,1.9,NORMAL
2026-09-27T18:48:30,ON,IDLE,3,0.1359,0,0,0.0,0.0,-1.5,2.0,NORMAL
2026-09-27T18:48:32,ON,IDLE,5,0.159,0,0,0.0,0.0,-1.5,1.9,NORMAL
2026-09-27T18:48:34,ON,IDLE,6,0.1242,0,0,0.0,0.0,-1.7,2.1,NORMAL
2026-09-27T18:48:35,ON,IDLE,8,0.158,0,0,0.0,0.0,-1.5,1.9,NORMAL
2026-09-27T18:48:37,ON,IDLE,10,0.0357,0,0,0.0,0.0,-1.5,2.0,NORMAL
2026-09-27T18:48:39,MATI,AMAN,0,0.0158,0,0,0.0,0.0,-1.5,2.0,NORMAL
2026-09-27T18:48:41,ON,IDLE,0,0.1153,0,0,0.0,0.0,-1.4,1.9,NORMAL
2026-09-27T18:48:42,ON,IDLE,1,0.0995,0,0,0.0,0.0,-1.4,2.0,NORMAL
2026-09-27T18:48:44,ON,IDLE,3,0.0837,0,0,0.0,0.0,-1.5,1.9,NORMAL
2026-09-27T18:48:46,ON,IDLE,5,0.0377,0,0,0.0,0.0,-1.4,1.9,NORMAL
2026-09-27T18:48:48,MATI,AMAN,0,0.0296,0,0,0.0,0.0,-10.4,-12.5,MIRING
2026-09-27T18:48:49,ON,IDLE,0,0.0865,0,0,0.0,0.0,-8.6,-10.6,NORMAL
2026-09-27T18:48:51,ON,IDLE,1,0.0841,0,0,0.0,0.0,-4.9,-7.0,NORMAL
2026-09-27T18:48:53,MATI,AMAN,0,0.0218,0,0,0.0,0.0,-1.0,-3.2,NORMAL
2026-09-27T18:48:54,MATI,AMAN,0,0.0244,0,0,0.0,0.0,-1.6,2.1,NORMAL
2026-09-27T18:48:56,MATI,AMAN,0,0.0161,0,0,0.0,0.0,-1.5,2.0,NORMAL
2026-09-27T18:48:58,MATI,AMAN,0,0.0155,0,0,0.0,0.0,-1.5,2.0,NORMAL
2026-09-27T18:49:00,MATI,AMAN,0,0.0161,0,0,0.0,0.0,-1.5,2.0,NORMAL
2026-09-27T18:49:01,MATI,AMAN,0,0.0171,0,0,0.0,0.0,-1.5,2.0,NORMAL
2026-09-27T18:49:03,MATI,AMAN,0,0.0165,0,0,0.0,0.0,-1.4,1.9,NORMAL
2026-09-27T18:49:05,MATI,AMAN,0,0.0143,0,0,0.0,0.0,-1.5,1.9,NORMAL
2026-09-27T18:49:06,MATI,AMAN,0,0.0154,0,0,0.0,0.0,-1.6,2.1,NORMAL
2026-09-27T18:49:08,MATI,AMAN,0,0.0176,0,0,0.0,0.0,-1.6,2.1,NORMAL
2026-09-27T18:49:10,MATI,AMAN,0,0.0171,0,0,0.0,0.0,-1.4,1.9,NORMAL
2026-09-27T18:49:11,MATI,AMAN,0,0.0162,0,0,0.0,0.0,-1.6,2.0,NORMAL
2026-09-27T18:49:13,MATI,AMAN,0,0.0129,0,0,0.0,0.0,-1.5,2.0,NORMAL
2026-09-27T18:49:15,MATI,AMAN,0,0.0151,0,0,0.0,0.0,-1.5,1.9,NORMAL
2026-09-27T18:49:16,MATI,AMAN,0,0.0166,0,0,0.0,0.0,-1.5,2.0,NORMAL
2026-09-27T18:49:18,MATI,AMAN,0,0.017,0,0,0.0,0.0,-1.5,2.0,NORMAL
2026-09-27T18:49:20,MATI,AMAN,0,0.0168,0,0,0.0,0.0,-1.5,2.0,NORMAL
2026-09-27T18:49:21,MATI,AMAN,0,0.0198,0,0,0.0,0.0,-1.5,2.0,NORMAL
2026-09-27T18:49:23,MATI,AMAN,0,0.0161,0,0,0.0,0.0,-1.7,2.2,NORMAL
2026-09-27T18:49:25,MATI,AMAN,0,0.0179,0,0,0.0,0.0,-2.0,2.2,NORMAL
2026-09-27T18:49:26,MATI,AMAN,0,0.016,0,0,0.0,0.0,-2.1,2.4,NORMAL
2026-09-27T18:49:28,MATI,AMAN,0,0.0162,0,0,0.0,0.0,-2.1,2.4,NORMAL
2026-09-27T18:49:30,MATI,AMAN,0,0.0174,0,0,0.0,0.0,-2.1,2.4,NORMAL
2026-09-27T18:49:32,MATI,AMAN,0,0.0144,0,0,0.0,0.0,-2.1,2.4,NORMAL
2026-09-27T18:49:33,MATI,AMAN,0,0.0177,0,0,0.0,0.0,-2.1,2.5,NORMAL
2026-09-27T18:49:35,MATI,AMAN,0,0.0167,0,0,0.0,0.0,-2.1,2.4,NORMAL
2026-09-27T18:49:37,MATI,AMAN,0,0.0236,0,0,0.0,0.0,-2.2,2.5,NORMAL
2026-09-27T18:49:38,MATI,AMAN,0,0.0204,0,0,0.0,0.0,-2.1,2.4,NORMAL
2026-09-27T18:49:40,MATI,AMAN,0,0.017,0,0,0.0,0.0,-2.1,2.4,NORMAL
2026-09-27T18:49:42,MATI,AMAN,0,0.0186,0,0,0.0,0.0,-2.1,2.4,NORMAL
2026-09-27T18:49:44,MATI,AMAN,0,0.0184,0,0,0.0,0.0,-2.1,2.4,NORMAL
2026-09-27T18:49:45,MATI,AMAN,0,0.021,0,0,0.0,0.0,-2.0,2.4,NORMAL
2026-09-27T18:49:47,MATI,AMAN,0,0.0159,0,0,0.0,0.0,-2.1,2.4,NORMAL
2026-09-27T18:49:49,MATI,AMAN,0,0.0189,0,0,0.0,0.0,-2.1,2.4,NORMAL
2026-09-27T18:49:51,MATI,AMAN,0,0.0154,0,0,0.0,0.0,-2.1,2.5,NORMAL
2026-09-27T18:49:52,MATI,AMAN,0,0.0152,0,0,0.0,0.0,-2.1,2.4,NORMAL
2026-09-27T18:49:54,MATI,AMAN,0,0.0146,0,0,0.0,0.0,-2.1,2.4,NORMAL
2026-09-27T18:49:56,MATI,AMAN,0,0.0153,0,0,0.0,0.0,-2.1,2.4,NORMAL
2026-09-27T18:49:58,ON,AMAN,0,0.2443,0,0,0.0,0.0,-2.2,2.6,NORMAL
2026-09-27T18:50:00,MATI,AMAN,0,0.0239,0,0,0.0,0.0,-2.2,2.5,NORMAL
2026-09-27T18:50:01,ON,IDLE,0,0.0969,0,0,0.0,0.0,-2.1,2.4,NORMAL
2026-09-27T18:50:03,ON,IDLE,1,0.0484,0,0,0.0,0.0,-2.0,2.4,NORMAL
2026-09-27T18:50:05,ON,AMAN,0,0.2072,0,0,0.0,0.0,-2.2,2.5,NORMAL
2026-09-27T18:50:07,MATI,AMAN,0,0.0196,0,0,0.0,0.0,-2.1,2.5,NORMAL
2026-09-27T18:50:08,ON,AMAN,0,0.2486,0,0,0.0,0.0,-2.1,2.5,NORMAL
2026-09-27T18:50:10,ON,IDLE,0,0.0514,0,0,0.0,0.0,-2.0,2.4,NORMAL
2026-09-27T18:50:12,ON,AMAN,0,0.186,0,0,0.0,0.0,-2.0,2.3,NORMAL
2026-09-27T18:50:14,MATI,AMAN,0,0.0228,0,0,0.0,0.0,-2.2,2.5,NORMAL
2026-09-27T18:50:15,MATI,AMAN,0,0.0269,0,0,0.0,0.0,-2.1,2.5,NORMAL
2026-09-27T18:50:17,ON,AMAN,0,0.1876,0,0,0.0,0.0,-2.0,2.4,NORMAL
2026-09-27T18:50:19,ON,IDLE,0,0.1674,0,0,0.0,0.0,-2.2,2.5,NORMAL
2026-09-27T18:50:20,ON,IDLE,1,0.0903,0,0,0.0,0.0,-2.0,2.4,NORMAL
2026-09-27T18:50:22,ON,IDLE,3,0.1006,0,0,0.0,0.0,-2.0,2.4,NORMAL
2026-09-27T18:50:24,MATI,AMAN,0,0.0293,0,0,0.0,0.0,-2.0,2.4,NORMAL
2026-09-27T18:50:26,ON,IDLE,0,0.0551,0,0,0.0,0.0,-2.0,2.4,NORMAL
2026-09-27T18:50:27,ON,IDLE,1,0.1007,0,0,0.0,0.0,-2.1,2.5,NORMAL
2026-09-27T18:50:29,ON,IDLE,3,0.1528,0,0,0.0,0.0,-2.2,2.5,NORMAL
2026-09-27T18:50:31,MATI,AMAN,0,0.0172,0,0,0.0,0.0,-2.1,2.4,NORMAL
2026-09-27T18:50:33,MATI,AMAN,0,0.0164,0,0,0.0,0.0,-2.0,2.4,NORMAL
2026-09-27T18:50:34,MATI,AMAN,0,0.0174,0,0,0.0,0.0,-13.5,13.9,MIRING
2026-09-27T18:50:36,MATI,AMAN,0,0.021,0,0,0.0,0.0,-16.7,17.2,MIRING
2026-09-27T18:50:38,ON,IDLE,0,0.1171,0,0,0.0,0.0,-4.7,2.1,NORMAL
2026-09-27T18:50:39,MATI,AMAN,0,0.0176,0,0,0.0,0.0,-2.0,2.4,NORMAL
2026-09-27T18:50:41,MATI,AMAN,0,0.0172,0,0,0.0,0.0,-2.1,2.4,NORMAL
2026-09-27T18:50:43,MATI,AMAN,0,0.0157,0,0,0.0,0.0,-2.1,2.5,NORMAL
2026-09-27T18:50:45,ON,IDLE,0,0.0405,0,0,0.0,0.0,-9.1,9.3,NORMAL
2026-09-27T18:50:46,MATI,AMAN,0,0.0195,0,0,0.0,0.0,-16.2,16.4,MIRING
2026-09-27T18:50:48,MATI,AMAN,0,0.0172,0,0,0.0,0.0,-15.6,15.7,MIRING
2026-09-27T18:50:50,MATI,AMAN,0,0.0204,0,0,0.0,0.0,-16.2,16.4,MIRING
2026-09-27T18:50:52,MATI,AMAN,0,0.0185,0,0,0.0,0.0,-16.1,16.3,MIRING
2026-09-27T18:50:53,MATI,AMAN,0,0.018,0,0,0.0,0.0,-15.6,15.7,MIRING
2026-09-27T18:50:55,MATI,AMAN,0,0.0129,0,0,0.0,0.0,-15.4,15.4,MIRING
2026-09-27T18:50:57,MATI,AMAN,0,0.0141,0,0,0.0,0.0,-15.5,15.7,MIRING
2026-09-27T18:50:58,MATI,AMAN,0,0.017,0,0,0.0,0.0,-15.3,15.5,MIRING
2026-09-27T18:51:00,MATI,AMAN,0,0.0133,0,0,0.0,0.0,-14.5,14.6,MIRING
2026-09-27T18:51:02,MATI,AMAN,0,0.023,0,0,0.0,0.0,-14.0,14.1,MIRING
2026-09-27T18:51:04,MATI,AMAN,0,0.0223,0,0,0.0,0.0,-13.8,13.9,MIRING
2026-09-27T18:51:05,MATI,AMAN,0,0.0195,0,0,0.0,0.0,-13.3,13.5,MIRING
2026-09-27T18:51:07,MATI,AMAN,0,0.0192,0,0,0.0,0.0,-12.9,13.0,MIRING
2026-09-27T18:51:09,MATI,AMAN,0,0.0164,0,0,0.0,0.0,-12.1,12.1,MIRING
2026-09-27T18:51:11,MATI,AMAN,0,0.0188,0,0,0.0,0.0,-11.6,10.3,NORMAL
2026-09-27T18:51:12,MATI,AMAN,0,0.0139,0,0,0.0,0.0,-5.7,1.8,NORMAL
2026-09-27T18:51:14,ON,IDLE,0,0.0424,0,0,0.0,0.0,-2.2,1.8,NORMAL
2026-09-27T18:51:16,MATI,AMAN,0,0.0253,0,0,0.0,0.0,-1.5,1.8,NORMAL
2026-09-27T18:51:18,MATI,AMAN,0,0.0175,0,0,0.0,0.0,-1.5,1.8,NORMAL
2026-09-27T18:51:20,MATI,AMAN,0,0.0164,0,0,0.0,0.0,-1.5,1.8,NORMAL
2026-09-27T18:51:21,MATI,AMAN,0,0.0247,0,0,0.0,0.0,-1.5,1.8,NORMAL
2026-09-27T18:51:23,MATI,AMAN,0,0.0262,0,0,0.0,0.0,-1.2,1.8,NORMAL
2026-09-27T18:51:25,MATI,AMAN,0,0.0283,0,0,0.0,0.0,-1.7,1.9,NORMAL
2026-09-27T18:51:26,MATI,AMAN,0,0.0167,0,0,0.0,0.0,-1.3,1.9,NORMAL
2026-09-27T18:51:28,MATI,AMAN,0,0.0261,0,0,0.0,0.0,-1.2,1.8,NORMAL
2026-09-27T18:51:30,MATI,AMAN,0,0.0151,0,0,0.0,0.0,-1.3,1.9,NORMAL
2026-09-27T18:51:32,MATI,AMAN,0,0.0159,0,0,0.0,0.0,-2.0,2.5,NORMAL
2026-09-27T18:51:33,MATI,AMAN,0,0.0164,0,0,0.0,0.0,-2.1,2.6,NORMAL
2026-09-27T18:51:35,MATI,AMAN,0,0.0203,0,0,0.0,0.0,-2.0,2.5,NORMAL
2026-09-27T18:51:37,MATI,AMAN,0,0.0241,0,0,0.0,0.0,-2.3,2.9,NORMAL
2026-09-27T18:51:38,MATI,AMAN,0,0.0199,0,0,0.0,0.0,-1.7,2.1,NORMAL
2026-09-27T18:51:40,MATI,AMAN,0,0.0199,0,0,0.0,0.0,-1.7,2.2,NORMAL
2026-09-27T18:51:42,MATI,AMAN,0,0.0227,0,0,0.0,0.0,-1.7,2.2,NORMAL
2026-09-27T18:51:43,MATI,AMAN,0,0.0167,0,0,0.0,0.0,-1.7,2.2,NORMAL
2026-09-27T18:51:45,MATI,AMAN,0,0.017,0,0,0.0,0.0,-1.7,2.2,NORMAL
2026-09-27T18:51:47,MATI,AMAN,0,0.0169,0,0,0.0,0.0,-1.7,2.3,NORMAL
2026-09-27T18:51:49,MATI,AMAN,0,0.0167,0,0,0.0,0.0,-1.7,2.2,NORMAL
2026-09-27T18:51:50,MATI,AMAN,0,0.0173,0,0,0.0,0.0,-1.7,2.2,NORMAL
2026-09-27T18:51:52,MATI,AMAN,0,0.0149,0,0,0.0,0.0,-1.7,2.2,NORMAL
2026-09-27T18:51:54,MATI,AMAN,0,0.0157,0,0,0.0,0.0,-1.7,2.2,NORMAL
2026-09-27T18:51:56,MATI,AMAN,0,0.018,0,0,0.0,0.0,-1.6,2.2,NORMAL
2026-09-27T18:51:57,MATI,AMAN,0,0.0151,0,0,0.0,0.0,-1.7,2.2,NORMAL
2026-09-27T18:51:59,MATI,AMAN,0,0.0167,0,0,0.0,0.0,-1.7,2.2,NORMAL
2026-09-27T18:52:01,MATI,AMAN,0,0.0186,0,0,0.0,0.0,-1.7,2.2,NORMAL
2026-09-27T18:52:03,MATI,AMAN,0,0.0172,0,0,0.0,0.0,-1.7,2.2,NORMAL
2026-09-27T18:52:04,MATI,AMAN,0,0.0172,0,0,0.0,0.0,-1.6,2.2,NORMAL
2026-09-27T18:52:06,MATI,AMAN,0,0.0158,0,0,0.0,0.0,-1.7,2.2,NORMAL
2026-09-27T18:52:08,MATI,AMAN,0,0.0157,0,0,0.0,0.0,-1.7,2.2,NORMAL
2026-09-27T18:52:09,MATI,AMAN,0,0.0165,0,0,0.0,0.0,-1.7,2.2,NORMAL
2026-09-27T18:52:11,MATI,AMAN,0,0.0174,0,0,0.0,0.0,-1.7,2.2,NORMAL
2026-09-27T18:52:13,MATI,AMAN,0,0.0172,0,0,0.0,0.0,-1.6,2.2,NORMAL
2026-09-27T18:52:15,MATI,AMAN,0,0.0169,0,0,0.0,0.0,-1.7,2.3,NORMAL
2026-09-27T18:52:16,MATI,AMAN,0,0.0157,0,0,0.0,0.0,-1.7,2.2,NORMAL
2026-09-27T18:52:18,MATI,AMAN,0,0.0169,0,0,0.0,0.0,-1.7,2.2,NORMAL
2026-09-27T18:52:20,MATI,AMAN,0,0.0167,0,0,0.0,0.0,-1.7,2.2,NORMAL
2026-09-27T18:52:21,MATI,AMAN,0,0.0173,0,0,0.0,0.0,-1.6,2.2,NORMAL
2026-09-27T18:52:23,MATI,AMAN,0,0.0153,0,0,0.0,0.0,-1.7,2.3,NORMAL
2026-09-27T18:52:25,MATI,AMAN,0,0.0175,0,0,0.0,0.0,-1.7,2.2,NORMAL
2026-09-27T18:52:26,MATI,AMAN,0,0.0157,0,0,0.0,0.0,-1.7,2.2,NORMAL
2026-09-27T18:52:28,MATI,AMAN,0,0.0172,0,0,0.0,0.0,-1.7,2.2,NORMAL
2026-09-27T18:52:30,MATI,AMAN,0,0.0166,0,0,0.0,0.0,-1.7,2.2,NORMAL
2026-09-27T18:52:32,MATI,AMAN,0,0.0167,0,0,0.0,0.0,-1.7,2.2,NORMAL
2026-09-27T18:52:33,MATI,AMAN,0,0.0172,0,0,0.0,0.0,-1.7,2.2,NORMAL
2026-09-27T18:52:35,MATI,AMAN,0,0.0164,0,0,0.0,0.0,-1.7,2.2,NORMAL
2026-09-27T18:52:37,MATI,AMAN,0,0.0153,0,0,0.0,0.0,-1.7,2.2,NORMAL
2026-09-27T18:52:38,MATI,AMAN,0,0.0161,0,0,0.0,0.0,-1.7,2.2,NORMAL
2026-09-27T18:52:40,MATI,AMAN,0,0.0176,0,0,0.0,0.0,-1.7,2.2,NORMAL
2026-09-27T18:52:42,MATI,AMAN,0,0.0174,0,0,0.0,0.0,-1.7,2.2,NORMAL
2026-09-27T18:52:44,MATI,AMAN,0,0.0177,0,0,0.0,0.0,-1.7,2.2,NORMAL
2026-09-27T18:52:46,MATI,AMAN,0,0.0161,0,0,0.0,0.0,-1.6,2.2,NORMAL
2026-09-27T18:52:48,MATI,AMAN,0,0.0141,0,0,0.0,0.0,-1.6,2.2,NORMAL
2026-09-27T18:52:49,MATI,AMAN,0,0.0175,0,0,0.0,0.0,-1.7,2.2,NORMAL
2026-09-27T18:52:51,MATI,AMAN,0,0.0157,0,0,0.0,0.0,-1.6,2.2,NORMAL
2026-09-27T18:52:53,MATI,AMAN,0,0.0166,0,0,0.0,0.0,-1.7,2.2,NORMAL
2026-09-27T18:52:55,MATI,AMAN,0,0.0164,0,0,0.0,0.0,-1.6,2.2,NORMAL
2026-09-27T18:52:56,MATI,AMAN,0,0.0168,0,0,0.0,0.0,-1.7,2.2,NORMAL
2026-09-27T18:52:58,MATI,AMAN,0,0.0166,0,0,0.0,0.0,-1.7,2.2,NORMAL
2026-09-27T18:53:00,MATI,AMAN,0,0.0169,0,0,0.0,0.0,-1.6,2.1,NORMAL
2026-09-27T18:53:01,MATI,AMAN,0,0.018,0,0,0.0,0.0,-1.7,2.2,NORMAL
2026-09-27T18:53:03,MATI,AMAN,0,0.0174,0,0,0.0,0.0,-1.7,2.2,NORMAL
2026-09-27T18:53:05,MATI,AMAN,0,0.0181,0,0,0.0,0.0,-1.6,2.2,NORMAL
2026-09-27T18:53:07,MATI,AMAN,0,0.017,0,0,0.0,0.0,-1.6,2.2,NORMAL
2026-09-27T18:53:08,MATI,AMAN,0,0.017,0,0,0.0,0.0,-1.7,2.2,NORMAL
2026-09-27T18:53:10,MATI,AMAN,0,0.0156,0,0,0.0,0.0,-1.6,2.2,NORMAL
2026-09-27T18:53:12,MATI,AMAN,0,0.0157,0,0,0.0,0.0,-1.7,2.2,NORMAL
2026-09-27T18:53:13,MATI,AMAN,0,0.0163,0,0,0.0,0.0,-1.7,2.3,NORMAL
2026-09-27T18:53:15,MATI,AMAN,0,0.0156,0,0,0.0,0.0,-1.7,2.2,NORMAL
2026-09-27T18:53:17,MATI,AMAN,0,0.0155,0,0,0.0,0.0,-1.7,2.2,NORMAL
2026-09-27T18:53:19,MATI,AMAN,0,0.0132,0,0,0.0,0.0,-1.6,2.2,NORMAL
2026-09-27T18:53:20,MATI,AMAN,0,0.0168,0,0,0.0,0.0,-1.7,2.2,NORMAL
2026-09-27T18:53:22,MATI,AMAN,0,0.0167,0,0,0.0,0.0,-1.7,2.2,NORMAL
2026-09-27T18:53:24,MATI,AMAN,0,0.0168,0,0,0.0,0.0,-1.7,2.2,NORMAL
2026-09-27T18:53:25,MATI,AMAN,0,0.0165,0,0,0.0,0.0,-1.7,2.2,NORMAL
2026-09-27T18:53:27,MATI,AMAN,0,0.0176,0,0,0.0,0.0,-1.7,2.2,NORMAL
2026-09-27T18:53:29,MATI,AMAN,0,0.0142,0,0,0.0,0.0,-1.7,2.2,NORMAL
2026-09-27T18:53:31,MATI,AMAN,0,0.0137,0,0,0.0,0.0,-1.7,2.2,NORMAL
2026-09-27T18:53:32,MATI,AMAN,0,0.0165,0,0,0.0,0.0,-1.6,2.1,NORMAL
2026-09-27T18:53:34,MATI,AMAN,0,0.0135,0,0,0.0,0.0,-1.7,2.2,NORMAL
2026-09-27T18:53:36,MATI,AMAN,0,0.0152,0,0,0.0,0.0,-1.7,2.2,NORMAL
2026-09-27T18:53:38,MATI,AMAN,0,0.0169,0,0,0.0,0.0,-1.6,2.2,NORMAL
2026-09-27T18:53:39,MATI,AMAN,0,0.017,0,0,0.0,0.0,-1.7,2.2,NORMAL
2026-09-27T18:53:41,MATI,AMAN,0,0.0165,0,0,0.0,0.0,-1.7,2.2,NORMAL
2026-09-27T18:53:43,MATI,AMAN,0,0.0175,0,0,0.0,0.0,-1.7,2.2,NORMAL
2026-09-27T18:53:45,MATI,AMAN,0,0.0168,0,0,0.0,0.0,-1.7,2.2,NORMAL
2026-09-27T18:53:46,MATI,AMAN,0,0.0164,0,0,0.0,0.0,-1.7,2.2,NORMAL
2026-09-27T18:53:48,MATI,AMAN,0,0.0157,0,0,0.0,0.0,-1.7,2.2,NORMAL
2026-09-27T18:53:50,MATI,AMAN,0,0.0169,0,0,0.0,0.0,-1.6,2.2,NORMAL
2026-09-27T18:53:52,MATI,AMAN,0,0.0162,0,0,0.0,0.0,-1.7,2.2,NORMAL
2026-09-27T18:53:53,MATI,AMAN,0,0.0159,0,0,0.0,0.0,-1.7,2.2,NORMAL
2026-09-27T18:53:55,MATI,AMAN,0,0.0176,0,0,0.0,0.0,-1.6,2.2,NORMAL
2026-09-27T18:53:57,MATI,AMAN,0,0.0168,0,0,0.0,0.0,-1.7,2.2,NORMAL
2026-09-27T18:53:59,MATI,AMAN,0,0.0156,0,0,0.0,0.0,-1.6,2.2,NORMAL
2026-09-27T19:41:18,MATI,AMAN,0,0.0135,0,0,0.0,0.0,-1.1,1.4,NORMAL
2026-09-27T19:41:20,MATI,AMAN,0,0.0158,0,0,0.0,0.0,-1.0,1.4,NORMAL
2026-09-27T19:41:21,MATI,AMAN,0,0.0171,0,0,0.0,0.0,-1.1,1.4,NORMAL
2026-09-27T19:41:23,MATI,AMAN,0,0.0174,0,0,0.0,0.0,-1.1,1.4,NORMAL
2026-09-27T19:41:25,MATI,AMAN,0,0.0148,0,0,0.0,0.0,-1.1,1.4,NORMAL
2026-09-27T19:41:27,MATI,AMAN,0,0.0184,0,0,0.0,0.0,-1.1,1.4,NORMAL
2026-09-27T19:41:28,MATI,AMAN,0,0.0173,0,0,0.0,0.0,-1.0,1.4,NORMAL
2026-09-27T19:41:30,MATI,AMAN,0,0.0168,0,0,0.0,0.0,-1.0,1.4,NORMAL
2026-09-27T19:41:32,MATI,AMAN,0,0.013,0,0,0.0,0.0,-1.0,1.4,NORMAL
2026-09-27T19:41:33,MATI,AMAN,0,0.0183,0,0,0.0,0.0,-1.1,1.4,NORMAL
2026-09-27T19:41:35,MATI,AMAN,0,0.0178,0,0,0.0,0.0,-1.0,1.4,NORMAL
2026-09-27T19:41:37,MATI,AMAN,0,0.016,0,0,0.0,0.0,-1.1,1.4,NORMAL
2026-09-27T19:41:39,MATI,AMAN,0,0.0165,0,0,0.0,0.0,-1.1,1.4,NORMAL
2026-09-27T19:41:40,MATI,AMAN,0,0.0166,0,0,0.0,0.0,-1.0,1.4,NORMAL
2026-09-27T19:41:42,MATI,AMAN,0,0.0186,0,0,0.0,0.0,-1.1,1.4,NORMAL
2026-09-27T19:41:44,MATI,AMAN,0,0.0171,0,0,0.0,0.0,-1.0,1.4,NORMAL
2026-09-27T19:41:46,MATI,AMAN,0,0.0178,0,0,0.0,0.0,-1.0,1.4,NORMAL
2026-09-27T19:41:47,MATI,AMAN,0,0.0179,0,0,0.0,0.0,-1.1,1.4,NORMAL
2026-09-27T19:41:49,MATI,AMAN,0,0.0179,0,0,0.0,0.0,-1.1,1.4,NORMAL
2026-09-27T19:41:51,MATI,AMAN,0,0.017,0,0,0.0,0.0,-1.0,1.4,NORMAL
2026-09-27T19:41:53,MATI,AMAN,0,0.0177,0,0,0.0,0.0,-1.1,1.4,NORMAL
2026-09-27T19:41:54,MATI,AMAN,0,0.0175,0,0,0.0,0.0,-1.0,1.4,NORMAL
2026-09-27T19:41:56,MATI,AMAN,0,0.0189,0,0,0.0,0.0,-1.1,1.4,NORMAL
2026-09-27T19:41:58,MATI,AMAN,0,0.0144,0,0,0.0,0.0,-1.0,1.4,NORMAL
2026-09-27T19:41:59,MATI,AMAN,0,0.019,0,0,0.0,0.0,-1.1,1.4,NORMAL
2026-09-27T19:42:01,MATI,AMAN,0,0.0185,0,0,0.0,0.0,-1.0,1.4,NORMAL
2026-09-27T19:42:03,MATI,AMAN,0,0.0165,0,0,0.0,0.0,-1.1,1.4,NORMAL
2026-09-27T19:42:05,MATI,AMAN,0,0.017,0,0,0.0,0.0,-1.0,1.3,NORMAL
2026-09-27T19:42:06,MATI,AMAN,0,0.0161,0,0,0.0,0.0,-1.1,1.4,NORMAL
2026-09-27T19:42:08,MATI,AMAN,0,0.0172,0,0,0.0,0.0,-1.0,1.4,NORMAL
2026-09-27T19:42:10,ON,AMAN,0,0.3249,0,0,0.0,0.0,-0.7,1.3,NORMAL
2026-09-27T19:42:12,MATI,AMAN,0,0.0172,0,0,0.0,0.0,-1.0,1.4,NORMAL
2026-09-27T19:42:13,ON,IDLE,0,0.1246,0,0,0.0,0.0,-0.5,1.0,NORMAL
2026-09-27T19:42:15,ON,AMAN,0,0.2931,0,0,0.0,0.0,-1.7,1.5,NORMAL
2026-09-27T19:42:17,ON,IDLE,0,0.0939,0,0,0.0,0.0,-1.3,1.5,NORMAL
2026-09-27T19:42:19,ON,IDLE,1,0.0314,0,0,0.0,0.0,-0.6,1.2,NORMAL
2026-09-27T19:42:20,ON,IDLE,3,0.1619,0,0,0.0,0.0,-1.4,1.7,NORMAL
2026-09-27T19:42:22,MATI,AMAN,0,0.0158,0,0,0.0,0.0,-1.0,1.4,NORMAL
2026-09-27T19:42:24,MATI,AMAN,0,0.0174,0,0,0.0,0.0,-1.1,1.4,NORMAL
2026-09-27T19:42:25,MATI,AMAN,0,0.0164,0,0,0.0,0.0,-1.1,1.4,NORMAL
2026-09-27T19:42:27,MATI,AMAN,0,0.0179,0,0,0.0,0.0,-1.1,1.4,NORMAL
2026-09-27T19:42:29,ON,IDLE,0,0.0343,0,0,0.0,0.0,-1.5,1.4,NORMAL
2026-09-27T19:42:30,MATI,AMAN,0,0.022,0,0,0.0,0.0,-2.2,1.3,NORMAL
2026-09-27T19:42:32,MATI,AMAN,0,0.0165,0,0,0.0,0.0,-1.0,1.5,NORMAL
2026-09-27T19:42:34,MATI,AMAN,0,0.0175,0,0,0.0,0.0,-1.1,1.5,NORMAL
2026-09-27T19:42:35,MATI,AMAN,0,0.0167,0,0,0.0,0.0,-1.1,1.5,NORMAL
2026-09-27T19:42:37,MATI,AMAN,0,0.014,0,0,0.0,0.0,-1.1,1.5,NORMAL
2026-09-27T19:42:39,MATI,AMAN,0,0.0168,0,0,0.0,0.0,-1.0,1.5,NORMAL
2026-09-27T19:42:40,MATI,AMAN,0,0.0169,0,0,0.0,0.0,-1.1,1.6,NORMAL
2026-09-27T19:42:42,MATI,AMAN,0,0.0179,0,0,0.0,0.0,-1.1,1.5,NORMAL
2026-09-27T19:42:44,MATI,AMAN,0,0.0183,0,0,0.0,0.0,-1.1,1.5,NORMAL
2026-09-27T19:42:45,MATI,AMAN,0,0.0186,0,0,0.0,0.0,-1.1,1.5,NORMAL
2026-09-27T19:42:47,MATI,AMAN,0,0.0155,0,0,0.0,0.0,-1.0,1.5,NORMAL
2026-09-27T19:42:49,MATI,AMAN,0,0.0147,0,0,0.0,0.0,-1.1,1.5,NORMAL
2026-09-27T19:42:51,MATI,AMAN,0,0.0135,0,0,0.0,0.0,-1.1,1.5,NORMAL
2026-09-27T19:42:52,MATI,AMAN,0,0.0147,0,0,0.0,0.0,-1.0,1.5,NORMAL
2026-09-27T19:42:54,MATI,AMAN,0,0.0175,0,0,0.0,0.0,-1.1,1.5,NORMAL
2026-09-27T19:42:56,MATI,AMAN,0,0.0163,0,0,0.0,0.0,-1.0,1.5,NORMAL
2026-09-27T19:42:57,MATI,AMAN,0,0.0173,0,0,0.0,0.0,-1.0,1.5,NORMAL
2026-09-27T19:42:59,MATI,AMAN,0,0.0165,0,0,0.0,0.0,-1.0,1.5,NORMAL
2026-09-27T19:43:01,MATI,AMAN,0,0.0162,0,0,0.0,0.0,-1.1,1.6,NORMAL
2026-09-27T19:43:03,MATI,AMAN,0,0.0177,0,0,0.0,0.0,-1.0,1.5,NORMAL
2026-09-27T19:43:04,MATI,AMAN,0,0.0174,0,0,0.0,0.0,-1.1,1.6,NORMAL
2026-09-27T19:43:06,MATI,AMAN,0,0.0156,0,0,0.0,0.0,-1.1,1.6,NORMAL
2026-09-27T19:43:08,MATI,AMAN,0,0.017,0,0,0.0,0.0,-1.1,1.5,NORMAL
2026-09-27T19:43:09,MATI,AMAN,0,0.0178,0,0,0.0,0.0,-1.0,1.5,NORMAL
2026-09-27T19:43:11,MATI,AMAN,0,0.0185,0,0,0.0,0.0,-1.0,1.5,NORMAL
2026-09-27T19:43:13,MATI,AMAN,0,0.0176,0,0,0.0,0.0,-1.0,1.5,NORMAL
2026-09-27T19:43:14,MATI,AMAN,0,0.017,0,0,0.0,0.0,-1.1,1.5,NORMAL
2026-09-27T19:43:16,MATI,AMAN,0,0.0194,0,0,0.0,0.0,-1.0,1.5,NORMAL
2026-09-27T19:43:18,MATI,AMAN,0,0.0182,0,0,0.0,0.0,-1.1,1.5,NORMAL
2026-09-27T19:43:20,MATI,AMAN,0,0.0146,0,0,0.0,0.0,-1.1,1.5,NORMAL
2026-09-27T19:43:21,MATI,AMAN,0,0.0159,0,0,0.0,0.0,-1.1,1.5,NORMAL
2026-09-27T19:43:23,MATI,AMAN,0,0.0157,0,0,0.0,0.0,-1.1,1.5,NORMAL
2026-09-27T19:43:25,MATI,AMAN,0,0.0152,0,0,0.0,0.0,-1.1,1.5,NORMAL
2026-09-27T19:43:26,MATI,AMAN,0,0.0171,0,0,0.0,0.0,-1.1,1.5,NORMAL
2026-09-27T19:43:28,MATI,AMAN,0,0.0178,0,0,0.0,0.0,-1.1,1.5,NORMAL
2026-09-27T19:43:30,MATI,AMAN,0,0.0162,0,0,0.0,0.0,-1.1,1.5,NORMAL
2026-09-27T19:43:31,MATI,AMAN,0,0.0181,0,0,0.0,0.0,-1.1,1.5,NORMAL
2026-09-27T19:43:33,MATI,AMAN,0,0.0172,0,0,0.0,0.0,-1.1,1.5,NORMAL
2026-09-27T19:43:35,MATI,AMAN,0,0.0164,0,0,0.0,0.0,-1.0,1.5,NORMAL
2026-09-27T19:43:37,MATI,AMAN,0,0.0163,0,0,0.0,0.0,-1.1,1.5,NORMAL
2026-09-27T19:43:38,MATI,AMAN,0,0.0174,0,0,0.0,0.0,-1.1,1.5,NORMAL
2026-09-27T19:43:40,MATI,AMAN,0,0.0179,0,0,0.0,0.0,-1.1,1.5,NORMAL
2026-09-27T19:43:42,MATI,AMAN,0,0.0167,0,0,0.0,0.0,-1.1,1.5,NORMAL
2026-09-27T19:43:43,MATI,AMAN,0,0.0173,0,0,0.0,0.0,-1.1,1.5,NORMAL
2026-09-27T19:43:45,MATI,AMAN,0,0.0169,0,0,0.0,0.0,-1.1,1.5,NORMAL
2026-09-27T19:43:47,MATI,AMAN,0,0.0155,0,0,0.0,0.0,-1.0,1.5,NORMAL
2026-09-27T19:43:48,MATI,AMAN,0,0.0151,0,0,0.0,0.0,-1.1,1.5,NORMAL
2026-09-27T19:43:50,MATI,AMAN,0,0.0148,0,0,0.0,0.0,-1.1,1.5,NORMAL
2026-09-27T19:43:52,MATI,AMAN,0,0.0176,0,0,0.0,0.0,-1.1,1.5,NORMAL
2026-09-27T19:43:54,MATI,AMAN,0,0.0174,0,0,0.0,0.0,-1.1,1.5,NORMAL
2026-09-27T19:43:55,MATI,AMAN,0,0.018,0,0,0.0,0.0,-1.0,1.5,NORMAL
2026-09-27T19:43:57,MATI,AMAN,0,0.0166,0,0,0.0,0.0,-1.1,1.5,NORMAL
2026-09-27T19:43:59,MATI,AMAN,0,0.0151,0,0,0.0,0.0,-1.1,1.5,NORMAL
2026-09-27T19:44:00,MATI,AMAN,0,0.0176,0,0,0.0,0.0,-0.9,1.4,NORMAL
2026-09-27T19:44:02,MATI,AMAN,0,0.0174,0,0,0.0,0.0,-0.9,1.4,NORMAL
2026-09-27T19:44:04,MATI,AMAN,0,0.0185,0,0,0.0,0.0,-1.0,1.5,NORMAL
2026-09-27T19:44:05,MATI,AMAN,0,0.017,0,0,0.0,0.0,-1.0,1.5,NORMAL
2026-09-27T19:44:07,MATI,AMAN,0,0.0173,0,0,0.0,0.0,-1.0,1.5,NORMAL
2026-09-27T19:44:09,MATI,AMAN,0,0.0179,0,0,0.0,0.0,-1.0,1.5,NORMAL
2026-09-27T19:44:10,MATI,AMAN,0,0.0188,0,0,0.0,0.0,-1.0,1.4,NORMAL
2026-09-27T19:44:12,MATI,AMAN,0,0.0176,0,0,0.0,0.0,-1.0,1.5,NORMAL
2026-09-27T19:44:14,MATI,AMAN,0,0.0154,0,0,0.0,0.0,-1.0,1.5,NORMAL
2026-09-27T19:44:16,MATI,AMAN,0,0.0158,0,0,0.0,0.0,-1.0,1.5,NORMAL
2026-09-27T19:44:17,MATI,AMAN,0,0.0155,0,0,0.0,0.0,-1.0,1.5,NORMAL
2026-09-27T19:44:19,MATI,AMAN,0,0.0168,0,0,0.0,0.0,-1.0,1.5,NORMAL
2026-09-27T19:44:21,MATI,AMAN,0,0.0119,0,0,0.0,0.0,-1.0,1.5,NORMAL
2026-09-27T19:44:22,MATI,AMAN,0,0.0169,0,0,0.0,0.0,-1.0,1.5,NORMAL
2026-09-27T19:44:24,MATI,AMAN,0,0.0157,0,0,0.0,0.0,-1.0,1.5,NORMAL
2026-09-27T19:44:26,MATI,AMAN,0,0.0173,0,0,0.0,0.0,-1.0,1.5,NORMAL
2026-09-27T19:44:27,MATI,AMAN,0,0.0154,0,0,0.0,0.0,-0.9,1.4,NORMAL
2026-09-27T19:44:29,MATI,AMAN,0,0.0172,0,0,0.0,0.0,-1.0,1.4,NORMAL
2026-09-27T19:44:31,MATI,AMAN,0,0.0162,0,0,0.0,0.0,-1.0,1.5,NORMAL
2026-09-27T19:44:32,MATI,AMAN,0,0.017,0,0,0.0,0.0,-1.0,1.5,NORMAL
2026-09-27T19:44:34,MATI,AMAN,0,0.0158,0,0,0.0,0.0,-1.0,1.5,NORMAL
2026-09-27T19:44:36,MATI,AMAN,0,0.0188,0,0,0.0,0.0,-1.0,1.5,NORMAL
2026-09-27T19:44:37,MATI,AMAN,0,0.016,0,0,0.0,0.0,-1.0,1.5,NORMAL
2026-09-27T19:44:39,MATI,AMAN,0,0.0172,0,0,0.0,0.0,-1.0,1.5,NORMAL
2026-09-27T19:44:41,MATI,AMAN,0,0.0164,0,0,0.0,0.0,-1.0,1.5,NORMAL
2026-09-27T19:44:43,MATI,AMAN,0,0.0166,0,0,0.0,0.0,-1.0,1.5,NORMAL
2026-09-27T19:44:44,MATI,AMAN,0,0.0186,0,0,0.0,0.0,-1.0,1.5,NORMAL
2026-09-27T19:44:46,MATI,AMAN,0,0.0157,0,0,0.0,0.0,-1.0,1.5,NORMAL
2026-09-27T19:44:48,MATI,AMAN,0,0.0167,0,0,0.0,0.0,-1.0,1.5,NORMAL
2026-09-27T19:44:49,MATI,AMAN,0,0.0149,0,0,0.0,0.0,-1.0,1.5,NORMAL
2026-09-27T19:44:51,MATI,AMAN,0,0.0167,0,0,0.0,0.0,-1.0,1.5,NORMAL
2026-09-27T19:44:53,MATI,AMAN,0,0.0182,0,0,0.0,0.0,-1.0,1.5,NORMAL
2026-09-27T19:44:54,MATI,AMAN,0,0.0165,0,0,0.0,0.0,-1.0,1.4,NORMAL
2026-09-27T19:44:56,MATI,AMAN,0,0.0169,0,0,0.0,0.0,-1.0,1.5,NORMAL
2026-09-27T19:44:58,MATI,AMAN,0,0.0175,0,0,0.0,0.0,-1.0,1.5,NORMAL
2026-09-27T19:45:00,MATI,AMAN,0,0.0109,0,0,0.0,0.0,-1.0,1.5,NORMAL
2026-09-27T19:45:02,MATI,AMAN,0,0.0179,0,0,0.0,0.0,-1.0,1.5,NORMAL
2026-09-27T19:45:04,MATI,AMAN,0,0.0153,0,0,0.0,0.0,-1.0,1.5,NORMAL
2026-09-27T19:45:05,MATI,AMAN,0,0.0163,0,0,0.0,0.0,-1.1,1.5,NORMAL
2026-09-27T19:45:07,MATI,AMAN,0,0.0192,0,0,0.0,0.0,-1.1,1.6,NORMAL
2026-09-27T19:45:09,MATI,AMAN,0,0.0228,0,0,0.0,0.0,-9.6,0.0,NORMAL
2026-09-27T19:45:10,MATI,AMAN,0,0.0159,0,0,0.0,0.0,-11.5,-0.1,NORMAL
2026-09-27T19:45:12,ON,IDLE,0,0.0312,0,0,0.0,0.0,-13.1,-0.1,MIRING
2026-09-27T19:45:14,MATI,AMAN,0,0.017,0,0,0.0,0.0,-13.2,0.0,MIRING
2026-09-27T19:45:16,MATI,AMAN,0,0.0168,0,0,0.0,0.0,-12.8,0.0,MIRING
2026-09-27T19:45:17,MATI,AMAN,0,0.0144,0,0,0.0,0.0,-12.7,-0.0,MIRING
2026-09-27T19:45:19,MATI,AMAN,0,0.0163,0,0,0.0,0.0,-12.7,0.0,MIRING
2026-09-27T19:45:21,MATI,AMAN,0,0.0186,0,0,0.0,0.0,-12.6,0.1,MIRING
2026-09-27T19:45:22,MATI,AMAN,0,0.0144,0,0,0.0,0.0,-12.4,0.1,MIRING
2026-09-27T19:45:24,MATI,AMAN,0,0.0189,0,0,0.0,0.0,-13.5,0.1,MIRING
2026-09-27T19:45:26,MATI,AMAN,0,0.0189,0,0,0.0,0.0,-13.6,0.2,MIRING
2026-09-27T19:45:27,ON,AMAN,0,0.3037,0,0,0.0,0.0,-12.4,-0.0,MIRING
2026-09-27T19:45:29,MATI,AMAN,0,0.0227,0,0,0.0,0.0,-13.7,0.2,MIRING
2026-09-27T19:45:31,ON,AMAN,0,0.3472,0,0,0.0,0.0,-14.3,-0.0,MIRING
2026-09-27T19:45:32,ON,AMAN,0,0.307,0,0,0.0,0.0,-13.0,0.2,MIRING
2026-09-27T19:45:34,ON,AMAN,0,0.3317,0,0,0.0,0.0,-12.9,0.2,MIRING
2026-09-27T19:45:36,MATI,AMAN,0,0.0223,0,0,0.0,0.0,-13.3,0.2,MIRING
2026-09-27T19:45:38,MATI,AMAN,0,0.0189,0,0,0.0,0.0,-13.0,0.2,MIRING
2026-09-27T19:45:39,MATI,AMAN,0,0.014,0,0,0.0,0.0,-12.6,0.2,MIRING
2026-09-27T19:45:41,MATI,AMAN,0,0.0141,0,0,0.0,0.0,-12.6,0.3,MIRING
2026-09-27T19:45:43,MATI,AMAN,0,0.0169,0,0,0.0,0.0,-12.5,0.3,MIRING
2026-09-27T19:45:45,MATI,AMAN,0,0.0204,0,0,0.0,0.0,-12.9,0.2,MIRING
2026-09-27T19:45:46,MATI,AMAN,0,0.0167,0,0,0.0,0.0,-12.8,0.2,MIRING
2026-09-27T19:45:48,MATI,AMAN,0,0.0139,0,0,0.0,0.0,-12.7,0.2,MIRING
2026-09-27T19:45:50,MATI,AMAN,0,0.0194,0,0,0.0,0.0,-12.7,0.3,MIRING
2026-09-27T19:45:51,MATI,AMAN,0,0.0148,0,0,0.0,0.0,-12.6,0.3,MIRING
2026-09-27T19:45:53,MATI,AMAN,0,0.0156,0,0,0.0,0.0,-12.6,0.3,MIRING
2026-09-27T19:45:55,MATI,AMAN,0,0.0145,0,0,0.0,0.0,-12.6,0.2,MIRING
2026-09-27T19:45:56,MATI,AMAN,0,0.014,0,0,0.0,0.0,-12.7,0.2,MIRING
2026-09-27T19:45:58,MATI,AMAN,0,0.013,0,0,0.0,0.0,-12.5,0.3,MIRING
2026-09-27T19:46:00,MATI,AMAN,0,0.0142,0,0,0.0,0.0,-12.5,0.2,MIRING
2026-09-27T19:46:02,MATI,AMAN,0,0.0162,0,0,0.0,0.0,-12.4,0.3,MIRING
2026-09-27T19:46:03,MATI,AMAN,0,0.0153,0,0,0.0,0.0,-12.5,0.3,MIRING
2026-09-27T19:46:05,MATI,AMAN,0,0.0158,0,0,0.0,0.0,-12.5,0.3,MIRING
2026-09-27T19:46:07,MATI,AMAN,0,0.0137,0,0,0.0,0.0,-12.6,0.3,MIRING
2026-09-27T19:46:08,MATI,AMAN,0,0.015,0,0,0.0,0.0,-12.7,0.3,MIRING
2026-09-27T19:46:10,MATI,AMAN,0,0.0169,0,0,0.0,0.0,-12.7,0.3,MIRING
2026-09-27T19:46:12,MATI,AMAN,0,0.0134,0,0,0.0,0.0,-12.8,0.2,MIRING
2026-09-27T19:46:14,MATI,AMAN,0,0.0159,0,0,0.0,0.0,-12.6,0.3,MIRING
2026-09-27T19:46:15,MATI,AMAN,0,0.0177,0,0,0.0,0.0,-12.3,0.3,MIRING
2026-09-27T19:46:17,ON,IDLE,0,0.1124,0,0,0.0,0.0,-12.3,0.2,MIRING
2026-09-27T19:46:19,MATI,AMAN,0,0.0145,0,0,0.0,0.0,-12.7,0.2,MIRING
2026-09-27T19:46:21,MATI,AMAN,0,0.0137,0,0,0.0,0.0,-12.5,0.3,MIRING
2026-09-27T19:46:22,MATI,AMAN,0,0.0152,0,0,0.0,0.0,-12.4,0.2,MIRING
2026-09-27T19:46:24,MATI,AMAN,0,0.0144,0,0,0.0,0.0,-12.3,0.3,MIRING
2026-09-27T19:46:26,MATI,AMAN,0,0.0142,0,0,0.0,0.0,-12.4,0.3,MIRING
2026-09-27T19:46:27,MATI,AMAN,0,0.0142,0,0,0.0,0.0,-12.4,0.3,MIRING
2026-09-27T19:46:29,MATI,AMAN,0,0.0156,0,0,0.0,0.0,-12.4,0.3,MIRING
2026-09-27T19:46:31,MATI,AMAN,0,0.0162,0,0,0.0,0.0,-12.3,0.3,MIRING
2026-09-27T19:46:32,MATI,AMAN,0,0.016,0,0,0.0,0.0,-12.4,0.3,MIRING
2026-09-27T19:46:34,MATI,AMAN,0,0.0184,0,0,0.0,0.0,-12.2,0.2,MIRING
2026-09-27T19:46:36,MATI,AMAN,0,0.0178,0,0,0.0,0.0,-12.2,0.3,MIRING
2026-09-27T19:46:38,MATI,AMAN,0,0.0147,0,0,0.0,0.0,-12.2,0.2,MIRING
2026-09-27T19:46:39,MATI,AMAN,0,0.0184,0,0,0.0,0.0,-12.4,0.3,MIRING
2026-09-27T19:46:41,MATI,AMAN,0,0.0143,0,0,0.0,0.0,-12.4,0.3,MIRING
2026-09-27T19:46:43,MATI,AMAN,0,0.0147,0,0,0.0,0.0,-12.3,0.2,MIRING
2026-09-27T19:46:44,MATI,AMAN,0,0.0144,0,0,0.0,0.0,-12.3,0.3,MIRING
2026-09-27T19:46:46,MATI,AMAN,0,0.0167,0,0,0.0,0.0,-12.3,0.3,MIRING
2026-09-27T19:46:48,MATI,AMAN,0,0.0189,0,0,0.0,0.0,-12.1,0.3,MIRING
2026-09-27T19:46:49,MATI,AMAN,0,0.0155,0,0,0.0,0.0,-12.1,0.2,MIRING
2026-09-27T19:46:51,MATI,AMAN,0,0.018,0,0,0.0,0.0,-11.9,0.2,NORMAL
2026-09-27T19:46:53,MATI,AMAN,0,0.0168,0,0,0.0,0.0,-11.8,0.3,NORMAL
2026-09-27T19:46:55,MATI,AMAN,0,0.0187,0,0,0.0,0.0,-11.6,0.3,NORMAL
2026-09-27T19:46:56,MATI,AMAN,0,0.016,0,0,0.0,0.0,-11.7,0.2,NORMAL
2026-09-27T19:46:58,MATI,AMAN,0,0.0161,0,0,0.0,0.0,-11.9,0.2,NORMAL
2026-09-27T19:47:00,MATI,AMAN,0,0.0213,0,0,0.0,0.0,-11.4,0.2,NORMAL
2026-09-27T19:47:01,MATI,AMAN,0,0.0223,0,0,0.0,0.0,-1.6,1.1,NORMAL
2026-09-27T19:47:03,MATI,AMAN,0,0.016,0,0,0.0,0.0,-1.0,1.5,NORMAL
2026-09-27T19:47:05,MATI,AMAN,0,0.0142,0,0,0.0,0.0,-1.0,1.5,NORMAL
2026-09-27T19:47:06,MATI,AMAN,0,0.0164,0,0,0.0,0.0,-1.0,1.5,NORMAL
2026-09-27T19:47:08,MATI,AMAN,0,0.0164,0,0,0.0,0.0,-1.0,1.4,NORMAL
2026-09-27T19:47:10,MATI,AMAN,0,0.0148,0,0,0.0,0.0,-1.1,1.5,NORMAL
2026-09-27T19:47:12,MATI,AMAN,0,0.0157,0,0,0.0,0.0,-1.1,1.5,NORMAL
2026-09-27T19:47:13,MATI,AMAN,0,0.0185,0,0,0.0,0.0,-1.0,1.5,NORMAL
2026-09-27T19:47:15,MATI,AMAN,0,0.0184,0,0,0.0,0.0,-1.0,1.4,NORMAL
2026-09-27T19:47:17,MATI,AMAN,0,0.0172,0,0,0.0,0.0,-1.0,1.5,NORMAL
2026-09-27T19:47:18,MATI,AMAN,0,0.016,0,0,0.0,0.0,-1.0,1.5,NORMAL
2026-09-27T19:47:20,MATI,AMAN,0,0.017,0,0,0.0,0.0,-1.0,1.4,NORMAL
2026-09-27T19:47:22,MATI,AMAN,0,0.0142,0,0,0.0,0.0,-1.1,1.5,NORMAL
2026-09-27T19:47:24,MATI,AMAN,0,0.0174,0,0,0.0,0.0,-1.0,1.5,NORMAL
2026-09-27T19:47:25,MATI,AMAN,0,0.0178,0,0,0.0,0.0,-1.1,1.5,NORMAL
2026-09-27T19:47:27,MATI,AMAN,0,0.0168,0,0,0.0,0.0,-1.0,1.5,NORMAL
2026-09-27T19:47:29,MATI,AMAN,0,0.0181,0,0,0.0,0.0,-1.0,1.5,NORMAL
2026-09-27T19:47:31,MATI,AMAN,0,0.0165,0,0,0.0,0.0,-1.0,1.5,NORMAL
2026-09-27T19:47:32,MATI,AMAN,0,0.0173,0,0,0.0,0.0,-1.0,1.5,NORMAL
2026-09-27T19:47:34,MATI,AMAN,0,0.0165,0,0,0.0,0.0,-1.1,1.5,NORMAL
2026-09-27T19:47:36,MATI,AMAN,0,0.0167,0,0,0.0,0.0,-1.0,1.5,NORMAL
2026-09-27T19:47:37,MATI,AMAN,0,0.0169,0,0,0.0,0.0,-1.0,1.4,NORMAL
2026-09-27T19:47:39,MATI,AMAN,0,0.0186,0,0,0.0,0.0,-1.0,1.5,NORMAL
2026-09-27T19:47:41,MATI,AMAN,0,0.0168,0,0,0.0,0.0,-1.0,1.5,NORMAL
2026-09-27T19:47:43,MATI,AMAN,0,0.0175,0,0,0.0,0.0,-1.0,1.5,NORMAL
2026-09-27T19:47:44,MATI,AMAN,0,0.0174,0,0,0.0,0.0,-1.0,1.4,NORMAL
2026-09-27T19:47:46,MATI,AMAN,0,0.0169,0,0,0.0,0.0,-1.0,1.5,NORMAL
2026-09-27T19:47:48,MATI,AMAN,0,0.016,0,0,0.0,0.0,-1.1,1.5,NORMAL
2026-09-27T19:47:49,MATI,AMAN,0,0.0157,0,0,0.0,0.0,-1.0,1.5,NORMAL
2026-09-27T19:47:51,MATI,AMAN,0,0.017,0,0,0.0,0.0,-1.1,1.5,NORMAL
2026-09-27T19:47:53,MATI,AMAN,0,0.0157,0,0,0.0,0.0,-1.0,1.4,NORMAL
2026-09-27T19:47:54,MATI,AMAN,0,0.0143,0,0,0.0,0.0,-1.0,1.5,NORMAL
2026-09-27T19:47:56,MATI,AMAN,0,0.0172,0,0,0.0,0.0,-1.1,1.5,NORMAL
2026-09-27T19:47:58,MATI,AMAN,0,0.0192,0,0,0.0,0.0,-1.0,1.5,NORMAL
2026-09-27T19:47:59,MATI,AMAN,0,0.0167,0,0,0.0,0.0,-1.1,1.5,NORMAL
2026-09-27T19:48:01,MATI,AMAN,0,0.0174,0,0,0.0,0.0,-1.1,1.5,NORMAL
2026-09-27T19:48:03,MATI,AMAN,0,0.016,0,0,0.0,0.0,-1.1,1.5,NORMAL
2026-09-27T19:48:05,MATI,AMAN,0,0.0173,0,0,0.0,0.0,-1.1,1.5,NORMAL
2026-09-27T19:48:07,MATI,AMAN,0,0.0172,0,0,0.0,0.0,-1.0,1.4,NORMAL
2026-09-27T19:48:08,MATI,AMAN,0,0.0166,0,0,0.0,0.0,-1.1,1.5,NORMAL
2026-09-27T19:48:10,MATI,AMAN,0,0.0179,0,0,0.0,0.0,-1.0,1.5,NORMAL
2026-09-27T19:48:12,MATI,AMAN,0,0.017,0,0,0.0,0.0,-1.1,1.5,NORMAL
2026-09-27T19:48:14,MATI,AMAN,0,0.0166,0,0,0.0,0.0,-1.0,1.5,NORMAL
2026-09-27T19:48:15,MATI,AMAN,0,0.0173,0,0,0.0,0.0,-1.1,1.5,NORMAL
2026-09-27T19:48:17,MATI,AMAN,0,0.0161,0,0,0.0,0.0,-1.1,1.5,NORMAL
2026-09-27T19:48:19,MATI,AMAN,0,0.0178,0,0,0.0,0.0,-1.0,1.5,NORMAL
2026-09-27T19:48:20,MATI,AMAN,0,0.0172,0,0,0.0,0.0,-1.1,1.5,NORMAL
2026-09-27T19:48:22,MATI,AMAN,0,0.0181,0,0,0.0,0.0,-1.0,1.5,NORMAL
2026-09-27T19:48:24,MATI,AMAN,0,0.0183,0,0,0.0,0.0,-1.0,1.5,NORMAL
2026-09-27T19:48:25,MATI,AMAN,0,0.0168,0,0,0.0,0.0,-1.0,1.5,NORMAL
2026-09-27T19:48:27,MATI,AMAN,0,0.0171,0,0,0.0,0.0,-1.1,1.5,NORMAL
2026-09-27T19:48:29,MATI,AMAN,0,0.0152,0,0,0.0,0.0,-1.0,1.5,NORMAL
2026-09-27T19:48:31,MATI,AMAN,0,0.0152,0,0,0.0,0.0,-1.0,1.5,NORMAL
2026-09-27T19:48:32,MATI,AMAN,0,0.0153,0,0,0.0,0.0,-1.0,1.4,NORMAL
2026-09-27T19:48:34,MATI,AMAN,0,0.0169,0,0,0.0,0.0,-1.1,1.5,NORMAL
2026-09-27T19:48:36,MATI,AMAN,0,0.0173,0,0,0.0,0.0,-1.0,1.5,NORMAL
2026-09-27T19:48:37,MATI,AMAN,0,0.0173,0,0,0.0,0.0,-1.1,1.5,NORMAL
2026-09-27T19:48:39,MATI,AMAN,0,0.0161,0,0,0.0,0.0,-1.0,1.5,NORMAL
2026-09-27T19:48:41,MATI,AMAN,0,0.0162,0,0,0.0,0.0,-1.0,1.5,NORMAL
2026-09-27T19:48:42,MATI,AMAN,0,0.0182,0,0,0.0,0.0,-1.0,1.5,NORMAL
2026-09-27T19:48:44,MATI,AMAN,0,0.0176,0,0,0.0,0.0,-1.1,1.5,NORMAL
2026-09-27T19:48:46,MATI,AMAN,0,0.0178,0,0,0.0,0.0,-1.0,1.5,NORMAL
2026-09-27T19:48:47,MATI,AMAN,0,0.018,0,0,0.0,0.0,-1.0,1.4,NORMAL
2026-09-27T19:48:49,MATI,AMAN,0,0.0178,0,0,0.0,0.0,-1.1,1.5,NORMAL
2026-09-27T19:48:51,MATI,AMAN,0,0.017,0,0,0.0,0.0,-1.0,1.5,NORMAL
2026-09-27T19:48:52,MATI,AMAN,0,0.0187,0,0,0.0,0.0,-1.1,1.5,NORMAL
2026-09-27T19:48:54,MATI,AMAN,0,0.0176,0,0,0.0,0.0,-1.1,1.5,NORMAL
2026-09-27T19:48:56,MATI,AMAN,0,0.0149,0,0,0.0,0.0,-1.0,1.4,NORMAL
2026-09-27T19:48:58,MATI,AMAN,0,0.0178,0,0,0.0,0.0,-1.0,1.5,NORMAL
2026-09-27T19:48:59,MATI,AMAN,0,0.0184,0,0,0.0,0.0,-1.1,1.5,NORMAL
2026-09-27T19:49:01,MATI,AMAN,0,0.0162,0,0,0.0,0.0,-1.1,1.5,NORMAL
2026-09-27T19:49:03,MATI,AMAN,0,0.0151,0,0,0.0,0.0,-1.1,1.5,NORMAL
2026-09-27T19:49:04,MATI,AMAN,0,0.0177,0,0,0.0,0.0,-1.1,1.5,NORMAL
2026-09-27T19:49:06,MATI,AMAN,0,0.0153,0,0,0.0,0.0,-1.0,1.5,NORMAL
2026-09-27T19:49:08,MATI,AMAN,0,0.0208,0,0,0.0,0.0,-1.1,1.5,NORMAL
2026-09-27T19:49:10,MATI,AMAN,0,0.0172,0,0,0.0,0.0,-1.1,1.5,NORMAL
2026-09-27T19:49:11,MATI,AMAN,0,0.0175,0,0,0.0,0.0,-1.1,1.5,NORMAL
2026-09-27T19:49:13,MATI,AMAN,0,0.0177,0,0,0.0,0.0,-1.1,1.5,NORMAL
2026-09-27T19:49:15,MATI,AMAN,0,0.0174,0,0,0.0,0.0,-1.1,1.5,NORMAL
2026-09-27T19:49:17,MATI,AMAN,0,0.0166,0,0,0.0,0.0,-1.1,1.5,NORMAL
2026-09-27T19:49:18,MATI,AMAN,0,0.0177,0,0,0.0,0.0,-1.1,1.5,NORMAL
2026-09-27T19:49:20,MATI,AMAN,0,0.0177,0,0,0.0,0.0,-1.1,1.5,NORMAL
2026-09-27T19:49:22,MATI,AMAN,0,0.0167,0,0,0.0,0.0,-1.0,1.5,NORMAL
2026-09-27T19:49:24,MATI,AMAN,0,0.0162,0,0,0.0,0.0,-1.0,1.5,NORMAL
2026-09-27T19:49:26,MATI,AMAN,0,0.0187,0,0,0.0,0.0,-1.1,1.5,NORMAL
2026-09-27T19:49:28,MATI,AMAN,0,0.019,0,0,0.0,0.0,-1.0,1.5,NORMAL
2026-09-27T19:49:29,MATI,AMAN,0,0.0183,0,0,0.0,0.0,-1.1,1.5,NORMAL
2026-09-27T19:49:31,MATI,AMAN,0,0.0176,0,0,0.0,0.0,-1.0,1.5,NORMAL
2026-09-27T19:49:33,MATI,AMAN,0,0.0179,0,0,0.0,0.0,-1.0,1.5,NORMAL
2026-09-27T19:49:34,MATI,AMAN,0,0.0177,0,0,0.0,0.0,-1.0,1.5,NORMAL
2026-09-27T19:49:36,MATI,AMAN,0,0.0145,0,0,0.0,0.0,-1.0,1.5,NORMAL
2026-09-27T19:49:38,MATI,AMAN,0,0.0159,0,0,0.0,0.0,-1.0,1.5,NORMAL
2026-09-27T19:49:39,MATI,AMAN,0,0.015,0,0,0.0,0.0,-1.1,1.5,NORMAL
2026-09-27T19:49:41,MATI,AMAN,0,0.0166,0,0,0.0,0.0,-1.0,1.5,NORMAL
2026-09-27T19:49:43,MATI,AMAN,0,0.0178,0,0,0.0,0.0,-1.0,1.5,NORMAL
2026-09-27T19:49:44,MATI,AMAN,0,0.0171,0,0,0.0,0.0,-1.1,1.5,NORMAL
2026-09-27T19:49:46,MATI,AMAN,0,0.0169,0,0,0.0,0.0,-1.1,1.5,NORMAL
2026-09-27T19:49:48,MATI,AMAN,0,0.0171,0,0,0.0,0.0,-1.0,1.5,NORMAL
2026-09-28T13:23:28,MATI,AMAN,0,0.0294,0,0,0.0,0.0,-1.5,-0.2,NORMAL
2026-09-28T13:23:31,MATI,AMAN,0,0.026,0,0,0.0,0.0,-2.1,-0.3,NORMAL
2026-09-28T13:23:32,MATI,AMAN,0,0.0293,0,0,0.0,0.0,-3.5,-0.8,NORMAL
2026-09-28T13:23:34,MATI,AMAN,0,0.016,0,0,0.0,0.0,-3.5,-1.0,NORMAL
2026-09-28T13:23:36,MATI,AMAN,0,0.0277,0,0,0.0,0.0,-4.0,-1.2,NORMAL
2026-09-28T13:23:37,MATI,AMAN,0,0.016,0,0,0.0,0.0,-3.8,-0.9,NORMAL
2026-09-28T13:23:39,MATI,AMAN,0,0.0162,0,0,0.0,0.0,-3.8,-1.0,NORMAL
2026-09-28T13:23:41,MATI,AMAN,0,0.022,0,0,0.0,0.0,-4.0,-0.9,NORMAL
2026-09-28T13:23:42,ON,IDLE,0,0.0426,0,0,0.0,0.0,-4.1,-0.9,NORMAL
2026-09-28T13:23:44,ON,IDLE,1,0.0424,0,0,0.0,0.0,-7.6,0.7,NORMAL
2026-09-28T13:23:46,ON,IDLE,3,0.037,0,0,0.0,0.0,-9.9,0.5,NORMAL
2026-09-28T13:23:47,MATI,AMAN,0,0.0147,0,0,0.0,0.0,-4.5,0.8,NORMAL
2026-09-28T13:23:49,MATI,AMAN,0,0.0149,0,0,0.0,0.0,-4.6,1.0,NORMAL
2026-09-28T13:23:51,MATI,AMAN,0,0.0168,0,0,0.0,0.0,-4.8,1.2,NORMAL
2026-09-28T13:23:52,ON,IDLE,0,0.0368,0,0,0.0,0.0,0.0,-1.7,NORMAL
2026-09-28T13:23:54,ON,IDLE,1,0.1027,0,0,0.0,0.0,-1.3,1.8,NORMAL
2026-09-28T13:23:56,MATI,AMAN,0,0.0158,0,0,0.0,0.0,-0.1,-2.3,NORMAL
2026-09-28T13:23:57,ON,IDLE,0,0.1012,0,0,0.0,0.0,-0.4,-1.1,NORMAL
2026-09-28T13:23:59,MATI,AMAN,0,0.0174,0,0,0.0,0.0,-0.4,-1.0,NORMAL
2026-09-28T13:24:01,MATI,AMAN,0,0.0153,0,0,0.0,0.0,-0.4,-0.7,NORMAL
2026-09-28T13:24:02,MATI,AMAN,0,0.016,0,0,0.0,0.0,-0.4,-0.6,NORMAL
2026-09-28T13:24:04,MATI,AMAN,0,0.0166,0,0,0.0,0.0,-0.5,-0.4,NORMAL
2026-09-28T13:24:06,ON,IDLE,0,0.0322,0,0,0.0,0.0,-0.4,-0.3,NORMAL
2026-09-28T13:24:07,MATI,AMAN,0,0.0168,0,0,0.0,0.0,-0.6,-0.2,NORMAL
2026-09-28T13:24:09,MATI,AMAN,0,0.017,0,0,0.0,0.0,-0.7,-0.2,NORMAL
2026-09-28T13:24:11,MATI,AMAN,0,0.0156,0,0,0.0,0.0,-0.6,-0.3,NORMAL
2026-09-28T13:24:12,MATI,AMAN,0,0.0157,0,0,0.0,0.0,-0.8,0.0,NORMAL
2026-09-28T13:24:14,MATI,AMAN,0,0.0217,0,0,0.0,0.0,-0.8,-0.1,NORMAL
2026-09-28T13:24:16,MATI,AMAN,0,0.0226,0,0,0.0,0.0,-1.0,0.1,NORMAL
2026-09-28T13:24:17,ON,IDLE,0,0.0397,0,0,0.0,0.0,-0.9,0.2,NORMAL
2026-09-28T13:24:19,MATI,AMAN,0,0.0191,0,0,0.0,0.0,-5.7,2.3,NORMAL
2026-09-28T13:24:21,MATI,AMAN,0,0.0156,0,0,0.0,0.0,-7.2,2.8,NORMAL
2026-09-28T13:24:22,MATI,AMAN,0,0.0184,0,0,0.0,0.0,-6.6,2.4,NORMAL
2026-09-28T13:24:24,MATI,AMAN,0,0.0168,0,0,0.0,0.0,-6.0,2.1,NORMAL
2026-09-28T13:24:26,MATI,AMAN,0,0.017,0,0,0.0,0.0,-5.1,0.9,NORMAL
2026-09-28T13:24:27,MATI,AMAN,0,0.0159,0,0,0.0,0.0,-5.0,2.2,NORMAL
2026-09-28T13:24:29,MATI,AMAN,0,0.0256,0,0,0.0,0.0,-17.7,1.8,MIRING
2026-09-28T13:24:31,MATI,AMAN,0,0.0137,0,0,0.0,0.0,-31.8,-0.4,MIRING
2026-09-28T13:24:32,MATI,AMAN,0,0.0183,0,0,0.0,0.0,-32.8,-0.5,MIRING
2026-09-28T13:24:34,MATI,AMAN,0,0.0159,0,0,0.0,0.0,-3.9,0.8,NORMAL
2026-09-28T13:24:36,MATI,AMAN,0,0.0216,0,0,0.0,0.0,-8.5,-0.3,NORMAL
2026-09-28T13:24:37,MATI,AMAN,0,0.0216,0,0,0.0,0.0,-8.9,-1.3,NORMAL
2026-09-28T13:24:39,MATI,AMAN,0,0.0207,0,0,0.0,0.0,-9.3,-1.4,NORMAL
2026-09-28T13:24:41,MATI,AMAN,0,0.0201,0,0,0.0,0.0,-9.8,-1.5,NORMAL
2026-09-28T13:24:42,MATI,AMAN,0,0.019,0,0,0.0,0.0,-9.0,0.9,NORMAL
2026-09-28T13:24:44,ON,AMAN,0,0.1911,0,0,0.0,0.0,-11.5,-13.4,MIRING
2026-09-28T13:24:45,MATI,AMAN,0,0.0215,0,0,0.0,0.0,-10.5,-12.6,MIRING
2026-09-28T13:24:47,ON,IDLE,0,0.0304,0,0,0.0,0.0,-10.5,-12.6,MIRING
2026-09-28T13:24:49,MATI,AMAN,0,0.0261,0,0,0.0,0.0,-10.5,-12.6,MIRING
2026-09-28T13:24:51,MATI,AMAN,0,0.0205,0,0,0.0,0.0,-10.7,-12.8,MIRING
2026-09-28T13:24:52,MATI,AMAN,0,0.0167,0,0,0.0,0.0,-10.5,-12.7,MIRING
2026-09-28T13:24:54,MATI,AMAN,0,0.0203,0,0,0.0,0.0,-10.6,-12.7,MIRING
2026-09-28T13:24:56,ON,IDLE,0,0.0601,0,0,0.0,0.0,-10.4,-12.6,MIRING
2026-09-28T13:24:57,ON,IDLE,1,0.0668,0,0,0.0,0.0,-10.8,-12.4,MIRING
2026-09-28T13:24:59,ON,IDLE,3,0.0481,0,0,0.0,0.0,-15.9,-17.9,MIRING
2026-09-28T13:25:01,MATI,AMAN,0,0.021,0,0,0.0,0.0,-14.5,-16.8,MIRING
2026-09-28T13:25:02,MATI,AMAN,0,0.0236,0,0,0.0,0.0,-13.9,-16.1,MIRING
2026-09-28T13:25:04,MATI,AMAN,0,0.0211,0,0,0.0,0.0,-13.4,-15.6,MIRING
2026-09-28T13:25:06,MATI,AMAN,0,0.0165,0,0,0.0,0.0,-13.9,-16.1,MIRING
2026-09-28T13:25:07,MATI,AMAN,0,0.023,0,0,0.0,0.0,-13.7,-15.9,MIRING
2026-09-28T13:25:09,MATI,AMAN,0,0.0211,0,0,0.0,0.0,-13.7,-15.9,MIRING
2026-09-28T13:25:11,MATI,AMAN,0,0.0154,0,0,0.0,0.0,-13.7,-15.8,MIRING
2026-09-28T13:25:12,MATI,AMAN,0,0.0198,0,0,0.0,0.0,-13.3,-15.5,MIRING
2026-09-28T13:25:14,MATI,AMAN,0,0.021,0,0,0.0,0.0,-13.3,-15.4,MIRING
2026-09-28T13:25:16,MATI,AMAN,0,0.0247,0,0,0.0,0.0,-13.2,-15.2,MIRING
2026-09-28T13:25:17,MATI,AMAN,0,0.0183,0,0,0.0,0.0,-13.0,-15.1,MIRING
2026-09-28T13:25:19,MATI,AMAN,0,0.0228,0,0,0.0,0.0,-12.9,-15.0,MIRING
2026-09-28T13:25:21,MATI,AMAN,0,0.0171,0,0,0.0,0.0,-12.7,-14.8,MIRING
2026-09-28T13:25:22,MATI,AMAN,0,0.0137,0,0,0.0,0.0,-12.6,-14.7,MIRING
2026-09-28T13:25:24,MATI,AMAN,0,0.022,0,0,0.0,0.0,-12.7,-14.8,MIRING
2026-09-28T13:25:26,MATI,AMAN,0,0.0165,0,0,0.0,0.0,-12.7,-14.8,MIRING
2026-09-28T13:25:27,MATI,AMAN,0,0.0282,0,0,0.0,0.0,-12.8,-14.8,MIRING
2026-09-28T13:25:29,ON,IDLE,0,0.0344,0,0,0.0,0.0,-10.7,-12.6,MIRING
2026-09-28T13:25:31,MATI,AMAN,0,0.0253,0,0,0.0,0.0,-7.6,-5.7,NORMAL
2026-09-28T13:25:32,MATI,AMAN,0,0.0077,0,0,0.0,0.0,-7.3,-3.2,NORMAL
2026-09-28T13:25:34,MATI,AMAN,0,0.0184,0,0,0.0,0.0,-6.5,-2.7,NORMAL
2026-09-28T13:25:36,MATI,AMAN,0,0.0296,0,0,0.0,0.0,-5.9,-2.6,NORMAL
2026-09-28T13:25:37,MATI,AMAN,0,0.0262,0,0,0.0,0.0,-5.8,-2.3,NORMAL
2026-09-28T13:25:39,MATI,AMAN,0,0.0292,0,0,0.0,0.0,-5.8,-2.4,NORMAL
2026-09-28T13:25:41,MATI,AMAN,0,0.0194,0,0,0.0,0.0,-5.5,-2.5,NORMAL
2026-09-28T13:25:42,MATI,AMAN,0,0.0096,0,0,0.0,0.0,-5.5,-2.4,NORMAL
2026-09-28T13:25:44,MATI,AMAN,0,0.0193,0,0,0.0,0.0,-5.4,-2.3,NORMAL
2026-09-28T13:25:46,MATI,AMAN,0,0.0151,0,0,0.0,0.0,-5.5,-2.5,NORMAL
2026-09-28T13:25:47,MATI,AMAN,0,0.0145,0,0,0.0,0.0,-5.5,-2.4,NORMAL
2026-09-28T13:25:49,MATI,AMAN,0,0.0155,0,0,0.0,0.0,-5.4,-2.5,NORMAL
2026-09-28T13:25:51,MATI,AMAN,0,0.0174,0,0,0.0,0.0,-5.3,-2.4,NORMAL
2026-09-28T13:25:52,MATI,AMAN,0,0.0177,0,0,0.0,0.0,-5.4,-2.4,NORMAL
2026-09-28T13:25:54,MATI,AMAN,0,0.0161,0,0,0.0,0.0,-5.3,-2.5,NORMAL
2026-09-28T13:25:56,MATI,AMAN,0,0.0191,0,0,0.0,0.0,-5.2,-2.5,NORMAL
2026-09-28T13:25:57,MATI,AMAN,0,0.0163,0,0,0.0,0.0,-5.2,-2.5,NORMAL
2026-09-28T13:25:59,MATI,AMAN,0,0.0151,0,0,0.0,0.0,-5.3,-2.4,NORMAL
2026-09-28T13:26:01,MATI,AMAN,0,0.0181,0,0,0.0,0.0,-5.2,-2.4,NORMAL
2026-09-28T13:26:02,MATI,AMAN,0,0.0173,0,0,0.0,0.0,-5.2,-2.6,NORMAL
2026-09-28T13:26:04,MATI,AMAN,0,0.0137,0,0,0.0,0.0,-6.6,-2.6,NORMAL
2026-09-28T13:26:06,ON,AMAN,0,0.6924,0,0,0.0,0.0,-5.5,-2.0,NORMAL
2026-09-28T13:26:07,ON,AMAN,0,0.8182,0,0,0.0,0.0,-5.9,-2.4,NORMAL
2026-09-28T13:26:09,ON,AMAN,0,0.6113,0,0,0.0,0.0,-6.1,-3.0,NORMAL
2026-09-28T13:26:11,ON,IDLE,0,0.1518,0,0,0.0,0.0,-5.6,-2.6,NORMAL
2026-09-28T13:26:12,ON,AMAN,0,0.6348,0,0,0.0,0.0,-5.2,-2.8,NORMAL
2026-09-28T13:26:14,ON,AMAN,0,0.3718,0,0,0.0,0.0,-5.5,-3.0,NORMAL
2026-09-28T13:26:16,ON,AMAN,0,0.3056,0,0,0.0,0.0,-6.2,-3.1,NORMAL
2026-09-28T13:26:17,ON,AMAN,0,0.55,0,0,0.0,0.0,-6.0,-3.0,NORMAL
2026-09-28T13:26:19,ON,AMAN,0,0.5324,0,0,0.0,0.0,-6.0,-3.1,NORMAL
2026-09-28T13:26:21,ON,AMAN,0,0.5552,0,0,0.0,0.0,-5.7,-2.9,NORMAL
2026-09-28T13:26:22,ON,AMAN,0,0.2996,0,0,0.0,0.0,-6.7,-3.6,NORMAL
2026-09-28T13:26:24,ON,AMAN,0,0.7634,0,0,0.0,0.0,-5.3,-2.8,NORMAL
2026-09-28T13:26:26,ON,AMAN,0,0.5948,0,0,0.0,0.0,-5.8,-3.2,NORMAL
2026-09-28T13:26:27,ON,AMAN,0,0.3156,0,0,0.0,0.0,-4.5,-2.4,NORMAL
2026-09-28T13:26:29,ON,AMAN,0,0.3307,0,0,0.0,0.0,-4.7,-2.6,NORMAL
2026-09-28T13:26:31,ON,AMAN,0,0.2081,0,0,0.0,0.0,-5.0,-2.5,NORMAL
2026-09-28T13:26:32,ON,AMAN,0,0.7818,0,0,0.0,0.0,-5.8,-2.9,NORMAL
2026-09-28T13:26:34,ON,AMAN,0,0.6179,0,0,0.0,0.0,-4.4,-2.4,NORMAL
2026-09-28T13:26:36,ON,AMAN,0,0.471,0,0,0.0,0.0,-4.5,-2.5,NORMAL
2026-09-28T13:26:37,ON,AMAN,0,0.6931,0,0,0.0,0.0,-5.4,-3.2,NORMAL
2026-09-28T13:26:39,ON,AMAN,0,0.7861,0,0,0.0,0.0,-4.9,-2.3,NORMAL
2026-09-28T13:26:40,ON,AMAN,0,0.7245,0,0,0.0,0.0,-5.0,-2.9,NORMAL
2026-09-28T13:26:42,ON,IDLE,0,0.0318,0,0,0.0,0.0,-5.5,-3.1,NORMAL
2026-09-28T13:26:44,MATI,AMAN,0,0.0131,0,0,0.0,0.0,-5.0,-2.8,NORMAL
2026-09-28T13:26:45,MATI,AMAN,0,0.0156,0,0,0.0,0.0,-5.2,-1.7,NORMAL
2026-09-28T13:26:47,MATI,AMAN,0,0.0176,0,0,0.0,0.0,-5.5,-2.0,NORMAL
2026-09-28T13:26:48,MATI,AMAN,0,0.019,0,0,0.0,0.0,-5.2,-2.1,NORMAL
2026-09-28T13:26:50,MATI,AMAN,0,0.0148,0,0,0.0,0.0,-5.5,-2.8,NORMAL
2026-09-28T13:26:51,MATI,AMAN,0,0.0147,0,0,0.0,0.0,-5.3,-2.7,NORMAL
2026-09-28T13:26:53,MATI,AMAN,0,0.0157,0,0,0.0,0.0,-5.3,-2.7,NORMAL
2026-09-28T13:26:55,MATI,AMAN,0,0.0195,0,0,0.0,0.0,-5.3,-2.6,NORMAL
2026-09-28T13:26:56,MATI,AMAN,0,0.0175,0,0,0.0,0.0,-5.3,-2.6,NORMAL
2026-09-28T13:26:58,MATI,AMAN,0,0.0164,0,0,0.0,0.0,-5.4,-2.8,NORMAL
2026-09-28T13:26:59,MATI,AMAN,0,0.0151,0,0,0.0,0.0,-5.5,-2.8,NORMAL
2026-09-28T13:27:01,MATI,AMAN,0,0.0141,0,0,0.0,0.0,-5.6,-2.8,NORMAL
2026-09-28T13:27:03,MATI,AMAN,0,0.018,0,0,0.0,0.0,-5.5,-2.8,NORMAL
2026-09-28T13:27:04,MATI,AMAN,0,0.0158,0,0,0.0,0.0,-5.6,-2.8,NORMAL
2026-09-28T13:27:06,MATI,AMAN,0,0.0175,0,0,0.0,0.0,-5.5,-2.7,NORMAL
2026-09-28T13:27:07,MATI,AMAN,0,0.0164,0,0,0.0,0.0,-5.6,-2.7,NORMAL
2026-09-28T13:27:09,MATI,AMAN,0,0.0124,0,0,0.0,0.0,-5.8,-2.8,NORMAL
2026-09-28T13:27:10,MATI,AMAN,0,0.0167,0,0,0.0,0.0,-5.8,-2.9,NORMAL
2026-09-28T13:27:12,MATI,AMAN,0,0.0163,0,0,0.0,0.0,-5.9,-2.9,NORMAL
2026-09-28T13:27:14,MATI,AMAN,0,0.0185,0,0,0.0,0.0,-6.0,-2.8,NORMAL
2026-09-28T13:27:16,MATI,AMAN,0,0.0116,0,0,0.0,0.0,-5.8,-2.8,NORMAL
2026-09-28T13:27:17,MATI,AMAN,0,0.014,0,0,0.0,0.0,-5.8,-2.9,NORMAL
2026-09-28T13:27:19,MATI,AMAN,0,0.0156,0,0,0.0,0.0,-5.9,-2.9,NORMAL
2026-09-28T13:27:21,MATI,AMAN,0,0.0179,0,0,0.0,0.0,-5.9,-2.9,NORMAL
2026-09-28T13:27:22,MATI,AMAN,0,0.0202,0,0,0.0,0.0,-6.0,-2.9,NORMAL
2026-09-28T13:27:24,MATI,AMAN,0,0.0163,0,0,0.0,0.0,-6.0,-3.0,NORMAL
2026-09-28T13:27:25,MATI,AMAN,0,0.0194,0,0,0.0,0.0,-6.1,-3.4,NORMAL
2026-09-28T13:27:27,MATI,AMAN,0,0.025,0,0,0.0,0.0,-6.2,-3.2,NORMAL
2026-09-28T13:27:28,MATI,AMAN,0,0.0201,0,0,0.0,0.0,-6.1,-3.3,NORMAL
2026-09-28T13:27:30,MATI,AMAN,0,0.0236,0,0,0.0,0.0,-6.9,-3.0,NORMAL
2026-09-28T13:27:31,MATI,AMAN,0,0.0249,0,0,0.0,0.0,-6.9,-3.4,NORMAL
2026-09-28T13:27:33,MATI,AMAN,0,0.0178,0,0,0.0,0.0,-6.7,-3.5,NORMAL
2026-09-28T13:27:34,MATI,AMAN,0,0.0235,0,0,0.0,0.0,-7.0,-3.4,NORMAL
2026-09-28T13:27:36,MATI,AMAN,0,0.0263,0,0,0.0,0.0,-6.8,-3.0,NORMAL
2026-09-28T13:27:37,MATI,AMAN,0,0.0265,0,0,0.0,0.0,-6.9,-3.2,NORMAL
2026-09-28T13:27:39,MATI,AMAN,0,0.0198,0,0,0.0,0.0,-6.7,-3.3,NORMAL
2026-09-28T13:27:40,MATI,AMAN,0,0.0103,0,0,0.0,0.0,-7.1,-3.6,NORMAL
2026-09-28T13:27:42,MATI,AMAN,0,0.0185,0,0,0.0,0.0,-6.8,-3.0,NORMAL
2026-09-28T13:27:44,MATI,AMAN,0,0.0175,0,0,0.0,0.0,-6.8,-3.6,NORMAL
2026-09-28T13:27:45,MATI,AMAN,0,0.0179,0,0,0.0,0.0,-6.6,-3.3,NORMAL
2026-09-28T13:27:47,MATI,AMAN,0,0.0106,0,0,0.0,0.0,-6.8,-3.5,NORMAL
2026-09-28T13:27:48,MATI,AMAN,0,0.0096,0,0,0.0,0.0,-6.5,-3.1,NORMAL
2026-09-28T13:27:50,MATI,AMAN,0,0.0134,0,0,0.0,0.0,-6.9,-3.1,NORMAL
2026-09-28T13:27:51,MATI,AMAN,0,0.0199,0,0,0.0,0.0,-6.4,-3.0,NORMAL
2026-09-28T13:27:53,MATI,AMAN,0,0.0178,0,0,0.0,0.0,-6.6,-3.1,NORMAL
2026-09-28T13:27:55,MATI,AMAN,0,0.0213,0,0,0.0,0.0,-6.7,-3.2,NORMAL
2026-09-28T13:27:56,MATI,AMAN,0,0.0144,0,0,0.0,0.0,-6.8,-3.2,NORMAL
2026-09-28T13:27:58,MATI,AMAN,0,0.0087,0,0,0.0,0.0,-6.8,-3.1,NORMAL
2026-09-28T13:27:59,MATI,AMAN,0,0.0164,0,0,0.0,0.0,-6.7,-3.2,NORMAL
2026-09-28T13:28:01,MATI,AMAN,0,0.0203,0,0,0.0,0.0,-6.8,-3.2,NORMAL
2026-09-28T13:28:03,MATI,AMAN,0,0.0086,0,0,0.0,0.0,-6.4,-3.2,NORMAL
2026-09-28T13:28:04,MATI,AMAN,0,0.0114,0,0,0.0,0.0,-6.7,-3.2,NORMAL
2026-09-28T13:28:06,MATI,AMAN,0,0.0118,0,0,0.0,0.0,-6.5,-3.3,NORMAL
2026-09-28T13:28:08,MATI,AMAN,0,0.0157,0,0,0.0,0.0,-6.3,-3.2,NORMAL
2026-09-28T13:28:09,ON,AMAN,0,0.3836,0,0,0.0,0.0,-6.6,-3.2,NORMAL
2026-09-28T13:28:11,MATI,AMAN,0,0.0173,0,0,0.0,0.0,-6.5,-3.3,NORMAL
2026-09-28T13:28:12,ON,IDLE,0,0.0367,0,0,0.0,0.0,-7.0,-4.0,NORMAL
2026-09-28T13:28:14,MATI,AMAN,0,0.0156,0,0,0.0,0.0,-6.7,-3.4,NORMAL
2026-09-28T13:28:15,MATI,AMAN,0,0.0192,0,0,0.0,0.0,-6.5,-3.5,NORMAL
2026-09-28T13:28:17,MATI,AMAN,0,0.0199,0,0,0.0,0.0,-6.5,-3.5,NORMAL
2026-09-28T13:28:19,MATI,AMAN,0,0.0193,0,0,0.0,0.0,-6.6,-3.4,NORMAL
2026-09-28T13:28:20,MATI,AMAN,0,0.0211,0,0,0.0,0.0,-6.6,-3.4,NORMAL
2026-09-28T13:28:22,MATI,AMAN,0,0.013,0,0,0.0,0.0,-6.6,-3.4,NORMAL
2026-09-28T13:28:24,MATI,AMAN,0,0.0223,0,0,0.0,0.0,-6.5,-3.4,NORMAL
2026-09-28T13:57:01,MATI,AMAN,0,0.016,0,0,0.0,0.0,-3.5,0.8,NORMAL
2026-09-28T13:57:03,MATI,AMAN,0,0.0173,0,0,0.0,0.0,-3.4,0.8,NORMAL
2026-09-28T13:57:04,MATI,AMAN,0,0.0149,0,0,0.0,0.0,-3.4,0.8,NORMAL
2026-09-28T13:57:06,MATI,AMAN,0,0.0143,0,0,0.0,0.0,-3.4,0.7,NORMAL
2026-09-28T13:57:07,MATI,AMAN,0,0.0158,0,0,0.0,0.0,-3.5,0.8,NORMAL
2026-09-28T13:57:08,MATI,AMAN,0,0.0168,0,0,0.0,0.0,-3.4,0.8,NORMAL
2026-09-28T13:57:10,MATI,AMAN,0,0.0159,0,0,0.0,0.0,-3.5,0.8,NORMAL
2026-09-28T13:57:12,MATI,AMAN,0,0.0151,0,0,0.0,0.0,-3.4,0.7,NORMAL
2026-09-28T13:57:13,MATI,AMAN,0,0.0159,0,0,0.0,0.0,-3.5,0.7,NORMAL
2026-09-28T13:57:14,MATI,AMAN,0,0.0195,0,0,0.0,0.0,-3.4,0.8,NORMAL
2026-09-28T13:57:16,MATI,AMAN,0,0.0178,0,0,0.0,0.0,-3.5,0.7,NORMAL
2026-09-28T13:57:17,MATI,AMAN,0,0.0158,0,0,0.0,0.0,-3.4,0.7,NORMAL
2026-09-28T13:57:19,MATI,AMAN,0,0.0201,0,0,0.0,0.0,-3.5,0.8,NORMAL
2026-09-28T13:57:20,MATI,AMAN,0,0.0175,0,0,0.0,0.0,-3.4,0.8,NORMAL
2026-09-28T13:57:22,MATI,AMAN,0,0.0162,0,0,0.0,0.0,-3.5,0.7,NORMAL
2026-09-28T13:57:23,MATI,AMAN,0,0.0159,0,0,0.0,0.0,-3.5,0.8,NORMAL
2026-09-28T13:57:24,MATI,AMAN,0,0.0156,0,0,0.0,0.0,-3.5,0.7,NORMAL
2026-09-28T13:57:26,MATI,AMAN,0,0.0148,0,0,0.0,0.0,-3.5,0.8,NORMAL
2026-09-28T13:57:27,MATI,AMAN,0,0.0153,0,0,0.0,0.0,-3.5,0.7,NORMAL
2026-09-28T13:57:28,ON,IDLE,0,0.0307,0,0,0.0,0.0,-3.4,0.7,NORMAL
2026-09-28T13:57:30,MATI,AMAN,0,0.0282,0,0,0.0,0.0,-3.4,0.7,NORMAL
2026-09-28T13:57:31,MATI,AMAN,0,0.0155,0,0,0.0,0.0,-3.4,0.8,NORMAL
2026-09-28T13:57:32,MATI,AMAN,0,0.0157,0,0,0.0,0.0,-3.5,0.7,NORMAL
2026-09-28T13:57:34,MATI,AMAN,0,0.0226,0,0,0.0,0.0,-3.4,0.8,NORMAL
2026-09-28T13:57:35,MATI,AMAN,0,0.02,0,0,0.0,0.0,-3.4,0.8,NORMAL
2026-09-28T13:57:37,ON,IDLE,0,0.1063,0,0,0.0,0.0,-3.2,0.6,NORMAL
2026-09-28T13:57:38,MATI,AMAN,0,0.0273,0,0,0.0,0.0,-3.3,0.7,NORMAL
2026-09-28T13:57:40,ON,IDLE,0,0.0302,0,0,0.0,0.0,-3.3,0.6,NORMAL
2026-09-28T13:57:41,MATI,AMAN,0,0.0154,0,0,0.0,0.0,-3.4,0.7,NORMAL
2026-09-28T13:57:43,MATI,AMAN,0,0.0158,0,0,0.0,0.0,-3.5,0.7,NORMAL
2026-09-28T13:57:44,MATI,AMAN,0,0.0155,0,0,0.0,0.0,-3.4,0.7,NORMAL
2026-09-28T13:57:45,MATI,AMAN,0,0.0159,0,0,0.0,0.0,-3.4,0.7,NORMAL
2026-09-28T13:57:47,MATI,AMAN,0,0.0163,0,0,0.0,0.0,-3.3,0.7,NORMAL
2026-09-28T13:57:48,MATI,AMAN,0,0.0157,0,0,0.0,0.0,-3.4,0.7,NORMAL
2026-09-28T13:57:50,MATI,AMAN,0,0.0167,0,0,0.0,0.0,-3.4,0.8,NORMAL
2026-09-28T13:57:51,MATI,AMAN,0,0.0164,0,0,0.0,0.0,-3.4,0.7,NORMAL
2026-09-28T13:57:53,MATI,AMAN,0,0.016,0,0,0.0,0.0,-3.4,0.7,NORMAL
2026-09-28T13:57:54,MATI,AMAN,0,0.0144,0,0,0.0,0.0,-3.4,0.7,NORMAL
2026-09-28T13:57:55,MATI,AMAN,0,0.017,0,0,0.0,0.0,-3.4,0.7,NORMAL
2026-09-28T13:57:57,MATI,AMAN,0,0.0171,0,0,0.0,0.0,-3.4,0.7,NORMAL
2026-09-28T13:57:58,MATI,AMAN,0,0.0162,0,0,0.0,0.0,-3.3,0.7,NORMAL
2026-09-28T13:58:00,MATI,AMAN,0,0.0154,0,0,0.0,0.0,-3.4,0.7,NORMAL
2026-09-28T13:58:01,MATI,AMAN,0,0.0164,0,0,0.0,0.0,-3.4,0.7,NORMAL
2026-09-28T13:58:03,MATI,AMAN,0,0.0163,0,0,0.0,0.0,-3.5,0.7,NORMAL
2026-09-28T13:58:04,MATI,AMAN,0,0.0164,0,0,0.0,0.0,-3.4,0.7,NORMAL
2026-09-28T13:58:06,MATI,AMAN,0,0.0161,0,0,0.0,0.0,-3.4,0.7,NORMAL
2026-09-28T13:58:07,MATI,AMAN,0,0.015,0,0,0.0,0.0,-3.4,0.7,NORMAL
2026-09-28T13:58:09,ON,IDLE,0,0.1449,0,0,0.0,0.0,-3.4,0.8,NORMAL
2026-09-28T13:58:10,ON,IDLE,1,0.0581,0,0,0.0,0.0,-3.4,0.8,NORMAL
2026-09-28T13:58:12,MATI,AMAN,0,0.0165,0,0,0.0,0.0,-3.4,0.6,NORMAL
2026-09-28T13:58:13,MATI,AMAN,0,0.0167,0,0,0.0,0.0,-3.4,0.7,NORMAL
2026-09-28T13:58:14,MATI,AMAN,0,0.0166,0,0,0.0,0.0,-3.4,0.7,NORMAL
2026-09-28T13:58:16,MATI,AMAN,0,0.0153,0,0,0.0,0.0,-3.4,0.7,NORMAL
2026-09-28T13:58:17,MATI,AMAN,0,0.0149,0,0,0.0,0.0,-3.4,0.8,NORMAL
2026-09-28T13:58:18,MATI,AMAN,0,0.0169,0,0,0.0,0.0,-3.4,0.7,NORMAL
2026-09-28T13:58:20,MATI,AMAN,0,0.0171,0,0,0.0,0.0,-3.4,0.8,NORMAL
2026-09-28T13:58:21,MATI,AMAN,0,0.0165,0,0,0.0,0.0,-3.4,0.8,NORMAL
2026-09-28T13:58:22,MATI,AMAN,0,0.0152,0,0,0.0,0.0,-3.4,0.6,NORMAL
2026-09-28T13:58:24,MATI,AMAN,0,0.0152,0,0,0.0,0.0,-3.4,0.8,NORMAL
2026-09-28T13:58:25,MATI,AMAN,0,0.0201,0,0,0.0,0.0,-3.5,0.8,NORMAL
2026-09-28T13:58:27,MATI,AMAN,0,0.016,0,0,0.0,0.0,-3.5,0.7,NORMAL
2026-09-28T13:58:28,MATI,AMAN,0,0.016,0,0,0.0,0.0,-3.4,0.7,NORMAL
2026-09-28T13:58:29,MATI,AMAN,0,0.0164,0,0,0.0,0.0,-3.4,0.7,NORMAL
2026-09-28T13:58:31,MATI,AMAN,0,0.0158,0,0,0.0,0.0,-3.4,0.7,NORMAL
2026-09-28T13:58:32,MATI,AMAN,0,0.0165,0,0,0.0,0.0,-3.4,0.7,NORMAL
2026-09-28T13:58:33,MATI,AMAN,0,0.0156,0,0,0.0,0.0,-3.4,0.7,NORMAL
2026-09-28T13:58:34,MATI,AMAN,0,0.0157,0,0,0.0,0.0,-3.4,0.7,NORMAL
2026-09-28T13:58:36,MATI,AMAN,0,0.0176,0,0,0.0,0.0,-3.5,0.7,NORMAL
2026-09-28T13:58:37,MATI,AMAN,0,0.0163,0,0,0.0,0.0,-3.4,0.7,NORMAL
2026-09-28T13:58:39,MATI,AMAN,0,0.0157,0,0,0.0,0.0,-3.4,0.7,NORMAL
2026-09-28T13:58:40,MATI,AMAN,0,0.0164,0,0,0.0,0.0,-3.5,0.7,NORMAL
2026-09-28T13:58:42,MATI,AMAN,0,0.0149,0,0,0.0,0.0,-3.4,0.7,NORMAL
2026-09-28T13:58:43,MATI,AMAN,0,0.016,0,0,0.0,0.0,-3.4,0.6,NORMAL
2026-09-28T13:58:45,MATI,AMAN,0,0.0159,0,0,0.0,0.0,-3.4,0.7,NORMAL
2026-09-28T13:58:46,MATI,AMAN,0,0.0162,0,0,0.0,0.0,-3.4,0.7,NORMAL
2026-09-28T13:58:48,MATI,AMAN,0,0.0135,0,0,0.0,0.0,-3.5,0.7,NORMAL
2026-09-28T13:58:49,MATI,AMAN,0,0.0178,0,0,0.0,0.0,-3.4,0.7,NORMAL
2026-09-28T13:58:51,MATI,AMAN,0,0.0162,0,0,0.0,0.0,-3.4,0.7,NORMAL
2026-09-28T13:58:52,MATI,AMAN,0,0.0162,0,0,0.0,0.0,-3.4,0.7,NORMAL
2026-09-28T13:58:54,MATI,AMAN,0,0.0155,0,0,0.0,0.0,-3.4,0.7,NORMAL
2026-09-28T13:58:56,MATI,AMAN,0,0.0157,0,0,0.0,0.0,-3.3,0.8,NORMAL
2026-09-28T13:58:57,MATI,AMAN,0,0.0171,0,0,0.0,0.0,-3.3,0.7,NORMAL
2026-09-28T13:58:58,MATI,AMAN,0,0.0156,0,0,0.0,0.0,-3.5,0.7,NORMAL
2026-09-28T13:59:00,MATI,AMAN,0,0.0167,0,0,0.0,0.0,-3.4,0.7,NORMAL
2026-09-28T13:59:01,MATI,AMAN,0,0.0154,0,0,0.0,0.0,-3.5,0.7,NORMAL
2026-09-28T13:59:03,MATI,AMAN,0,0.015,0,0,0.0,0.0,-3.4,0.6,NORMAL
2026-09-28T13:59:04,MATI,AMAN,0,0.0162,0,0,0.0,0.0,-3.4,0.7,NORMAL
2026-09-28T13:59:06,MATI,AMAN,0,0.0176,0,0,0.0,0.0,-3.4,0.6,NORMAL
2026-09-28T13:59:07,MATI,AMAN,0,0.016,0,0,0.0,0.0,-3.5,0.7,NORMAL
2026-09-28T13:59:08,MATI,AMAN,0,0.0169,0,0,0.0,0.0,-3.4,0.7,NORMAL
2026-09-28T13:59:10,MATI,AMAN,0,0.0156,0,0,0.0,0.0,-3.5,0.7,NORMAL
2026-09-28T13:59:11,MATI,AMAN,0,0.0157,0,0,0.0,0.0,-3.5,0.7,NORMAL
2026-09-28T13:59:13,MATI,AMAN,0,0.0151,0,0,0.0,0.0,-3.5,0.7,NORMAL
2026-09-28T13:59:14,MATI,AMAN,0,0.0159,0,0,0.0,0.0,-3.4,0.8,NORMAL
2026-09-28T13:59:16,MATI,AMAN,0,0.0153,0,0,0.0,0.0,-3.4,0.7,NORMAL
2026-09-28T13:59:17,MATI,AMAN,0,0.0151,0,0,0.0,0.0,-3.5,0.7,NORMAL
2026-09-28T13:59:18,MATI,AMAN,0,0.018,0,0,0.0,0.0,-3.4,0.7,NORMAL
2026-09-28T13:59:20,MATI,AMAN,0,0.0155,0,0,0.0,0.0,-3.4,0.7,NORMAL
2026-09-28T13:59:21,MATI,AMAN,0,0.0151,0,0,0.0,0.0,-3.5,0.7,NORMAL
2026-09-28T13:59:23,MATI,AMAN,0,0.0146,0,0,0.0,0.0,-3.4,0.6,NORMAL
2026-09-28T13:59:24,MATI,AMAN,0,0.0163,0,0,0.0,0.0,-3.4,0.7,NORMAL
2026-09-28T13:59:26,MATI,AMAN,0,0.0164,0,0,0.0,0.0,-3.5,0.7,NORMAL
2026-09-28T13:59:27,MATI,AMAN,0,0.0168,0,0,0.0,0.0,-3.4,0.7,NORMAL
2026-09-28T13:59:29,MATI,AMAN,0,0.016,0,0,0.0,0.0,-3.4,0.6,NORMAL
2026-09-28T14:09:00,MATI,AMAN,0,0.0219,0,0,0.0,0.0,-42.5,6.1,MIRING
2026-09-28T14:09:06,MATI,AMAN,0,0.0237,0,0,0.0,0.0,-48.0,22.7,MIRING
2026-09-28T14:09:09,MATI,AMAN,0,0.0176,0,0,0.0,0.0,-45.1,9.0,MIRING
2026-09-28T14:09:11,MATI,AMAN,0,0.027,0,0,0.0,0.0,-45.1,9.2,MIRING
2026-09-28T14:09:12,MATI,AMAN,0,0.0188,0,0,0.0,0.0,-45.2,8.9,MIRING
2026-09-28T14:09:14,MATI,AMAN,0,0.0233,0,0,0.0,0.0,-44.9,9.0,MIRING
2026-09-28T14:09:16,MATI,AMAN,0,0.0247,0,0,0.0,0.0,-45.3,8.8,MIRING
2026-09-28T14:09:18,MATI,AMAN,0,0.0197,0,0,0.0,0.0,-45.7,8.6,MIRING
2026-09-28T14:09:20,MATI,AMAN,0,0.0222,0,0,0.0,0.0,-45.4,9.1,MIRING
2026-09-28T14:09:22,MATI,AMAN,0,0.0179,0,0,0.0,0.0,-45.6,8.7,MIRING
2026-09-28T14:09:23,MATI,AMAN,0,0.0204,0,0,0.0,0.0,-45.7,8.8,MIRING
2026-09-28T14:09:25,MATI,AMAN,0,0.021,0,0,0.0,0.0,-45.8,8.7,MIRING
2026-09-28T14:09:27,MATI,AMAN,0,0.0139,0,0,0.0,0.0,-45.8,8.8,MIRING
2026-09-28T14:09:29,MATI,AMAN,0,0.0243,0,0,0.0,0.0,-45.9,8.9,MIRING
2026-09-28T14:09:31,MATI,AMAN,0,0.0203,0,0,0.0,0.0,-45.6,8.9,MIRING
2026-09-28T14:09:33,MATI,AMAN,0,0.0233,0,0,0.0,0.0,-45.2,8.9,MIRING
2026-09-28T14:09:35,MATI,AMAN,0,0.0223,0,0,0.0,0.0,-45.3,9.0,MIRING
2026-09-28T14:09:36,ON,IDLE,0,0.0867,0,0,0.0,0.0,-46.1,8.6,MIRING
2026-09-28T14:09:38,MATI,AMAN,0,0.0213,0,0,0.0,0.0,-44.9,8.7,MIRING
2026-09-28T14:09:40,MATI,AMAN,0,0.0135,0,0,0.0,0.0,-45.2,9.0,MIRING
2026-09-28T14:09:42,MATI,AMAN,0,0.0208,0,0,0.0,0.0,-45.1,9.1,MIRING
2026-09-28T14:09:44,MATI,AMAN,0,0.017,0,0,0.0,0.0,-44.8,9.0,MIRING
2026-09-28T14:09:46,MATI,AMAN,0,0.0225,0,0,0.0,0.0,-45.3,8.9,MIRING
2026-09-28T14:09:48,MATI,AMAN,0,0.0238,0,0,0.0,0.0,-45.1,9.1,MIRING
2026-09-28T14:09:50,MATI,AMAN,0,0.0149,0,0,0.0,0.0,-44.9,9.0,MIRING
2026-09-28T14:09:52,MATI,AMAN,0,0.0182,0,0,0.0,0.0,-45.1,9.0,MIRING
2026-09-28T14:09:54,MATI,AMAN,0,0.0199,0,0,0.0,0.0,-45.4,9.0,MIRING
2026-09-28T14:09:56,MATI,AMAN,0,0.0166,0,0,0.0,0.0,-43.0,8.9,MIRING
2026-09-28T14:09:58,MATI,AMAN,0,0.0143,0,0,0.0,0.0,-42.2,8.2,MIRING
2026-09-28T14:09:59,MATI,AMAN,0,0.0163,0,0,0.0,0.0,-42.5,8.2,MIRING
2026-09-28T14:10:01,MATI,AMAN,0,0.0147,0,0,0.0,0.0,-42.6,8.2,MIRING
2026-09-28T14:10:03,MATI,AMAN,0,0.0216,0,0,0.0,0.0,-42.9,8.0,MIRING
2026-09-28T14:10:05,MATI,AMAN,0,0.017,0,0,0.0,0.0,-42.9,8.2,MIRING
2026-09-28T14:10:06,MATI,AMAN,0,0.0159,0,0,0.0,0.0,-43.1,7.8,MIRING
2026-09-28T14:10:08,MATI,AMAN,0,0.0155,0,0,0.0,0.0,-43.2,7.8,MIRING
2026-09-28T14:10:10,MATI,AMAN,0,0.0204,0,0,0.0,0.0,-44.0,8.2,MIRING
2026-09-28T14:10:12,MATI,AMAN,0,0.0218,0,0,0.0,0.0,-41.9,8.2,MIRING
2026-09-28T14:10:13,ON,IDLE,0,0.0373,0,0,0.0,0.0,-43.0,7.3,MIRING
2026-09-28T14:10:15,MATI,AMAN,0,0.0246,0,0,0.0,0.0,-43.9,7.2,MIRING
2026-09-28T14:10:16,ON,IDLE,0,0.0337,0,0,0.0,0.0,-49.3,7.7,MIRING
2026-09-28T14:10:18,MATI,AMAN,0,0.0161,0,0,0.0,0.0,-47.8,6.8,MIRING
2026-09-28T14:10:20,MATI,AMAN,0,0.0209,0,0,0.0,0.0,-47.2,6.7,MIRING
2026-09-28T14:10:22,MATI,AMAN,0,0.0155,0,0,0.0,0.0,-47.6,7.0,MIRING
2026-09-28T14:10:23,ON,IDLE,0,0.0548,0,0,0.0,0.0,-46.6,7.1,MIRING
2026-09-28T14:10:25,MATI,AMAN,0,0.0233,0,0,0.0,0.0,-46.9,7.1,MIRING
2026-09-28T14:10:27,MATI,AMAN,0,0.0218,0,0,0.0,0.0,-46.7,7.3,MIRING
2026-09-28T14:10:29,MATI,AMAN,0,0.0223,0,0,0.0,0.0,-46.2,7.7,MIRING
2026-09-28T14:10:30,MATI,AMAN,0,0.0146,0,0,0.0,0.0,-46.7,7.6,MIRING
2026-09-28T14:10:32,MATI,AMAN,0,0.0218,0,0,0.0,0.0,-46.8,7.8,MIRING
2026-09-28T14:10:34,MATI,AMAN,0,0.0181,0,0,0.0,0.0,-46.5,7.8,MIRING
2026-09-28T14:10:35,MATI,AMAN,0,0.0225,0,0,0.0,0.0,-46.5,8.0,MIRING
2026-09-28T14:10:37,MATI,AMAN,0,0.027,0,0,0.0,0.0,-46.5,8.4,MIRING
2026-09-28T14:10:38,ON,IDLE,0,0.0533,0,0,0.0,0.0,-44.7,8.2,MIRING
2026-09-28T14:10:40,ON,IDLE,1,0.0492,0,0,0.0,0.0,-43.9,6.9,MIRING
2026-09-28T14:10:42,ON,IDLE,3,0.0374,0,0,0.0,0.0,-37.0,3.9,MIRING
2026-09-28T14:10:43,ON,IDLE,4,0.0361,0,0,0.0,0.0,-38.4,4.7,MIRING
2026-09-28T14:10:45,MATI,AMAN,0,0.0196,0,0,0.0,0.0,-38.0,5.7,MIRING
2026-09-28T14:10:47,MATI,AMAN,0,0.0176,0,0,0.0,0.0,-38.1,5.6,MIRING
2026-09-28T17:48:22,MATI,AMAN,0,0.0154,0,0,0.0,0.0,-4.3,1.0,NORMAL
2026-09-28T17:48:24,MATI,AMAN,0,0.0163,0,0,0.0,0.0,-4.1,1.0,NORMAL
2026-09-28T17:48:26,MATI,AMAN,0,0.0154,0,0,0.0,0.0,-4.2,0.9,NORMAL
2026-09-28T17:48:27,MATI,AMAN,0,0.0156,0,0,0.0,0.0,-4.1,1.0,NORMAL
2026-09-28T17:48:29,MATI,AMAN,0,0.0172,0,0,0.0,0.0,-4.2,0.9,NORMAL
2026-09-28T17:48:31,MATI,AMAN,0,0.0151,0,0,0.0,0.0,-4.2,0.9,NORMAL
2026-09-28T17:48:33,MATI,AMAN,0,0.0162,0,0,0.0,0.0,-4.2,0.9,NORMAL
2026-09-28T17:48:34,MATI,AMAN,0,0.0176,0,0,0.0,0.0,-4.5,1.1,NORMAL
2026-09-28T17:48:36,MATI,AMAN,0,0.0165,0,0,0.0,0.0,-4.1,0.8,NORMAL
2026-09-28T17:48:38,MATI,AMAN,0,0.014,0,0,0.0,0.0,-4.5,1.1,NORMAL
2026-09-28T17:48:39,MATI,AMAN,0,0.0157,0,0,0.0,0.0,-4.3,0.8,NORMAL
2026-09-28T17:48:41,MATI,AMAN,0,0.019,0,0,0.0,0.0,-4.1,1.4,NORMAL
2026-09-28T17:48:43,MATI,AMAN,0,0.0264,0,0,0.0,0.0,-4.0,1.3,NORMAL
2026-09-28T17:48:44,MATI,AMAN,0,0.0163,0,0,0.0,0.0,-4.6,1.3,NORMAL
2026-09-28T17:48:46,ON,IDLE,0,0.039,0,0,0.0,0.0,-4.6,1.8,NORMAL
2026-09-28T17:48:47,ON,IDLE,1,0.0428,0,0,0.0,0.0,-3.2,2.3,NORMAL
2026-09-28T17:48:49,MATI,AMAN,0,0.0174,0,0,0.0,0.0,-4.1,0.3,NORMAL
2026-09-28T17:48:51,MATI,AMAN,0,0.0143,0,0,0.0,0.0,-3.9,0.8,NORMAL
2026-09-28T17:48:53,MATI,AMAN,0,0.0159,0,0,0.0,0.0,-3.9,0.7,NORMAL
2026-09-28T17:48:54,MATI,AMAN,0,0.0151,0,0,0.0,0.0,-3.9,0.7,NORMAL
2026-09-28T17:48:56,MATI,AMAN,0,0.0173,0,0,0.0,0.0,-3.9,0.8,NORMAL
2026-09-28T17:48:58,MATI,AMAN,0,0.0159,0,0,0.0,0.0,-3.9,0.7,NORMAL
2026-09-28T17:48:59,MATI,AMAN,0,0.0175,0,0,0.0,0.0,-3.9,0.7,NORMAL
2026-09-28T17:49:01,MATI,AMAN,0,0.0144,0,0,0.0,0.0,-3.9,0.8,NORMAL
2026-09-28T17:49:03,MATI,AMAN,0,0.0161,0,0,0.0,0.0,-4.0,0.8,NORMAL
2026-09-28T17:49:05,MATI,AMAN,0,0.0157,0,0,0.0,0.0,-3.9,0.7,NORMAL
2026-09-28T17:49:07,ON,IDLE,0,0.032,0,0,0.0,0.0,-4.0,0.7,NORMAL
2026-09-28T17:49:08,MATI,AMAN,0,0.0155,0,0,0.0,0.0,-4.1,0.9,NORMAL
2026-09-28T17:49:10,MATI,AMAN,0,0.0158,0,0,0.0,0.0,-4.0,0.6,NORMAL
2026-09-28T17:49:12,MATI,AMAN,0,0.017,0,0,0.0,0.0,-3.9,0.3,NORMAL
2026-09-28T17:49:13,MATI,AMAN,0,0.0179,0,0,0.0,0.0,-3.9,1.2,NORMAL
2026-09-28T17:49:15,MATI,AMAN,0,0.0158,0,0,0.0,0.0,-3.9,0.8,NORMAL
2026-09-28T17:49:17,MATI,AMAN,0,0.017,0,0,0.0,0.0,-4.0,0.8,NORMAL
2026-09-28T17:49:18,MATI,AMAN,0,0.0169,0,0,0.0,0.0,-3.8,0.7,NORMAL
2026-09-28T17:49:20,MATI,AMAN,0,0.0153,0,0,0.0,0.0,-4.0,0.7,NORMAL
2026-09-28T17:49:22,MATI,AMAN,0,0.0179,0,0,0.0,0.0,-4.0,0.7,NORMAL
2026-09-28T17:49:24,MATI,AMAN,0,0.0148,0,0,0.0,0.0,-4.0,0.8,NORMAL
2026-09-28T17:49:25,MATI,AMAN,0,0.0159,0,0,0.0,0.0,-4.0,0.7,NORMAL
2026-09-28T17:49:27,MATI,AMAN,0,0.0154,0,0,0.0,0.0,-4.1,0.8,NORMAL
2026-09-28T17:49:29,MATI,AMAN,0,0.0172,0,0,0.0,0.0,-4.0,0.8,NORMAL
2026-09-28T17:49:30,MATI,AMAN,0,0.0148,0,0,0.0,0.0,-4.0,0.8,NORMAL
2026-09-28T17:49:32,MATI,AMAN,0,0.0163,0,0,0.0,0.0,-3.9,0.7,NORMAL
2026-09-28T17:49:34,MATI,AMAN,0,0.0162,0,0,0.0,0.0,-4.0,0.8,NORMAL
2026-09-28T17:49:36,MATI,AMAN,0,0.0152,0,0,0.0,0.0,-3.9,0.8,NORMAL
2026-09-28T17:49:38,MATI,AMAN,0,0.0159,0,0,0.0,0.0,-3.9,0.9,NORMAL
2026-09-28T17:49:40,MATI,AMAN,0,0.0162,0,0,0.0,0.0,-3.9,0.8,NORMAL
2026-09-29T10:14:13,MATI,AMAN,0,0.0173,0,1,-1.2617841666666667,116.84248816666667,-1.8,2.1,NORMAL
2026-09-29T10:14:14,MATI,AMAN,0,0.0154,0,0,0.0,0.0,-1.8,2.1,NORMAL
2026-09-29T10:14:48,MATI,AMAN,0,0.016,0,1,-1.2617958333333332,116.8424795,-1.9,2.2,NORMAL
2026-09-29T10:14:50,MATI,AMAN,0,0.0154,0,1,-1.2617958333333332,116.8424795,-1.7,2.1,NORMAL
2026-09-29T10:14:51,MATI,AMAN,0,0.0167,0,0,0.0,0.0,-1.8,2.1,NORMAL
2026-09-29T10:14:52,MATI,AMAN,0,0.0167,0,1,-1.2618051666666668,116.84247883333333,-1.8,2.1,NORMAL
2026-09-29T10:14:53,MATI,AMAN,0,0.0157,0,1,-1.2618051666666668,116.84247883333333,-1.8,2.1,NORMAL
2026-09-29T10:14:54,MATI,AMAN,0,0.0152,0,0,0.0,0.0,-1.8,2.1,NORMAL
2026-09-29T10:14:55,MATI,AMAN,0,0.0174,0,1,-1.261808,116.84248316666667,-1.8,2.1,NORMAL
2026-09-29T10:14:56,ON,IDLE,0,0.0538,0,1,-1.261808,116.84248316666667,-1.7,2.1,NORMAL
2026-09-29T10:14:57,MATI,AMAN,0,0.0159,0,0,0.0,0.0,-1.8,2.1,NORMAL
2026-09-29T10:14:58,MATI,AMAN,0,0.0165,0,1,-1.261814,116.84248166666667,-1.8,2.1,NORMAL
2026-09-29T10:14:59,MATI,AMAN,0,0.0173,0,1,-1.261814,116.84248166666667,-1.7,2.0,NORMAL
2026-09-29T10:15:00,MATI,AMAN,0,0.0172,0,0,0.0,0.0,-1.8,2.1,NORMAL
2026-09-29T10:15:01,MATI,AMAN,0,0.0211,0,1,-1.2618321666666668,116.84247216666667,-1.8,2.1,NORMAL
2026-09-29T10:15:02,MATI,AMAN,0,0.015,0,1,-1.2618321666666668,116.84247216666667,-1.8,2.2,NORMAL
2026-09-29T10:15:03,MATI,AMAN,0,0.0161,0,0,0.0,0.0,-1.8,2.1,NORMAL
2026-09-29T10:15:04,MATI,AMAN,0,0.0169,0,1,-1.2618433333333332,116.8424645,-1.8,2.2,NORMAL
2026-09-29T10:15:05,MATI,AMAN,0,0.015,0,1,-1.2618433333333332,116.8424645,-1.8,2.1,NORMAL
2026-09-29T10:15:06,MATI,AMAN,0,0.0182,0,0,0.0,0.0,-1.8,2.1,NORMAL
2026-09-29T10:15:07,MATI,AMAN,0,0.0176,0,1,-1.2618451666666668,116.84246566666667,-1.8,2.1,NORMAL
2026-09-29T10:15:09,MATI,AMAN,0,0.0149,0,1,-1.2618451666666668,116.84246566666667,-1.8,2.1,NORMAL
2026-09-29T10:15:10,MATI,AMAN,0,0.0205,0,0,0.0,0.0,-1.8,2.1,NORMAL
2026-09-29T10:15:11,MATI,AMAN,0,0.0168,0,1,-1.2618488333333333,116.842466,-1.8,2.1,NORMAL
2026-09-29T10:15:12,ON,IDLE,0,0.0731,0,1,-1.2618488333333333,116.842466,-1.7,2.1,NORMAL
2026-09-29T10:15:13,MATI,AMAN,0,0.0178,0,0,0.0,0.0,-1.8,2.1,NORMAL
2026-09-29T10:15:14,MATI,AMAN,0,0.0216,0,1,-1.2618648333333333,116.842455,-1.8,2.1,NORMAL
2026-09-29T10:15:15,ON,IDLE,0,0.0713,0,1,-1.2618648333333333,116.842455,-1.9,2.2,NORMAL
2026-09-29T10:15:16,MATI,AMAN,0,0.0277,0,0,0.0,0.0,-1.9,2.1,NORMAL
2026-09-29T10:15:17,MATI,AMAN,0,0.0282,0,1,-1.2618766666666668,116.84244966666667,-1.8,2.2,NORMAL
2026-09-29T10:15:18,ON,IDLE,0,0.0679,0,1,-1.2618766666666668,116.84244966666667,-1.7,2.1,NORMAL
2026-09-29T10:15:19,MATI,AMAN,0,0.0171,0,0,0.0,0.0,-1.8,2.1,NORMAL
2026-09-29T10:15:20,MATI,AMAN,0,0.0172,0,1,-1.2618813333333334,116.84245083333333,-1.9,2.2,NORMAL
2026-09-29T10:15:22,MATI,AMAN,0,0.0153,0,1,-1.2618813333333334,116.84245083333333,-1.8,2.1,NORMAL
2026-09-29T10:15:23,MATI,AMAN,0,0.0166,0,0,0.0,0.0,-1.8,2.2,NORMAL
2026-09-29T10:15:24,MATI,AMAN,0,0.0163,0,1,-1.2618835,116.8424535,-1.9,2.2,NORMAL
2026-09-29T10:15:25,MATI,AMAN,0,0.0168,0,1,-1.2618835,116.8424535,-1.8,2.1,NORMAL
2026-09-29T10:15:26,MATI,AMAN,0,0.0169,0,0,0.0,0.0,-1.8,2.1,NORMAL
2026-09-29T10:16:13,MATI,AMAN,0,0.0178,0,1,-1.2618776666666667,116.84245216666666,-1.9,2.1,NORMAL
2026-09-29T10:16:14,MATI,AMAN,0,0.017,0,1,-1.2618776666666667,116.84245216666666,-1.8,2.1,NORMAL
2026-09-29T10:16:15,MATI,AMAN,0,0.0149,0,0,0.0,0.0,-1.7,2.0,NORMAL
2026-09-29T10:16:16,MATI,AMAN,0,0.0115,0,1,-1.2618893333333334,116.84244583333333,-1.8,2.2,NORMAL
2026-09-29T10:16:18,MATI,AMAN,0,0.0162,0,1,-1.2618893333333334,116.84244583333333,-1.8,2.1,NORMAL
2026-09-29T10:16:19,MATI,AMAN,0,0.0178,0,0,0.0,0.0,-1.7,2.0,NORMAL
2026-09-29T10:16:20,ON,IDLE,0,0.1176,0,1,-1.261897,116.84244183333334,-2.0,2.2,NORMAL
2026-09-29T10:16:21,MATI,AMAN,0,0.0137,0,1,-1.261897,116.84244183333334,-1.7,2.0,NORMAL
2026-09-29T10:16:22,ON,IDLE,0,0.0473,0,0,0.0,0.0,-2.4,2.7,NORMAL
2026-09-29T10:16:23,MATI,AMAN,0,0.0162,0,1,-1.2619036666666665,116.84243816666667,-1.8,2.1,NORMAL
2026-09-29T10:16:24,MATI,AMAN,0,0.0171,0,1,-1.2619036666666665,116.84243816666667,-1.9,2.1,NORMAL
2026-09-29T10:16:26,MATI,AMAN,0,0.0165,0,0,0.0,0.0,-1.8,2.1,NORMAL
2026-09-29T10:16:27,MATI,AMAN,0,0.0167,0,1,-1.2619058333333333,116.842438,-1.8,2.1,NORMAL
2026-09-29T10:16:28,MATI,AMAN,0,0.0165,0,1,-1.2619058333333333,116.842438,-1.8,2.1,NORMAL
2026-09-29T10:16:29,MATI,AMAN,0,0.0274,0,0,0.0,0.0,-1.7,2.0,NORMAL
2026-09-29T10:16:30,ON,IDLE,0,0.1212,0,1,-1.2618986666666667,116.84244433333333,-1.1,1.4,NORMAL
2026-09-29T10:16:31,MATI,AMAN,0,0.0256,0,1,-1.2618986666666667,116.84244433333333,-1.8,2.1,NORMAL
2026-09-29T10:16:32,MATI,AMAN,0,0.0207,0,0,0.0,0.0,-1.8,2.1,NORMAL
2026-09-29T10:16:34,ON,IDLE,0,0.0966,0,1,-1.2619126666666667,116.842434,0.7,-0.2,NORMAL
2026-09-29T10:16:35,MATI,AMAN,0,0.0171,0,1,-1.2619126666666667,116.842434,-1.9,2.2,NORMAL
2026-09-29T10:16:36,ON,IDLE,0,0.0662,0,0,0.0,0.0,-3.0,3.1,NORMAL
2026-09-29T10:16:37,MATI,AMAN,0,0.0162,0,1,-1.2619241666666667,116.842428,-1.8,2.2,NORMAL
2026-09-29T10:16:38,ON,IDLE,0,0.089,0,1,-1.2619241666666667,116.842428,-2.1,1.7,NORMAL
2026-09-29T10:16:39,MATI,AMAN,0,0.0178,0,0,0.0,0.0,-1.8,2.0,NORMAL
2026-09-29T10:16:40,MATI,AMAN,0,0.0171,0,1,-1.261924,116.84243216666667,-1.8,2.0,NORMAL
2026-09-29T10:16:42,MATI,AMAN,0,0.0166,0,1,-1.261924,116.84243216666667,-1.8,2.1,NORMAL
2026-09-29T10:16:43,MATI,AMAN,0,0.0159,0,0,0.0,0.0,-1.8,2.1,NORMAL
2026-09-29T10:16:44,MATI,AMAN,0,0.0177,0,1,-1.2619305,116.8424285,-1.8,2.1,NORMAL
2026-09-29T10:16:45,MATI,AMAN,0,0.0149,0,1,-1.2619305,116.8424285,-1.7,2.0,NORMAL
2026-09-29T10:24:36,MATI,AMAN,0,0.0157,0,1,-1.2621676666666666,116.84227183333333,-2.2,2.5,NORMAL
2026-09-29T10:24:44,MATI,AMAN,0,0.0168,0,0,0.0,0.0,-2.1,2.5,NORMAL
2026-09-29T10:24:46,MATI,AMAN,0,0.0154,0,1,-1.262171,116.8422695,-2.2,2.5,NORMAL
2026-09-29T10:24:47,MATI,AMAN,0,0.016,0,1,-1.262171,116.8422695,-2.2,2.5,NORMAL
2026-09-29T10:24:49,MATI,AMAN,0,0.0155,0,0,0.0,0.0,-2.2,2.6,NORMAL
2026-09-29T10:24:50,MATI,AMAN,0,0.0157,0,1,-1.2621758333333333,116.84226983333333,-2.2,2.5,NORMAL
2026-09-29T10:24:52,MATI,AMAN,0,0.0158,0,1,-1.2621758333333333,116.84226983333333,-2.1,2.5,NORMAL
2026-09-29T10:24:53,MATI,AMAN,0,0.0258,0,0,0.0,0.0,-2.1,2.5,NORMAL
2026-09-29T10:24:55,MATI,AMAN,0,0.0163,0,1,-1.2621723333333335,116.84226933333333,-2.2,2.6,NORMAL
2026-09-29T10:24:56,MATI,AMAN,0,0.0149,0,1,-1.2621723333333335,116.84226933333333,-2.2,2.5,NORMAL
2026-09-29T10:24:57,MATI,AMAN,0,0.0146,0,0,0.0,0.0,-2.1,2.5,NORMAL
2026-09-29T10:24:59,MATI,AMAN,0,0.0165,0,1,-1.2621746666666667,116.8422675,-2.1,2.5,NORMAL
2026-09-29T10:25:00,MATI,AMAN,0,0.0163,0,1,-1.2621746666666667,116.8422675,-2.1,2.5,NORMAL
2026-09-29T10:25:02,MATI,AMAN,0,0.0148,0,0,0.0,0.0,-2.1,2.5,NORMAL
2026-09-29T10:25:04,MATI,AMAN,0,0.0128,0,1,-1.262174,116.84226716666667,-2.1,2.5,NORMAL
2026-09-29T10:25:05,MATI,AMAN,0,0.0166,0,1,-1.262174,116.84226716666667,-2.0,2.4,NORMAL
2026-09-29T10:25:07,MATI,AMAN,0,0.016,0,0,0.0,0.0,-2.1,2.5,NORMAL
2026-09-29T10:25:08,MATI,AMAN,0,0.0163,0,1,-1.2621823333333333,116.842265,-2.1,2.5,NORMAL
2026-09-29T10:25:09,MATI,AMAN,0,0.0179,0,1,-1.2621823333333333,116.842265,-2.2,2.6,NORMAL
2026-09-29T10:25:11,MATI,AMAN,0,0.0156,0,0,0.0,0.0,-2.2,2.6,NORMAL
2026-09-29T10:25:12,MATI,AMAN,0,0.0155,0,1,-1.26218,116.84226483333333,-2.2,2.5,NORMAL
2026-09-29T10:25:14,MATI,AMAN,0,0.0167,0,1,-1.26218,116.84226483333333,-2.2,2.5,NORMAL
2026-09-29T10:25:15,MATI,AMAN,0,0.0144,0,0,0.0,0.0,-2.1,2.5,NORMAL
2026-09-29T10:25:16,MATI,AMAN,0,0.0173,0,1,-1.2621923333333334,116.84226583333333,-2.2,2.5,NORMAL
2026-09-29T10:25:18,MATI,AMAN,0,0.0157,0,1,-1.2621923333333334,116.84226583333333,-2.2,2.5,NORMAL
2026-09-29T10:25:22,MATI,AMAN,0,0.0158,0,0,0.0,0.0,-2.2,2.6,NORMAL
2026-09-29T10:25:24,MATI,AMAN,0,0.016,0,1,-1.2622066666666667,116.84227033333333,-2.2,2.5,NORMAL
2026-09-29T10:25:25,MATI,AMAN,0,0.0146,0,1,-1.2622066666666667,116.84227033333333,-2.1,2.4,NORMAL
2026-09-29T10:25:27,MATI,AMAN,0,0.0159,0,0,0.0,0.0,-2.2,2.5,NORMAL
2026-09-29T10:25:28,MATI,AMAN,0,0.0158,0,1,-1.2622063333333333,116.842268,-2.2,2.6,NORMAL
2026-09-29T10:25:30,MATI,AMAN,0,0.0163,0,1,-1.2622063333333333,116.842268,-2.1,2.5,NORMAL
2026-09-29T10:25:31,MATI,AMAN,0,0.0158,0,0,0.0,0.0,-2.2,2.5,NORMAL
2026-09-29T10:25:33,MATI,AMAN,0,0.0165,0,1,-1.2622051666666667,116.84226933333333,-2.1,2.5,NORMAL
2026-09-29T10:25:34,MATI,AMAN,0,0.0155,0,1,-1.2622051666666667,116.84226933333333,-2.1,2.5,NORMAL
2026-09-29T10:25:36,MATI,AMAN,0,0.0181,0,0,0.0,0.0,-2.1,2.5,NORMAL
2026-09-29T10:25:37,MATI,AMAN,0,0.0158,0,1,-1.2622095,116.8422705,-2.1,2.5,NORMAL
2026-09-29T10:25:39,MATI,AMAN,0,0.0171,0,1,-1.2622095,116.8422705,-2.1,2.5,NORMAL
2026-09-29T10:25:40,MATI,AMAN,0,0.0169,0,0,0.0,0.0,-2.1,2.5,NORMAL
2026-09-29T10:25:42,MATI,AMAN,0,0.0153,0,1,-1.2622128333333333,116.8422705,-2.2,2.6,NORMAL
2026-09-29T10:25:43,MATI,AMAN,0,0.0155,0,1,-1.2622128333333333,116.8422705,-2.2,2.6,NORMAL
2026-09-29T10:25:44,MATI,AMAN,0,0.0157,0,0,0.0,0.0,-2.2,2.5,NORMAL
2026-09-29T10:33:02,MATI,AMAN,0,0.0158,0,1,-1.2621165,116.84214233333333,-2.2,2.7,NORMAL
2026-09-29T10:33:03,MATI,AMAN,0,0.016,0,1,-1.2621165,116.84214233333333,-2.2,2.6,NORMAL
2026-09-29T10:33:05,MATI,AMAN,0,0.0157,0,0,0.0,0.0,-2.2,2.6,NORMAL
2026-09-29T10:33:06,MATI,AMAN,0,0.0149,0,1,-1.2621141666666666,116.84214766666666,-2.2,2.7,NORMAL
2026-09-29T10:33:08,MATI,AMAN,0,0.0148,0,1,-1.2621141666666666,116.84214766666666,-2.2,2.6,NORMAL
2026-09-29T10:33:09,MATI,AMAN,0,0.0142,0,0,0.0,0.0,-2.2,2.7,NORMAL
2026-09-29T10:33:11,MATI,AMAN,0,0.0155,0,1,-1.262099,116.842147,-2.2,2.7,NORMAL
2026-09-29T10:33:12,MATI,AMAN,0,0.0162,0,1,-1.262099,116.842147,-2.2,2.6,NORMAL
2026-09-29T10:33:14,MATI,AMAN,0,0.015,0,0,0.0,0.0,-2.2,2.7,NORMAL
2026-09-29T10:33:15,MATI,AMAN,0,0.0106,0,1,-1.2620863333333334,116.84214483333334,-2.2,2.6,NORMAL
2026-09-29T10:33:17,ON,IDLE,0,0.1337,0,1,-1.2620863333333334,116.84214483333334,-2.0,2.5,NORMAL
2026-09-29T10:33:18,MATI,AMAN,0,0.0146,0,0,0.0,0.0,-2.1,2.6,NORMAL
2026-09-29T10:33:20,MATI,AMAN,0,0.0161,0,1,-1.2620781666666667,116.84214616666667,-2.2,2.7,NORMAL
2026-09-29T10:33:22,MATI,AMAN,0,0.028,0,1,-1.2620781666666667,116.84214616666667,-2.2,2.7,NORMAL
2026-09-29T10:33:23,MATI,AMAN,0,0.0151,0,0,0.0,0.0,-2.2,2.7,NORMAL
2026-09-29T10:33:25,MATI,AMAN,0,0.0153,0,1,-1.2620688333333334,116.84214483333334,-2.1,2.6,NORMAL
2026-09-29T10:33:26,MATI,AMAN,0,0.0156,0,1,-1.2620688333333334,116.84214483333334,-2.2,2.7,NORMAL
2026-09-29T10:33:28,MATI,AMAN,0,0.0167,0,0,0.0,0.0,-2.3,2.7,NORMAL
2026-09-29T10:33:29,MATI,AMAN,0,0.016,0,1,-1.262066,116.8421455,-2.2,2.7,NORMAL
2026-09-29T10:33:31,MATI,AMAN,0,0.0157,0,1,-1.262066,116.8421455,-2.2,2.6,NORMAL
2026-09-29T10:33:32,MATI,AMAN,0,0.017,0,0,0.0,0.0,-2.2,2.7,NORMAL
2026-09-29T10:33:34,MATI,AMAN,0,0.018,0,1,-1.2620576666666667,116.8421475,-2.2,2.7,NORMAL
2026-09-29T10:33:35,MATI,AMAN,0,0.0183,0,1,-1.2620576666666667,116.8421475,-7.9,8.5,NORMAL
2026-09-29T10:33:37,MATI,AMAN,0,0.0194,0,0,0.0,0.0,-17.3,17.9,MIRING
2026-09-29T10:33:38,MATI,AMAN,0,0.0165,0,1,-1.2620558333333334,116.842146,-18.1,18.7,MIRING
2026-09-29T10:33:40,MATI,AMAN,0,0.0179,0,1,-1.2620558333333334,116.842146,-17.9,18.5,MIRING
2026-09-29T10:33:41,MATI,AMAN,0,0.0152,0,0,0.0,0.0,-17.4,17.9,MIRING
2026-09-29T10:33:43,MATI,AMAN,0,0.0167,0,1,-1.2620508333333333,116.84214533333333,-18.3,18.8,MIRING
2026-09-29T10:33:44,MATI,AMAN,0,0.0162,0,1,-1.2620508333333333,116.84214533333333,-14.4,14.9,MIRING
2026-09-29T10:33:46,MATI,AMAN,0,0.0288,0,0,0.0,0.0,-12.5,13.1,MIRING
2026-09-29T10:33:47,MATI,AMAN,0,0.0235,0,1,-1.2620458333333333,116.84214833333333,-11.4,11.9,NORMAL
2026-09-29T10:33:49,MATI,AMAN,0,0.0143,0,1,-1.2620458333333333,116.84214833333333,-11.5,12.0,NORMAL
2026-09-29T10:33:50,ON,IDLE,0,0.0509,0,0,0.0,0.0,-14.0,14.5,MIRING
2026-09-29T10:33:52,MATI,AMAN,0,0.0246,0,1,-1.2620425,116.84215033333334,-10.0,10.6,NORMAL
2026-09-29T10:33:53,MATI,AMAN,0,0.0167,0,1,-1.2620425,116.84215033333334,-17.0,17.3,MIRING
2026-09-29T10:33:55,MATI,AMAN,0,0.0232,0,0,0.0,0.0,-18.4,18.5,MIRING
2026-09-29T10:33:56,MATI,AMAN,0,0.0249,0,1,-1.262037,116.84214733333333,-18.9,19.5,MIRING
2026-09-29T10:33:58,MATI,AMAN,0,0.0248,0,1,-1.262037,116.84214733333333,-20.9,21.5,MIRING
2026-09-29T10:33:59,MATI,AMAN,0,0.0199,0,0,0.0,0.0,-16.4,17.0,MIRING
2026-09-29T10:34:01,MATI,AMAN,0,0.0163,0,1,-1.2620358333333332,116.842147,-16.1,16.7,MIRING
2026-09-29T10:34:02,MATI,AMAN,0,0.0219,0,1,-1.2620358333333332,116.842147,-17.3,17.9,MIRING
2026-09-29T10:34:04,MATI,AMAN,0,0.0264,0,0,0.0,0.0,-15.7,16.3,MIRING
2026-09-29T10:34:05,ON,IDLE,0,0.0645,0,1,-1.2620321666666667,116.8421485,-19.2,19.7,MIRING
2026-09-29T10:34:07,MATI,AMAN,0,0.0272,0,1,-1.2620321666666667,116.8421485,-18.5,19.1,MIRING
2026-09-29T10:34:08,ON,IDLE,0,0.0615,0,0,0.0,0.0,-18.3,18.9,MIRING
2026-09-29T10:34:10,MATI,AMAN,0,0.0224,0,1,-1.2620301666666667,116.84215066666667,-18.9,19.5,MIRING
2026-09-29T10:34:11,MATI,AMAN,0,0.0233,0,1,-1.2620301666666667,116.84215066666667,-19.2,19.8,MIRING
2026-09-29T10:34:13,MATI,AMAN,0,0.02,0,0,0.0,0.0,-16.2,16.7,MIRING
2026-09-29T10:34:14,ON,IDLE,0,0.1185,0,1,-1.2620261666666668,116.84215,-20.2,20.7,MIRING
2026-09-29T10:34:16,ON,IDLE,1,0.1198,0,1,-1.2620261666666668,116.84215,-19.9,20.5,MIRING
2026-09-29T10:34:17,MATI,AMAN,0,0.0207,0,0,0.0,0.0,-17.6,18.1,MIRING
2026-09-29T10:34:19,ON,IDLE,0,0.0543,0,1,-1.2620291666666668,116.842149,-16.7,17.3,MIRING
2026-09-29T10:34:20,ON,IDLE,1,0.038,0,1,-1.2620291666666668,116.842149,-19.4,19.9,MIRING
2026-09-29T10:34:22,MATI,AMAN,0,0.0289,0,0,0.0,0.0,-15.6,15.8,MIRING
2026-09-29T10:34:23,MATI,AMAN,0,0.0133,0,1,-1.262031,116.84215016666667,-15.3,15.7,MIRING
2026-09-29T10:34:25,MATI,AMAN,0,0.0189,0,1,-1.262031,116.84215016666667,-16.0,16.4,MIRING
2026-09-29T10:34:26,ON,IDLE,0,0.1075,0,0,0.0,0.0,-19.3,19.8,MIRING
2026-09-29T10:34:27,ON,IDLE,1,0.1094,0,1,-1.2620331666666667,116.84215,-18.6,19.2,MIRING
2026-09-29T10:34:29,MATI,AMAN,0,0.0177,0,1,-1.2620331666666667,116.84215,-15.6,16.1,MIRING
2026-09-29T10:34:30,ON,IDLE,0,0.13,0,0,0.0,0.0,-17.1,17.7,MIRING
2026-09-29T10:34:32,MATI,AMAN,0,0.0169,0,1,-1.2620385,116.84214833333333,-16.6,17.1,MIRING
2026-09-29T10:34:33,MATI,AMAN,0,0.0192,0,1,-1.2620385,116.84214833333333,-14.8,15.4,MIRING
2026-09-29T10:34:35,MATI,AMAN,0,0.017,0,0,0.0,0.0,-15.3,15.9,MIRING
2026-09-29T10:34:37,MATI,AMAN,0,0.0185,0,1,-1.2620465,116.84214633333333,-15.2,15.8,MIRING
2026-09-29T10:34:38,MATI,AMAN,0,0.0244,0,1,-1.2620465,116.84214633333333,-15.6,16.2,MIRING
2026-09-29T10:34:39,MATI,AMAN,0,0.0141,0,0,0.0,0.0,-14.9,15.4,MIRING
2026-09-29T10:34:41,ON,IDLE,0,0.0464,0,1,-1.2620586666666667,116.84214016666667,-15.1,15.7,MIRING
2026-09-29T10:34:42,ON,IDLE,1,0.045,0,1,-1.2620586666666667,116.84214016666667,-17.2,17.8,MIRING
2026-09-29T10:34:44,MATI,AMAN,0,0.0251,0,0,0.0,0.0,-16.2,16.8,MIRING
2026-09-29T10:34:45,MATI,AMAN,0,0.0243,0,1,-1.2620741666666666,116.8421305,-8.6,9.2,NORMAL
2026-09-29T10:34:46,ON,IDLE,0,0.0639,0,1,-1.2620741666666666,116.8421305,-2.4,3.0,NORMAL
2026-09-29T10:34:48,MATI,AMAN,0,0.0167,0,0,0.0,0.0,-1.8,2.3,NORMAL
2026-09-29T10:34:50,MATI,AMAN,0,0.0153,0,1,-1.262086,116.8421215,-1.9,2.4,NORMAL
2026-09-29T10:34:51,MATI,AMAN,0,0.0156,0,1,-1.262086,116.8421215,-1.8,2.3,NORMAL
2026-09-29T10:34:53,MATI,AMAN,0,0.0146,0,0,0.0,0.0,-1.8,2.4,NORMAL
2026-09-29T10:34:55,MATI,AMAN,0,0.0153,0,1,-1.2620831666666668,116.84212716666667,-1.8,2.4,NORMAL
2026-09-29T10:34:56,MATI,AMAN,0,0.0128,0,1,-1.2620831666666668,116.84212716666667,-1.9,2.4,NORMAL
2026-09-29T10:34:58,MATI,AMAN,0,0.0139,0,0,0.0,0.0,-1.9,2.5,NORMAL
2026-09-29T10:35:00,MATI,AMAN,0,0.024,0,1,-1.2620883333333333,116.8421265,-1.8,2.4,NORMAL
2026-09-29T10:35:01,MATI,AMAN,0,0.0143,0,1,-1.2620883333333333,116.8421265,-1.8,2.4,NORMAL
2026-09-29T10:35:03,MATI,AMAN,0,0.0158,0,0,0.0,0.0,-1.8,2.4,NORMAL
2026-09-29T10:35:04,MATI,AMAN,0,0.0144,0,1,-1.2620885,116.8421295,-1.8,2.4,NORMAL
2026-09-29T10:35:06,MATI,AMAN,0,0.0146,0,1,-1.2620885,116.8421295,-1.8,2.4,NORMAL
2026-09-29T10:35:07,MATI,AMAN,0,0.015,0,0,0.0,0.0,-1.8,2.4,NORMAL
2026-09-29T10:35:09,MATI,AMAN,0,0.0169,0,1,-1.262089,116.84213166666666,-1.8,2.4,NORMAL
2026-09-29T10:35:11,ON,AMAN,0,0.5109,0,1,-1.262089,116.84213166666666,-1.4,1.9,NORMAL
2026-09-29T10:35:12,ON,AMAN,0,1.0616,0,0,0.0,0.0,-2.6,3.1,NORMAL
2026-09-29T10:35:14,ON,AMAN,0,0.8688,0,1,-1.2620865000000001,116.8421365,-3.2,3.4,NORMAL
2026-09-29T10:35:15,ON,AMAN,0,0.8665,0,1,-1.2620865000000001,116.8421365,-2.0,2.6,NORMAL
2026-09-29T10:35:17,ON,AMAN,0,0.3365,0,0,0.0,0.0,-1.8,2.4,NORMAL
2026-09-29T10:35:18,ON,IDLE,0,0.1241,0,1,-1.2620885,116.84213716666666,-1.7,2.3,NORMAL
2026-09-29T10:35:20,ON,AMAN,0,0.5104,0,1,-1.2620885,116.84213716666666,-2.4,3.0,NORMAL
2026-09-29T10:35:21,MATI,AMAN,0,0.0146,0,0,0.0,0.0,-1.8,2.3,NORMAL
2026-09-29T10:35:23,MATI,AMAN,0,0.0149,0,1,-1.262092,116.8421365,-1.8,2.4,NORMAL
2026-09-29T10:35:24,MATI,AMAN,0,0.0153,0,1,-1.262092,116.8421365,-1.8,2.4,NORMAL
2026-09-29T10:35:26,ON,IDLE,0,0.0953,0,0,0.0,0.0,-2.2,2.6,NORMAL
2026-09-29T10:35:27,ON,AMAN,0,0.6955,0,1,-1.2621138333333333,116.84211716666667,-1.2,1.7,NORMAL
2026-09-29T10:35:29,ON,AMAN,0,0.6832,0,1,-1.2621138333333333,116.84211716666667,-2.6,3.1,NORMAL
2026-09-29T10:35:30,ON,AMAN,0,0.1965,0,0,0.0,0.0,-2.1,2.5,NORMAL
2026-09-29T10:35:32,ON,AMAN,0,0.4028,0,1,-1.2621246666666668,116.84210683333333,-2.5,3.1,NORMAL
2026-09-29T10:35:33,ON,AMAN,0,0.3637,0,1,-1.2621246666666668,116.84210683333333,-1.7,2.2,NORMAL
2026-09-29T10:35:35,ON,AMAN,0,0.2686,0,0,0.0,0.0,-1.8,2.4,NORMAL
2026-09-29T10:35:36,ON,AMAN,0,0.2119,0,1,-1.2621268333333333,116.84210983333334,-1.5,2.1,NORMAL
2026-09-29T10:35:38,ON,IDLE,0,0.1398,0,1,-1.2621268333333333,116.84210983333334,-2.2,2.7,NORMAL
2026-09-29T10:35:40,ON,AMAN,0,0.1913,0,0,0.0,0.0,-1.8,2.2,NORMAL
2026-09-29T10:35:41,ON,AMAN,0,0.5694,0,1,-1.262127,116.84211533333334,-1.3,1.8,NORMAL
2026-09-29T10:35:43,ON,IDLE,0,0.1645,0,1,-1.262127,116.84211533333334,-2.2,2.5,NORMAL
2026-09-29T10:35:44,ON,AMAN,0,0.5524,0,0,0.0,0.0,-2.0,2.5,NORMAL
2026-09-29T10:35:46,ON,AMAN,0,0.6161,0,1,-1.262122,116.84212433333333,-2.2,2.7,NORMAL
2026-09-29T10:35:48,ON,AMAN,0,0.2947,0,1,-1.262122,116.84212433333333,-1.7,2.2,NORMAL
2026-09-29T10:35:50,MATI,AMAN,0,0.014,0,0,0.0,0.0,-1.8,2.4,NORMAL
2026-09-29T10:35:51,MATI,AMAN,0,0.0151,0,1,-1.262109,116.84213066666666,-1.8,2.4,NORMAL
2026-09-29T10:35:52,MATI,AMAN,0,0.0155,0,1,-1.262109,116.84213066666666,-1.8,2.4,NORMAL
2026-09-29T10:35:54,MATI,AMAN,0,0.0157,0,0,0.0,0.0,-1.8,2.4,NORMAL
2026-09-29T10:35:55,MATI,AMAN,0,0.0165,0,1,-1.2621051666666667,116.842132,-1.9,2.5,NORMAL
2026-09-29T10:35:57,MATI,AMAN,0,0.0151,0,1,-1.2621051666666667,116.842132,-1.8,2.4,NORMAL
2026-09-29T10:35:59,MATI,AMAN,0,0.0149,0,0,0.0,0.0,-1.8,2.4,NORMAL
2026-09-29T10:36:00,MATI,AMAN,0,0.0161,0,1,-1.2621011666666666,116.84213483333333,-1.8,2.4,NORMAL
2026-09-29T10:36:01,MATI,AMAN,0,0.0158,0,1,-1.2621011666666666,116.84213483333333,-1.8,2.4,NORMAL
2026-09-29T10:36:03,MATI,AMAN,0,0.016,0,0,0.0,0.0,-1.8,2.4,NORMAL
2026-09-29T10:36:05,MATI,AMAN,0,0.0166,0,1,-1.2620946666666666,116.84213883333334,-1.7,2.3,NORMAL
2026-09-29T10:36:06,MATI,AMAN,0,0.0152,0,1,-1.2620946666666666,116.84213883333334,-1.8,2.3,NORMAL
2026-09-29T10:36:08,MATI,AMAN,0,0.0136,0,0,0.0,0.0,-1.8,2.4,NORMAL
2026-09-29T10:36:09,MATI,AMAN,0,0.016,0,1,-1.2620873333333333,116.84214533333333,-1.8,2.4,NORMAL
2026-09-29T10:36:11,MATI,AMAN,0,0.0159,0,1,-1.2620873333333333,116.84214533333333,-1.8,2.4,NORMAL
2026-09-29T10:36:12,MATI,AMAN,0,0.0158,0,0,0.0,0.0,-1.8,2.4,NORMAL
2026-09-29T10:36:14,MATI,AMAN,0,0.0154,0,1,-1.2620756666666666,116.84214733333333,-1.9,2.4,NORMAL
2026-09-29T10:36:15,MATI,AMAN,0,0.016,0,1,-1.2620756666666666,116.84214733333333,-1.8,2.4,NORMAL
2026-09-29T10:36:17,MATI,AMAN,0,0.0142,0,0,0.0,0.0,-1.9,2.4,NORMAL
2026-09-29T10:36:18,MATI,AMAN,0,0.0161,0,1,-1.2620665,116.84214316666667,-1.8,2.4,NORMAL
2026-09-29T10:36:20,MATI,AMAN,0,0.0156,0,1,-1.2620665,116.84214316666667,-1.9,2.4,NORMAL
2026-09-29T10:36:21,MATI,AMAN,0,0.016,0,0,0.0,0.0,-1.8,2.4,NORMAL
2026-09-29T10:36:23,MATI,AMAN,0,0.0158,0,1,-1.2620581666666666,116.8421415,-1.8,2.4,NORMAL
2026-09-29T10:36:25,MATI,AMAN,0,0.0157,0,1,-1.2620581666666666,116.8421415,-1.8,2.4,NORMAL
2026-09-29T10:36:26,MATI,AMAN,0,0.016,0,0,0.0,0.0,-1.8,2.4,NORMAL
2026-09-29T10:36:28,MATI,AMAN,0,0.016,0,1,-1.2620493333333334,116.84214533333333,-1.8,2.4,NORMAL
2026-09-29T10:36:30,MATI,AMAN,0,0.0151,0,1,-1.2620493333333334,116.84214533333333,-1.8,2.4,NORMAL
2026-09-29T10:36:31,MATI,AMAN,0,0.0155,0,0,0.0,0.0,-1.8,2.4,NORMAL
2026-09-29T10:36:33,MATI,AMAN,0,0.0149,0,1,-1.2620365,116.84215033333334,-1.8,2.3,NORMAL
2026-09-29T10:36:34,MATI,AMAN,0,0.0155,0,1,-1.2620365,116.84215033333334,-1.8,2.4,NORMAL
2026-09-29T10:36:36,MATI,AMAN,0,0.0159,0,0,0.0,0.0,-1.9,2.4,NORMAL
2026-09-29T10:36:37,MATI,AMAN,0,0.0163,0,1,-1.262024,116.84215716666667,-1.9,2.5,NORMAL
2026-09-29T10:36:39,ON,AMAN,0,0.8171,0,1,-1.262024,116.84215716666667,-0.3,0.9,NORMAL
2026-09-29T10:36:40,ON,AMAN,0,0.6515,0,0,0.0,0.0,-2.3,2.9,NORMAL
2026-09-29T10:36:42,ON,AMAN,0,0.5432,0,1,-1.2620143333333333,116.84216916666666,-2.2,2.5,NORMAL
2026-09-29T10:36:43,ON,IDLE,0,0.0947,0,1,-1.2620143333333333,116.84216916666666,-2.6,3.0,NORMAL
2026-09-29T10:36:45,ON,AMAN,0,0.4252,0,0,0.0,0.0,-1.7,1.6,NORMAL
2026-09-29T10:36:47,ON,AMAN,0,0.2749,0,1,-1.2620056666666666,116.84217866666667,-2.0,2.1,NORMAL
2026-09-29T10:36:48,ON,AMAN,0,0.1999,0,1,-1.2620056666666666,116.84217866666667,-2.8,2.8,NORMAL
2026-09-29T10:36:50,ON,AMAN,0,0.2737,0,0,0.0,0.0,-1.4,2.0,NORMAL
2026-09-29T10:36:51,ON,AMAN,0,0.2076,0,1,-1.2619976666666668,116.84219133333333,-1.9,2.5,NORMAL
2026-09-29T10:36:53,MATI,AMAN,0,0.0166,0,1,-1.2619976666666668,116.84219133333333,-1.8,2.3,NORMAL
2026-09-29T10:36:54,MATI,AMAN,0,0.0155,0,0,0.0,0.0,-1.8,2.4,NORMAL
2026-09-29T10:36:56,MATI,AMAN,0,0.014,0,1,-1.2619903333333333,116.8422035,-1.9,2.5,NORMAL
2026-09-29T10:36:57,MATI,AMAN,0,0.0147,0,1,-1.2619903333333333,116.8422035,-1.8,2.4,NORMAL
2026-09-29T10:36:59,MATI,AMAN,0,0.0159,0,0,0.0,0.0,-1.8,2.4,NORMAL
2026-09-29T10:37:00,MATI,AMAN,0,0.0157,0,1,-1.261987,116.8422115,-1.8,2.4,NORMAL
2026-09-29T10:37:02,MATI,AMAN,0,0.0161,0,1,-1.261987,116.8422115,-1.9,2.4,NORMAL
2026-09-29T10:37:03,MATI,AMAN,0,0.0155,0,0,0.0,0.0,-1.8,2.4,NORMAL
2026-09-29T10:37:05,MATI,AMAN,0,0.016,0,1,-1.2619825,116.84221666666667,-1.8,2.4,NORMAL
2026-09-29T10:37:06,MATI,AMAN,0,0.0163,0,1,-1.2619825,116.84221666666667,-1.9,2.4,NORMAL
2026-09-29T10:37:08,MATI,AMAN,0,0.0153,0,0,0.0,0.0,-1.9,2.5,NORMAL
2026-09-29T10:37:10,MATI,AMAN,0,0.0147,0,1,-1.2619776666666667,116.84222116666666,-1.3,1.9,NORMAL
2026-09-29T10:37:12,MATI,AMAN,0,0.0169,0,1,-1.2619776666666667,116.84222116666666,-1.7,2.3,NORMAL
2026-09-29T10:37:13,MATI,AMAN,0,0.0171,0,0,0.0,0.0,-1.7,2.3,NORMAL
2026-09-29T10:37:15,MATI,AMAN,0,0.0247,0,1,-1.2619706666666666,116.84222433333333,-1.7,2.3,NORMAL
2026-09-29T10:37:16,MATI,AMAN,0,0.0182,0,1,-1.2619706666666666,116.84222433333333,-1.7,2.3,NORMAL
2026-09-29T10:37:18,MATI,AMAN,0,0.0174,0,0,0.0,0.0,-1.7,2.3,NORMAL
2026-09-29T10:37:19,MATI,AMAN,0,0.0152,0,1,-1.2619686666666667,116.84222533333333,-1.8,2.4,NORMAL
2026-09-29T10:37:21,MATI,AMAN,0,0.0162,0,1,-1.2619686666666667,116.84222533333333,-1.9,2.4,NORMAL
2026-09-29T10:37:22,MATI,AMAN,0,0.0155,0,0,0.0,0.0,-1.8,2.4,NORMAL
2026-09-29T10:37:24,MATI,AMAN,0,0.0142,0,1,-1.2619675,116.842223,-1.9,2.4,NORMAL
2026-09-29T10:37:25,MATI,AMAN,0,0.0157,0,1,-1.2619675,116.842223,-1.8,2.4,NORMAL
2026-09-29T10:37:27,MATI,AMAN,0,0.0148,0,0,0.0,0.0,-1.8,2.4,NORMAL
2026-09-29T10:37:28,MATI,AMAN,0,0.0157,0,1,-1.2619645,116.84222166666666,-1.8,2.4,NORMAL
2026-09-29T10:37:30,MATI,AMAN,0,0.0145,0,1,-1.2619645,116.84222166666666,-1.8,2.3,NORMAL
2026-09-29T10:37:31,MATI,AMAN,0,0.0154,0,0,0.0,0.0,-1.8,2.4,NORMAL
2026-09-29T10:37:33,MATI,AMAN,0,0.0155,0,1,-1.2619611666666666,116.842218,-1.7,2.3,NORMAL
2026-09-29T10:37:35,MATI,AMAN,0,0.0151,0,1,-1.2619611666666666,116.842218,-1.8,2.4,NORMAL
2026-09-29T10:37:36,MATI,AMAN,0,0.016,0,0,0.0,0.0,-1.8,2.4,NORMAL
2026-09-29T10:37:38,MATI,AMAN,0,0.0152,0,1,-1.2619538333333333,116.84221883333333,-1.8,2.4,NORMAL
2026-09-29T10:37:39,MATI,AMAN,0,0.0159,0,1,-1.2619538333333333,116.84221883333333,-1.8,2.4,NORMAL
2026-09-29T10:37:41,MATI,AMAN,0,0.0145,0,0,0.0,0.0,-1.8,2.4,NORMAL
2026-09-29T10:37:42,MATI,AMAN,0,0.0166,0,1,-1.2619496666666667,116.84222416666667,-1.8,2.3,NORMAL
2026-09-29T10:37:44,MATI,AMAN,0,0.0154,0,1,-1.2619496666666667,116.84222416666667,-1.8,2.3,NORMAL
2026-09-29T10:37:45,MATI,AMAN,0,0.0156,0,0,0.0,0.0,-1.8,2.4,NORMAL
2026-09-29T10:37:47,MATI,AMAN,0,0.0149,0,1,-1.261946,116.842228,-1.8,2.4,NORMAL
2026-09-29T10:37:48,MATI,AMAN,0,0.0147,0,1,-1.261946,116.842228,-1.7,2.3,NORMAL
2026-09-29T10:37:50,MATI,AMAN,0,0.0218,0,0,0.0,0.0,-1.9,2.4,NORMAL
2026-09-29T10:37:51,MATI,AMAN,0,0.0157,0,1,-1.2619435,116.84223133333333,-1.8,2.4,NORMAL
2026-09-29T10:37:53,MATI,AMAN,0,0.0144,0,1,-1.2619435,116.84223133333333,-1.8,2.4,NORMAL
2026-09-29T10:37:54,MATI,AMAN,0,0.015,0,0,0.0,0.0,-1.8,2.4,NORMAL
2026-09-29T10:37:56,MATI,AMAN,0,0.0156,0,1,-1.261938,116.842235,-1.7,2.3,NORMAL
2026-09-29T10:37:57,MATI,AMAN,0,0.0159,0,1,-1.261938,116.842235,-1.8,2.4,NORMAL
2026-09-29T10:37:59,MATI,AMAN,0,0.0163,0,0,0.0,0.0,-1.9,2.4,NORMAL
2026-09-29T10:38:01,MATI,AMAN,0,0.0156,0,1,-1.2619291666666665,116.84224183333333,-1.9,2.5,NORMAL
2026-09-29T10:38:02,MATI,AMAN,0,0.016,0,1,-1.2619291666666665,116.84224183333333,-1.8,2.3,NORMAL
2026-09-29T10:38:03,MATI,AMAN,0,0.0154,0,0,0.0,0.0,-1.9,2.4,NORMAL
2026-09-29T10:38:05,MATI,AMAN,0,0.0158,0,1,-1.2619231666666666,116.8422465,-1.8,2.3,NORMAL
2026-09-29T10:38:06,MATI,AMAN,0,0.0158,0,1,-1.2619231666666666,116.8422465,-1.8,2.4,NORMAL
2026-09-29T10:38:08,MATI,AMAN,0,0.016,0,0,0.0,0.0,-1.8,2.4,NORMAL
2026-09-29T10:38:09,MATI,AMAN,0,0.0158,0,1,-1.2619161666666667,116.84224866666666,-1.8,2.4,NORMAL
2026-09-29T10:38:11,MATI,AMAN,0,0.0172,0,1,-1.2619161666666667,116.84224866666666,-1.9,2.4,NORMAL
2026-09-29T10:38:12,MATI,AMAN,0,0.0151,0,0,0.0,0.0,-1.8,2.4,NORMAL
2026-09-29T10:38:13,MATI,AMAN,0,0.0155,0,1,-1.261916,116.84224466666667,-1.8,2.4,NORMAL
2026-09-29T10:38:15,MATI,AMAN,0,0.0169,0,1,-1.261916,116.84224466666667,-1.8,2.4,NORMAL
2026-09-29T10:38:16,MATI,AMAN,0,0.0173,0,0,0.0,0.0,-1.9,2.4,NORMAL
2026-09-29T10:38:18,MATI,AMAN,0,0.0175,0,1,-1.2619196666666666,116.84224183333333,-1.8,2.4,NORMAL
2026-09-29T10:38:19,MATI,AMAN,0,0.0165,0,1,-1.2619196666666666,116.84224183333333,-1.9,2.4,NORMAL
2026-09-29T10:38:21,MATI,AMAN,0,0.0155,0,0,0.0,0.0,-1.8,2.4,NORMAL
2026-09-29T10:38:22,MATI,AMAN,0,0.0154,0,1,-1.261919,116.84223883333334,-1.8,2.4,NORMAL
2026-09-29T10:38:23,MATI,AMAN,0,0.0147,0,1,-1.261919,116.84223883333334,-1.8,2.4,NORMAL
2026-09-29T10:38:25,MATI,AMAN,0,0.0165,0,0,0.0,0.0,-1.9,2.4,NORMAL
2026-09-29T10:38:26,MATI,AMAN,0,0.016,0,1,-1.2619176666666667,116.84223483333334,-1.8,2.4,NORMAL
2026-09-29T10:38:28,MATI,AMAN,0,0.016,0,1,-1.2619176666666667,116.84223483333334,-1.7,2.3,NORMAL
2026-09-29T10:38:29,MATI,AMAN,0,0.016,0,0,0.0,0.0,-1.9,2.5,NORMAL
2026-09-29T10:38:31,MATI,AMAN,0,0.0162,0,1,-1.2619153333333333,116.84223383333334,-1.8,2.4,NORMAL
2026-09-29T10:38:32,MATI,AMAN,0,0.0167,0,1,-1.2619153333333333,116.84223383333334,-1.9,2.4,NORMAL
2026-09-29T10:38:33,MATI,AMAN,0,0.0158,0,0,0.0,0.0,-1.8,2.3,NORMAL
2026-09-29T10:38:35,MATI,AMAN,0,0.0155,0,1,-1.2619148333333334,116.84223166666666,-1.8,2.4,NORMAL
2026-09-29T10:38:36,MATI,AMAN,0,0.0162,0,1,-1.2619148333333334,116.84223166666666,-1.9,2.4,NORMAL
2026-09-29T10:38:38,MATI,AMAN,0,0.016,0,0,0.0,0.0,-1.9,2.4,NORMAL
2026-09-29T10:38:39,MATI,AMAN,0,0.0167,0,1,-1.2619161666666667,116.84222833333334,-1.8,2.4,NORMAL
2026-09-29T10:38:41,MATI,AMAN,0,0.015,0,1,-1.2619161666666667,116.84222833333334,-1.8,2.4,NORMAL
2026-09-29T10:38:42,MATI,AMAN,0,0.0158,0,0,0.0,0.0,-1.8,2.4,NORMAL
2026-09-29T10:38:43,MATI,AMAN,0,0.014,0,1,-1.2619106666666666,116.842228,-1.8,2.4,NORMAL
2026-09-29T10:38:45,MATI,AMAN,0,0.0145,0,1,-1.2619106666666666,116.842228,-1.8,2.4,NORMAL
2026-09-29T10:38:46,MATI,AMAN,0,0.0162,0,0,0.0,0.0,-1.8,2.4,NORMAL
2026-09-29T10:38:48,MATI,AMAN,0,0.0157,0,1,-1.261908,116.84222766666667,-1.8,2.4,NORMAL
2026-09-29T10:38:49,MATI,AMAN,0,0.0152,0,1,-1.261908,116.84222766666667,-1.8,2.4,NORMAL
2026-09-29T10:38:51,MATI,AMAN,0,0.0137,0,0,0.0,0.0,-1.8,2.4,NORMAL
2026-09-29T10:38:52,MATI,AMAN,0,0.0152,0,1,-1.2619008333333332,116.84223366666667,-1.9,2.5,NORMAL
2026-09-29T10:38:53,MATI,AMAN,0,0.0147,0,1,-1.2619008333333332,116.84223366666667,-1.7,2.3,NORMAL
2026-09-29T10:38:55,MATI,AMAN,0,0.0158,0,0,0.0,0.0,-1.9,2.5,NORMAL
2026-09-29T10:38:57,MATI,AMAN,0,0.0161,0,1,-1.2619018333333334,116.84224433333333,-1.8,2.4,NORMAL
2026-09-29T10:38:58,MATI,AMAN,0,0.0143,0,1,-1.2619018333333334,116.84224433333333,-1.8,2.3,NORMAL
2026-09-29T10:39:00,MATI,AMAN,0,0.0161,0,0,0.0,0.0,-1.9,2.5,NORMAL
2026-09-29T10:39:01,MATI,AMAN,0,0.0147,0,1,-1.2618985,116.84224966666666,-1.8,2.4,NORMAL
2026-09-29T10:39:03,MATI,AMAN,0,0.0157,0,1,-1.2618985,116.84224966666666,-1.9,2.4,NORMAL
2026-09-29T10:39:04,MATI,AMAN,0,0.0158,0,0,0.0,0.0,-1.8,2.4,NORMAL
2026-09-29T10:39:06,MATI,AMAN,0,0.0144,0,1,-1.2618963333333333,116.842255,-1.8,2.4,NORMAL
2026-09-29T10:39:07,MATI,AMAN,0,0.0152,0,1,-1.2618963333333333,116.842255,-1.8,2.3,NORMAL
2026-09-29T10:39:09,MATI,AMAN,0,0.0159,0,0,0.0,0.0,-1.8,2.3,NORMAL
2026-09-29T10:39:10,MATI,AMAN,0,0.0165,0,1,-1.2618951666666667,116.8422595,-1.8,2.3,NORMAL
2026-09-29T10:39:12,MATI,AMAN,0,0.0131,0,1,-1.2618951666666667,116.8422595,-1.8,2.3,NORMAL
2026-09-29T10:39:13,MATI,AMAN,0,0.0169,0,0,0.0,0.0,-1.7,2.3,NORMAL
2026-09-29T10:39:15,MATI,AMAN,0,0.0146,0,1,-1.2618968333333334,116.84226266666667,-1.8,2.3,NORMAL
2026-09-29T10:39:16,MATI,AMAN,0,0.0152,0,1,-1.2618968333333334,116.84226266666667,-1.8,2.4,NORMAL
2026-09-29T10:39:18,MATI,AMAN,0,0.0162,0,0,0.0,0.0,-1.8,2.4,NORMAL
2026-09-29T10:39:20,MATI,AMAN,0,0.0156,0,1,-1.2618946666666666,116.84226566666666,-1.8,2.4,NORMAL
2026-09-29T10:39:21,MATI,AMAN,0,0.0157,0,1,-1.2618946666666666,116.84226566666666,-1.8,2.4,NORMAL
2026-09-29T10:39:23,MATI,AMAN,0,0.0154,0,0,0.0,0.0,-1.8,2.4,NORMAL
2026-09-29T10:39:24,MATI,AMAN,0,0.0155,0,1,-1.2618986666666667,116.84226666666666,-1.8,2.4,NORMAL
2026-09-29T10:39:26,MATI,AMAN,0,0.0151,0,1,-1.2618986666666667,116.84226666666666,-1.7,2.3,NORMAL
2026-09-29T10:39:27,MATI,AMAN,0,0.0277,0,0,0.0,0.0,-1.8,2.3,NORMAL
2026-09-29T10:39:29,MATI,AMAN,0,0.0135,0,1,-1.2618981666666667,116.84227283333334,-1.8,2.4,NORMAL
2026-09-29T10:39:31,MATI,AMAN,0,0.0173,0,1,-1.2618981666666667,116.84227283333334,-1.9,2.4,NORMAL
2026-09-29T10:39:32,MATI,AMAN,0,0.0165,0,0,0.0,0.0,-1.8,2.4,NORMAL
2026-09-29T10:39:34,MATI,AMAN,0,0.0146,0,1,-1.2618983333333333,116.84227783333333,-1.8,2.3,NORMAL
2026-09-29T10:39:35,MATI,AMAN,0,0.0142,0,1,-1.2618983333333333,116.84227783333333,-1.8,2.4,NORMAL
2026-09-29T10:39:37,MATI,AMAN,0,0.016,0,0,0.0,0.0,-1.8,2.4,NORMAL
2026-09-29T10:39:38,MATI,AMAN,0,0.0162,0,1,-1.2619018333333334,116.84228166666666,-1.8,2.4,NORMAL
2026-09-29T10:39:40,MATI,AMAN,0,0.0161,0,1,-1.2619018333333334,116.84228166666666,-1.8,2.4,NORMAL
2026-09-29T10:39:41,MATI,AMAN,0,0.0152,0,0,0.0,0.0,-1.8,2.3,NORMAL
2026-09-29T10:39:43,MATI,AMAN,0,0.0162,0,1,-1.2619083333333334,116.842285,-1.8,2.4,NORMAL
2026-09-29T10:39:45,MATI,AMAN,0,0.0128,0,1,-1.2619083333333334,116.842285,-1.8,2.4,NORMAL
2026-09-29T10:39:46,MATI,AMAN,0,0.0171,0,0,0.0,0.0,-1.8,2.4,NORMAL
2026-09-29T10:39:48,MATI,AMAN,0,0.0179,0,1,-1.26191,116.84227866666667,-1.9,2.4,NORMAL
2026-09-29T10:39:49,MATI,AMAN,0,0.0149,0,1,-1.26191,116.84227866666667,-1.8,2.4,NORMAL
2026-09-29T10:39:51,MATI,AMAN,0,0.0155,0,0,0.0,0.0,-1.8,2.4,NORMAL
2026-09-29T10:39:53,MATI,AMAN,0,0.0148,0,1,-1.261911,116.842283,-1.8,2.4,NORMAL
2026-09-29T10:39:54,MATI,AMAN,0,0.016,0,1,-1.261911,116.842283,-1.8,2.4,NORMAL
2026-09-29T10:39:56,MATI,AMAN,0,0.0166,0,0,0.0,0.0,-1.8,2.4,NORMAL
2026-09-29T10:39:57,MATI,AMAN,0,0.0167,0,1,-1.2619168333333333,116.84228216666666,-1.9,2.4,NORMAL
2026-09-29T10:39:59,MATI,AMAN,0,0.0151,0,1,-1.2619168333333333,116.84228216666666,-1.9,2.4,NORMAL
2026-09-29T10:40:01,MATI,AMAN,0,0.016,0,0,0.0,0.0,-1.8,2.4,NORMAL
2026-09-29T10:40:02,MATI,AMAN,0,0.016,0,1,-1.261923,116.84228083333333,-1.8,2.4,NORMAL
2026-09-29T10:40:04,MATI,AMAN,0,0.015,0,1,-1.261923,116.84228083333333,-1.8,2.4,NORMAL
2026-09-29T10:40:05,MATI,AMAN,0,0.0158,0,0,0.0,0.0,-1.9,2.5,NORMAL
2026-09-29T10:40:07,MATI,AMAN,0,0.0151,0,1,-1.2619298333333333,116.84227966666667,-1.8,2.4,NORMAL
2026-09-29T10:40:08,MATI,AMAN,0,0.0161,0,1,-1.2619298333333333,116.84227966666667,-1.8,2.4,NORMAL
2026-09-29T10:40:10,MATI,AMAN,0,0.0164,0,0,0.0,0.0,-1.8,2.4,NORMAL
2026-09-29T10:40:11,MATI,AMAN,0,0.0152,0,1,-1.2619265,116.84229283333333,-1.9,2.4,NORMAL
2026-09-29T10:40:13,MATI,AMAN,0,0.0162,0,1,-1.2619265,116.84229283333333,-1.8,2.4,NORMAL
2026-09-29T10:40:15,MATI,AMAN,0,0.0188,0,0,0.0,0.0,-1.8,2.4,NORMAL
2026-09-29T10:40:17,MATI,AMAN,0,0.0156,0,1,-1.2619231666666666,116.8423025,-1.9,2.4,NORMAL
2026-09-29T10:40:19,MATI,AMAN,0,0.0129,0,1,-1.2619231666666666,116.8423025,-1.8,2.4,NORMAL
2026-09-29T10:40:20,MATI,AMAN,0,0.0135,0,0,0.0,0.0,-1.8,2.4,NORMAL
2026-09-29T10:40:22,MATI,AMAN,0,0.0161,0,1,-1.2619195,116.84231016666666,-1.9,2.4,NORMAL
2026-09-29T10:40:23,MATI,AMAN,0,0.0153,0,1,-1.2619195,116.84231016666666,-1.8,2.4,NORMAL
2026-09-29T10:40:25,MATI,AMAN,0,0.0153,0,0,0.0,0.0,-1.8,2.4,NORMAL
2026-09-29T10:40:26,MATI,AMAN,0,0.0157,0,1,-1.2619258333333334,116.8423085,-1.9,2.4,NORMAL
2026-09-29T10:40:28,MATI,AMAN,0,0.0143,0,1,-1.2619258333333334,116.8423085,-1.8,2.3,NORMAL
2026-09-29T10:40:30,MATI,AMAN,0,0.0159,0,0,0.0,0.0,-1.8,2.4,NORMAL
2026-09-29T10:40:31,MATI,AMAN,0,0.0149,0,1,-1.2619396666666667,116.842298,-1.8,2.4,NORMAL
2026-09-29T10:40:33,MATI,AMAN,0,0.0133,0,1,-1.2619396666666667,116.842298,-1.9,2.4,NORMAL
2026-09-29T10:40:34,MATI,AMAN,0,0.0151,0,0,0.0,0.0,-1.8,2.3,NORMAL
2026-09-29T10:40:36,MATI,AMAN,0,0.0152,0,1,-1.261948,116.84229183333333,-1.8,2.4,NORMAL
2026-09-29T10:40:38,MATI,AMAN,0,0.016,0,1,-1.261948,116.84229183333333,-1.8,2.4,NORMAL
2026-09-29T10:40:39,MATI,AMAN,0,0.0174,0,0,0.0,0.0,-1.8,2.4,NORMAL
2026-09-29T10:40:41,MATI,AMAN,0,0.017,0,1,-1.261953,116.84228783333333,-1.9,2.4,NORMAL
2026-09-29T10:40:42,MATI,AMAN,0,0.0156,0,1,-1.261953,116.84228783333333,-1.9,2.4,NORMAL
2026-09-29T10:40:44,MATI,AMAN,0,0.0169,0,0,0.0,0.0,-1.8,2.4,NORMAL
2026-09-29T10:40:46,MATI,AMAN,0,0.0175,0,1,-1.2619591666666667,116.84228433333334,-1.7,2.3,NORMAL
2026-09-29T10:40:47,MATI,AMAN,0,0.0171,0,1,-1.2619591666666667,116.84228433333334,-1.8,2.3,NORMAL
2026-09-29T10:40:49,MATI,AMAN,0,0.0156,0,0,0.0,0.0,-1.9,2.4,NORMAL
2026-09-29T10:40:50,MATI,AMAN,0,0.0292,0,1,-1.261964,116.84228233333333,-1.8,2.4,NORMAL
2026-09-29T10:40:52,MATI,AMAN,0,0.0149,0,1,-1.261964,116.84228233333333,-1.8,2.4,NORMAL
2026-09-29T10:40:54,MATI,AMAN,0,0.0161,0,0,0.0,0.0,-1.9,2.4,NORMAL
2026-09-29T10:40:55,MATI,AMAN,0,0.021,0,1,-1.2619695,116.84228133333333,-1.8,2.4,NORMAL
2026-09-29T10:40:57,MATI,AMAN,0,0.0135,0,1,-1.2619695,116.84228133333333,-1.9,2.4,NORMAL
2026-09-29T10:40:58,MATI,AMAN,0,0.0146,0,0,0.0,0.0,-1.9,2.4,NORMAL
2026-09-29T10:41:00,MATI,AMAN,0,0.016,0,1,-1.2619738333333332,116.84228066666667,-1.8,2.4,NORMAL
2026-09-29T10:41:01,MATI,AMAN,0,0.0177,0,1,-1.2619738333333332,116.84228066666667,-1.8,2.4,NORMAL
2026-09-29T10:41:03,MATI,AMAN,0,0.0126,0,0,0.0,0.0,-1.9,2.5,NORMAL
2026-09-29T10:41:05,MATI,AMAN,0,0.0161,0,1,-1.2619825,116.84227633333333,-1.7,2.3,NORMAL
2026-09-29T10:41:06,MATI,AMAN,0,0.0166,0,1,-1.2619825,116.84227633333333,-1.9,2.4,NORMAL
2026-09-29T10:41:07,MATI,AMAN,0,0.0126,0,0,0.0,0.0,-1.9,2.5,NORMAL
